code,market,ticker,name,bottleneck_theme,price,pct_chg,pe_ttm_or_dynamic,turnover_rate,high,low,circulating_mcap_yi,total_mcap_yi,pb,timestamp,report_date,notice_date,revenue,revenue_yoy_pct,parent_np,np_yoy_pct,gross_profit,eps,roe_pct,revenue_yi,parent_np_yi,ps_static
002270,SZ,002270.SZ,华明装备,电力接入/变压器分接开关,18.2,-3.65,23.25,2.05,19.29,18.2,163.11,163.11,5.23,20260708161500,2025年报,2026-02-27 00:00:00,2426794600.12,4.503984166499,709737360.27,15.536192044577,1322345727.75,0.79,22.04,24.2679460012,7.097373602699999,6.721211592935577
600312,SH,600312.SH,平高电气,UHV/GIS/高压开关,16.55,-2.47,19.09,1.24,17.0,16.45,224.57,224.57,1.96,20260708161440,2025年报,2026-04-11 00:00:00,12516931784.56,0.929882884996,1119833030.96,9.4472840188,2993545612.27,0.8253,10.28,125.16931784559999,11.198330309600001,1.794129774494846
002028,SZ,002028.SZ,思源电气,高压开关/无功补偿/电网设备,156.84,-5.09,37.72,1.47,169.88,156.58,957.99,1227.39,7.88,20260708161424,2025年报,2026-04-18 00:00:00,21539031405.33,39.338439172515,3150142665.04,53.735272885299,6628593829.37,4.04,22.63,215.39031405330002,31.5014266504,5.6984456585000975
601179,SH,601179.SH,中国西电,输变电一次设备,13.27,-2.28,51.48,1.65,13.63,13.22,680.2,680.2,2.95,20260708161457,2025年报,2026-04-11 00:00:00,23812998981.75,6.878046268084,1269679596.14,20.445536546794,5404244558.16,0.25,5.64,238.1299898175,12.696795961400001,2.8564230843888976
600089,SH,600089.SH,特变电工,变压器/电缆/新能源电力,20.05,-2.67,16.42,1.7,20.72,20.03,1013.08,1013.08,1.44,20260708161443,2025年报,2026-04-16 00:00:00,97318077030.24,-0.600816118375,5954294958.25,43.687328928891,18280894342.84,1.161,8.7546,973.1807703024001,59.5429495825,1.040998785544439
000400,SZ,000400.SZ,许继电气,换流阀/保护自动化,20.2,-1.7,19.22,1.17,20.58,20.19,204.36,205.76,1.71,20260708161421,2025年报,2026-04-11 00:00:00,14991906066.24,-12.272285773602,1167210009.73,4.502079915038,3501690688.07,1.1531,9.94,149.9190606624,11.6721000973,1.372473914196589
600406,SH,600406.SH,国电南瑞,电网自动化/柔直,22.51,-1.23,21.73,0.45,22.78,22.48,1802.64,1807.95,3.64,20260708161450,2025年报,2026-04-30 00:00:00,66228963223.21,14.525179185846,8278971723.32,8.787323481758,17111639370.62,1.04,16.26,662.2896322321,82.7897172332,2.7298479577684263
688676,SH,688676.SH,金盘科技,干式变压器/数据中心电力,77.35,-5.92,53.5,3.0,83.3,77.33,355.64,355.64,7.32,20260708161443,2025年报,2026-03-21 00:00:00,7294986636.41,5.711280274295,659538772.4,14.817921516143,1885972698.2,1.44,14.05,72.9498663641,6.595387724,4.8751288758359825
002837,SZ,002837.SZ,英维克,数据中心液冷/温控,72.12,1.16,190.45,4.81,74.79,70.5,815.29,919.06,27.89,20260708161436,2025年报,2026-04-21 00:00:00,6067759091.55,32.229195512763,521914773,15.29839948939,1690633310.57,0.54,16.58,60.677590915500005,5.21914773,15.146613208159314
002518,SZ,002518.SZ,科士达,UPS/数据中心电源,41.18,-10.01,37.55,4.01,46.1,41.18,232.73,239.76,5.09,20260708161500,2025年报,2026-04-27 00:00:00,5270259670.62,26.720053612848,610887824.39,54.967258917845,1527543164.35,1.05,13.36,52.7025967062,6.1088782439,4.549301457318788
002335,SZ,002335.SZ,科华数据,UPS/数据中心电源,36.3,0.86,64.13,3.76,36.88,35.05,239.48,273.85,4.29,20260708161427,2025年报,2026-04-27 00:00:00,8160262477.61,5.196141796191,417988029.54,32.620958341314,2003768834.23,0.83,7.09,81.6026247761,4.1798802954,3.3558969549249835
301018,SZ,301018.SZ,申菱环境,数据中心温控,117.88,-0.17,231.06,7.76,130.32,117.21,333.39,441.2,16.31,20260708161412,2025年报,2026-04-27 00:00:00,4209198844.25,39.553767805463,216777173.18,87.585786493402,1009723336.83,0.81,8.24,42.0919884425,2.1677717318000003,10.481804645620478
300308,SZ,300308.SZ,中际旭创,800G/1.6T光模块,1128.35,0.57,84.18,2.86,1179.3,1114.56,12524.01,12583.75,36.32,20260708161427,2025年报,2026-03-31 00:00:00,38239935640.67,60.253455931656,10797254300.45,108.784368121158,16074398513.9,9.8,43.84,382.3993564067,107.97254300450001,32.907351409390394
300502,SZ,300502.SZ,新易盛,高速光模块,510.84,0.15,66.32,3.55,533.38,498.13,6407.18,7122.42,36.69,20260708161406,2025年报,2026-04-24 00:00:00,24841854840.22,187.294321518788,9531922730.17,235.889666901085,11875804861.01,9.61,72.75,248.4185484022,95.3192273017,28.671047495489365
300394,SZ,300394.SZ,天孚通信,光器件/无源器件,245.68,0.65,123.39,3.97,253.2,240.2,2673.95,2679.94,49.02,20260708161421,2025年报,2026-04-08 00:00:00,5163432471.16,58.791412515246,2017266034.08,50.147573648317,2786327587,2.5958,41.91,51.6343247116,20.1726603408,51.90229590429665
002281,SZ,002281.SZ,光迅科技,光芯片/光模块,216.81,-2.19,173.18,5.06,226.02,213.32,1692.2,1794.24,12.98,20260708161454,2025年报,2026-04-23 00:00:00,11928697127.38,44.200312379129,946320781.21,43.096733712215,2794926083.38,1.21,9.88,119.28697127379999,9.4632078121,15.041374433773424
000988,SZ,000988.SZ,华工科技,激光/光模块,147.5,-3.97,87.28,4.38,154.87,145.5,1482.35,1483.12,12.97,20260708161436,2025年报,2026-03-26 00:00:00,14354760508.18,22.594119020867,1470794704.16,20.482885907452,3046094137.37,1.47,13.97,143.54760508180001,14.7079470416,10.331903476584301
688498,SH,688498.SH,源杰科技,激光芯片,1617.0,-5.72,565.42,3.52,1736.0,1616.01,1987.17,2013.17,81.68,20260708161435,2025年报,2026-03-25 00:00:00,601434509.56,138.501064331879,190924031.75,3212.61645356981,349478428.61,2.24,8.68,6.0143450955999995,1.9092403175,334.72804902279444
688048,SH,688048.SH,长光华芯,半导体激光芯片,413.99,0.73,2162.77,6.67,440.5,403.0,729.78,729.78,24.22,20260708161439,2025年报,2026-04-18 00:00:00,477377559.44,75.094722907479,21764076.48,121.821704312559,164878812.92,0.1242,0.73,4.7737755944,0.2176407648,152.87270747625573
002463,SZ,002463.SZ,沪电股份,AI服务器/交换机PCB,128.2,-1.17,57.35,2.37,132.5,125.13,2465.04,2467.03,15.59,20260708161448,2025年报,2026-03-25 00:00:00,18945220585,42.0017369822,3822306272,47.737015416548,6720923361,1.9875,28.57,189.45220585,38.22306272,13.021912249220719
002916,SZ,002916.SZ,深南电路,PCB/封装基板,402.33,-2.37,75.4,1.4,422.98,397.0,2674.73,2740.54,16.65,20260708161433,2025年报,2026-03-13 00:00:00,23646977088.98,32.05109247654,3275738151.27,74.467318684826,6695959142.76,4.91,20.79,236.4697708898,32.7573815127,11.589388316687424
600183,SH,600183.SH,生益科技,覆铜板/高速材料,145.46,-3.52,89.94,1.88,154.95,145.2,3483.04,3533.4,22.11,20260708161436,2025年报,2026-04-25 00:00:00,28431138459.44,39.448096835958,3333954377.92,91.753196637251,7526490446.96,1.39,21.25,284.3113845944,33.3395437792,12.427923014904119
603228,SH,603228.SH,景旺电子,PCB,62.5,-2.86,54.13,2.0,65.5,61.54,610.79,616.45,4.82,20260708161459,2025年报,2026-03-28 00:00:00,15308052020.33,20.922669961083,1230969813.3,5.298729280599,3304889184.58,1.3,10.35,153.0805202033,12.309698133,4.026965672584062
300604,SZ,300604.SZ,长川科技,半导体测试设备,317.22,4.24,127.95,6.36,332.18,287.59,1552.7,2012.5,40.01,20260708161454,2025年报,2026-04-25 00:00:00,5291542093.17,45.3111174427,1331383095.29,190.420215487814,2913239003.1,2.12,33.05,52.9154209317,13.3138309529,38.03239140056379
688012,SH,688012.SH,中微公司,刻蚀/MOCVD,423.0,0.7,148.47,2.88,439.31,402.0,3985.49,4051.67,14.69,20260708161449,2025年报,2026-03-31 00:00:00,12384638268.11,36.617900883745,2111472990.43,30.686679836527,4850499252.55,3.4,9.97,123.84638268110001,21.1147299043,32.71528737688613
688072,SH,688072.SH,拓荆科技,薄膜沉积设备,832.0,0.0,147.08,0.0,0.0,0.0,2352.01,2418.45,20.61,20260708161454,2025年报,2026-04-28 00:00:00,6519094874.63,58.868482685935,926703966.52,34.66505935321,2278570928.74,3.32,15.77,65.1909487463,9.2670396652,37.097941455212556
688120,SH,688120.SH,华海清科,CMP设备,295.0,6.88,132.97,3.79,298.0,262.5,1459.46,1459.46,19.25,20260708161448,2025年报,2026-04-23 00:00:00,4648227726.05,36.46258832312,1083724706.34,5.893724535711,1943595389.84,3.08,15.52,46.482277260500005,10.8372470634,31.398203487767347
688019,SH,688019.SH,安集科技,CMP抛光液/材料,316.09,5.36,87.43,5.28,323.8,284.24,719.08,719.08,15.98,20260708161458,2025年报,2026-04-16 00:00:00,2504217940.48,36.468513722689,783648337.86,46.848622683531,1420484536.56,4.66,25.18,25.0421794048,7.8364833786000005,28.714753152122586
002409,SZ,002409.SZ,雅克科技,电子材料/前驱体,190.0,2.25,89.82,10.65,196.52,175.11,605.19,904.26,11.37,20260708161415,2025年报,2026-04-28 00:00:00,8611469139.8,25.489252431199,1000316537.26,14.770104637052,2665894182.57,2.1018,12.59,86.11469139799999,10.0031653726,10.500647280041248
300054,SZ,300054.SZ,鼎龙股份,CMP垫/半导体材料,89.36,-2.08,102.61,6.96,92.38,83.0,664.1,851.83,15.87,20260708161421,2025年报,2026-03-27 00:00:00,3659907017.15,9.655438660452,720204539.6,38.31562198525,1861078632.95,0.77,12.83,36.5990701715,7.202045396,23.274635011447014
000519,SZ,000519.SZ,中兵红箭,超硬材料/军品,18.4,-9.98,113.74,7.66,20.42,18.4,256.23,256.23,2.47,20260708161436,2025年报,2026-04-24 00:00:00,9273941700.67,102.967369628806,41696043.16,112.738385821026,1330429817.85,0.0299,0.41,92.7394170067,0.41696043159999996,2.762902854796775
600378,SH,600378.SH,昊华科技,含氟材料/特气,62.51,-4.67,51.44,6.1,66.69,61.0,670.46,806.38,4.46,20260708161439,2025年报,2026-04-24 00:00:00,16688996654.92,19.494682541953,1444467040.45,37.072699286452,4214019857.65,1.1198,8.19,166.8899665492,14.4446704045,4.83180634925872
300395,SZ,300395.SZ,菲利华,石英材料/半导体,102.53,-3.41,111.87,3.79,107.77,100.49,525.51,539.03,10.62,20260708161448,2025年报,2026-04-24 00:00:00,2016348883.02,15.761606533738,443181969.44,41.044691022617,955276600.52,0.8513,10.15,20.1634888302,4.4318196944,26.732972876829937
002080,SZ,002080.SZ,中材科技,复材/高压气瓶/叶片,72.74,-2.1,62.18,2.73,78.69,72.06,1220.67,1220.67,6.19,20260708161451,2025年报,2026-03-20 00:00:00,30195487692.29,25.899251757243,1817776776.61,103.816974942648,5716510923.99,1.0832,9.49,301.9548769229,18.1777677661,4.042557657751232
002246,SZ,002246.SZ,北化股份,硝化棉/含能材料,17.49,-2.94,31.4,,,,,96.03,3.09,20260708161500,2025年报,,2750445726.33,41.262331530564,263023373.32,1029.21799917175,,,,27.5044572633,2.6302337332,3.4914341003243727
002226,SZ,002226.SZ,江南化工,民爆/工业炸药,4.55,-0.66,16.38,,,,,120.53,1.27,20260708161430,2025年报,,9981605095.51,0.195885599349,757548587.74,-18.022005198029,,,,99.8160509551,7.5754858774,1.207521223758068
002683,SZ,002683.SZ,广东宏大,矿服民爆/防务装备,28.6,-2.32,22.47,,,,,217.33,3.25,20260708161451,2025年报,,20369059705.04,49.203485757187,957184117.73,6.618375422117,,,,203.69059705040002,9.5718411773,1.0669613774376887
603977,SH,603977.SH,国泰集团,民爆/电子雷管,13.02,-5.79,32.47,,,,,80.89,2.39,20260708161454,2025年报,,2360639807.24,0.26107355401,252224399.49,39.546590839764,,,,23.606398072399998,2.5222439949,3.4266134016681917
002783,SZ,002783.SZ,凯龙股份,民爆/硝酸铵,7.13,-0.42,30.67,,,,,35.6,1.36,20260708161427,2025年报,,3544062429.99,-3.853290548134,142417411.44,-3.873902302551,,,,35.440624299899994,1.4241741144,1.0044969777832176
002827,SZ,002827.SZ,高争民爆,民爆,22.9,-2.59,33.42,,,,,63.44,6.1,20260708161412,2025年报,,1827479738.68,7.987004450775,198010769.83,33.639279550099,,,,18.2747973868,1.9801076983,3.4714475163387095
603227,SH,603227.SH,雪峰科技,民爆/硝酸铵,7.09,0.14,15.65,,,,,75.98,1.5,20260708161459,2025年报,,5563814680.23,-8.807860706975,503671351.53,-24.648849507598,,,,55.63814680229999,5.0367135153,1.3656098264735717
600549,SH,600549.SH,厦门钨业,钨/稀土/材料,63.49,-4.41,33.23,,,,,1007.96,5.71,20260708161441,2025年报,,46264582688.14,30.791260252247,2309374213.97,34.888714212238,,,,462.6458268814,23.093742139699998,2.178686030293303
000657,SZ,000657.SZ,中钨高新,钨硬质合金,73.95,-3.76,86.46,,,,,1685.03,16.58,20260708161436,2025年报,,17638510948.37,19.344480774895,1280667298.04,29.197482334581,,,,176.38510948369998,12.8066729804,9.553130674875456
002155,SZ,002155.SZ,湖南黄金,锑/黄金,22.91,-0.65,20.44,,,,,358.0,4.34,20260708161457,2025年报,,50181265325.14,80.258281935176,1487994929.97,75.772983885744,,,,501.8126532514,14.8799492997,0.7134136568307053
601020,SH,601020.SH,华钰矿业,锑/有色,21.02,-2.55,20.14,,,,,172.36,4.01,20260708161448,2025年报,,2070622505.07,28.305371563476,870733068.99,243.725475793288,,,,20.7062250507,8.707330689900001,8.324066775956014
600111,SH,600111.SH,北方稀土,稀土,46.02,-3.01,60.75,,,,,1663.65,6.62,20260708161450,2025年报,,42563083233.34,29.110831359205,2251272073.68,124.168456389819,,,,425.63083233339995,22.5127207368,3.9086689065251976
000831,SZ,000831.SZ,中国稀土,稀土,48.66,-4.1,216.5,,,,,516.39,10.5,20260708161406,2025年报,,3182090218.84,5.111470531018,172576348.02,160.150591780447,,,,31.8209021884,1.7257634802000001,16.22801254793602
300748,SZ,300748.SZ,金力永磁,稀土永磁,29.7,-6.28,55.37,,,,,408.55,5.54,20260708161418,2025年报,,7717521714.96,14.109001621754,705606447.34,142.440587871333,,,,77.1752171496,7.0560644734,5.2937978678835185
