选项,指标,20260331,20251231,20250930,20250630,20250331,20241231,20240930,20240630,20240331,20231231,20230930,20230630,20230331,20221231,20220930,20220630,20220331,20211231,20210930,20210630,20210331,20201231,20200930,20200630,20200331,20191231,20190930,20190630,20190331,20181231,20180930,20180630,20180331,20171231,20170930,20170630,20170331,20161231,20160930,20160630,20160331,20151231,20150930,20150630,20150331,20141231,20140930,20140630,20140331,20131231,20130930,20130630,20130331,20121231,20120930,20120630,20120331,20111231,20110930,20110630,20110331,20101231,20100930,20100630,20100331,20091231,20090930,20090630,20090331,20081231,20080930,20080630,20080331,20071231,20070930,20070630,20070331,20061231,20060930,20060630,20060331,20051231,20050930,20050630,20050331,20041231,20040930,20040630,20040331,20031231,20030930,20030630,20021231,20011231
常用指标,归母净利润,138398706.21,941601686.09,801171565.94,672066877.31,361413759.19,1083622881.88,954526387.18,718477263.45,331257150.18,691880495.68,563923339.31,344942841.46,179223645.37,627794828.71,426372120.55,224850314.74,77630695.05,568280771.91,631451828.25,426135085.6,220707073.48,648792627.72,630835912.16,326589943.5,135423833.58,656367198.52,574634300.18,372338948.49,185164751.66,705521698.02,576991663.21,410385515.07,173325640.76,515802593.36,445985606.85,357265076.14,159546917.21,476933718.37,384004748.69,289827683.47,102881166.75,529991990.67,140685716.76,122767067.08,52569957.03,189991042.57,124804526.75,102090381.24,39774327.44,132787532.96,88433422.14,75419178.43,36060651.52,127865513.03,74110340.42,54360234.14,30508959.88,120032511.26,65560713.88,50662121.76,29625406.89,108111439.29,76879653.91,48705978.75,27375260.29,89052252.7,56619697.27,33580210.86,20925102.32,59418978.57,44595164.88,29618764.12,19122484.33,94029958.72,66831732.58,40687136.67,22808065.18,50889505.61,40684719.96,30647683.35,20145408.41,58686121.1,49030395.39,36845225.32,15942097.77,36830121.78,32027248.42,18056807.02,9516344.95,23432904.83,24270757.97,17486034.32,21897462.54,14575112.9
常用指标,营业总收入,2064308731.95,9363074210.11,6920393170.38,4877673521.93,2606778071.34,10937525114.43,8593322350.59,5960093922.86,3123407807.27,12069930213.38,9161881346.47,6444526273.17,3417169160.61,12959320533.56,9719160020.44,6387024045.16,3244221809.47,13944948270.25,10710170799.63,7632136688.61,3928811589.68,12556281595.67,9363726744.19,6211855587.54,3303053252.67,12199106725.48,9024402603.44,6255380073.9,3174548215.12,11320781393.69,8484933557.9,5853255169.05,3109236551.88,8517753726.31,6586779944.63,4579660856.59,2367047156.71,9125774773.35,6626164398.24,4581792821.21,2168912652.67,8987612304.14,2100006834.19,1442996876.24,768101049.74,2748835668.7,2020294629.23,1371569315.74,634814129.88,2349747994.32,1878094133.17,1279713134.13,667682431.4,2201640377.28,1598356519.88,912417105.04,411359141.06,1702623275.22,1210299328.77,869492841.29,432147729.37,1422963645.91,1139951121.38,774037377.62,392318298.3,1164233728.34,949011524.94,679097472.51,291901349.86,825120361.33,556998212.59,374170588.94,177717210.37,624322933.38,489219506.23,331224781.13,165577887.12,547055285.85,430512192.4,315680171.67,179305210.49,504608317.68,409173223.11,292463071.32,140763416.38,358749813.38,270680953.43,183022570.67,101536130.34,382964761.45,244312011.16,160736781.9,228052131.43,149358536.62
常用指标,营业成本,1831280671.98,8138476387.82,5860075336.79,3975475386.48,2109040170.15,9209243716.28,7149548193.4,4938858986.31,2626556816.56,10999674408.49,8245179979.15,5801514728.87,3077218082.04,12043987457.01,9013362094.64,5960712372.43,3042249476.76,12900855784.12,9829243735.14,6948475953.7,3555802740.57,11565243766.16,8458535558.27,5697161152.94,3031366282.88,11154095825.15,8150863395.35,5607835620.74,2836176389.74,10438656636.6,7568907588.81,5182477443.65,2812224614.85,7720514434.93,5863221431.28,3981669224.73,2067486682.13,8231244687.67,5890965408.41,4021888296.17,1941459683.47,8021163165.08,1863962071.17,1245857638.66,671451254.28,2495794390.8,1824286923.05,1213337293.83,565424930.55,2173053453.67,1727281829.75,1162992699.82,603207038.11,2030583630.83,1481793010.86,828716948.51,366782932.16,1548738055.99,1112572709.83,792719357.94,389321589.62,1283302559.27,1030678242.22,702688771.52,353230246.0,1047500468.49,860882364.87,626451199.49,259970256.39,741778216.73,484498098.43,324065668.94,151665774.21,503498404.26,399265801.5,273179708.06,132495995.86,471838132.09,366472442.28,268474589.91,149159267.21,425238997.07,342780283.69,240243138.31,118300149.06,303012334.9,221820599.08,154304969.69,86964529.76,345832032.69,209324815.19,135461023.06,198602362.87,130981131.69
常用指标,净利润,192139353.79,1142165623.26,933228902.01,770180065.38,423539746.92,1332079710.25,1199446643.61,886887725.63,425858272.14,964610734.18,797503959.2,514521310.56,274261401.19,867484979.36,604173833.75,330017532.36,136080784.29,821145853.02,799702644.46,541049057.92,290590309.58,900046866.22,792052011.94,427914866.04,183256375.41,928467067.03,787530212.44,525814658.05,261435748.36,1069979572.65,809732186.79,575258204.58,258631262.02,818572126.27,671789626.57,524753028.55,248856782.3,854031531.27,655370846.36,489326260.51,191237740.01,890257551.32,200930567.84,163237847.17,74842914.26,247535016.36,175017574.71,142286220.41,61850649.36,187514808.65,135581902.09,106605557.31,54220277.42,165662932.67,100635684.03,72562661.81,38466935.69,146917665.35,86045547.69,66719638.69,37273582.89,133120448.96,95792312.46,63678202.89,34878474.22,108702761.29,72929406.07,45439881.4,27727090.73,78065536.24,57791857.68,38350520.83,22967375.63,113108036.3,81488119.22,49528914.39,27987729.06,66815851.52,54179259.62,40070015.18,25611909.89,70530903.05,58819574.51,44145502.79,18943818.17,48655110.75,41925697.67,24065166.23,12405854.67,33238467.91,32247184.96,22738914.5,26418523.3,17289459.32
常用指标,扣非净利润,145925074.51,849182430.15,739392587.5,637110045.15,346267746.25,1043284677.64,927008701.45,683409070.03,325926581.84,683151372.17,530121864.54,322166595.06,170602081.68,552660279.79,356018230.66,194756928.05,66126346.76,497119038.98,577892367.99,410936464.5,217253516.41,516310228.88,548728417.99,269144868.41,129347169.4,589911830.53,533040215.7,351744120.91,167185223.81,418688597.38,538633924.97,389228025.02,168247471.94,425961453.27,415176269.82,354337062.2,153811045.83,162304431.35,82904766.98,69397876.1,35305143.78,208970781.38,123616163.1,114698988.73,51974259.37,154197950.86,114390084.16,93240812.23,38012438.63,100396210.16,75334065.47,63489734.95,30529234.51,106026210.61,71283791.19,51451992.3,29726460.8,109811199.83,62096572.13,49217162.99,28755446.07,98561331.71,74595889.16,47113976.02,26961586.43,78164152.5,58460558.19,32605136.51,20248647.96,50342713.16,44291868.97,29261489.13,18624710.9,92701669.88,66987698.72,40827854.98,23034965.0,49129038.68,40769070.38,30723463.84,20188849.95,56507486.19,48004398.62,36768092.34,15844822.24,34476189.13,31062026.7,17999537.25,,21871693.67,,,18328599.81,12135070.19
常用指标,股东权益合计(净资产),16036863138.52,15844723784.73,15698581518.33,15669649950.9,15745504119.93,15321964373.01,15193049467.16,15088420838.23,14764071956.19,14338213684.05,14197020152.37,13976423338.72,12426952484.33,12152721657.92,10707232516.73,10512969418.45,10503229754.89,10369858489.53,10438609629.24,10184240641.08,10109961610.64,9819365886.62,9761949561.42,9476769063.15,9386464016.44,9203194060.49,9166630225.38,8946985679.99,8582797595.3,8443283797.45,8153406327.19,8033144018.14,7906405015.56,7647773753.54,7406538973.37,7264594400.18,7187338786.15,6938482003.85,1752814362.24,1713534092.66,1659842333.91,5786509786.32,1522323514.23,1485289323.83,1466994702.33,1392151788.07,1306970938.24,1307165381.97,1357989880.86,1307104032.96,1269025066.73,1277388926.06,1228034516.04,1280512852.64,1141451259.62,1111205565.84,977096270.43,947629334.74,886757217.08,867431308.08,846085252.28,837585009.59,800256873.09,768142763.52,739343034.85,713464560.63,681010222.91,657425101.78,639712311.11,671644705.04,616922902.13,597481565.28,582098420.08,594288626.45,562668709.37,530709504.54,535325901.21,514088172.15,501423391.17,487314146.73,499047156.2,478835246.32,467123917.78,452449846.06,460820704.81,441876886.65,435161715.68,412007285.71,,142995511.03,,,114676247.12,95115381.91
常用指标,商誉,160151939.27,160151939.27,160151939.27,160151939.27,160151939.27,160151939.27,160151939.27,160151939.27,160151939.27,160151939.27,160151939.27,160151939.27,160151939.27,160151939.27,160151939.27,160151939.27,160151939.27,160151939.27,292298077.77,292298077.77,292298077.77,292298077.77,337053997.77,337053997.77,337053997.77,337053997.77,337053997.77,337053997.77,337053997.77,337053997.77,396864280.62,396864280.62,396864280.62,396864280.62,396864280.62,396864280.62,396864280.62,396864280.62,72172949.39,72172949.39,72172949.39,424421726.17,72172949.39,72172949.39,72172949.39,72172949.39,74795545.33,74795545.33,,,,,,,,,,,,,,,,,,,,,,,,,,,,,,,,,,,,,,,,,,,,,,
常用指标,经营现金流量净额,-363313939.57,1698089053.33,1141629735.11,667980265.9,304807330.15,2255980695.78,2026459944.63,1817007399.22,711404907.55,1720373788.04,1446542946.66,911702649.79,269560307.91,2855633105.16,1965774395.17,1267482369.82,416829177.52,1679662393.87,1372864799.01,443743223.9,105013866.79,1560179011.64,1221116088.41,479631609.94,-336707670.92,1270137212.46,1995535332.85,1378885842.13,248072812.28,1669140575.9,825744301.35,268786311.87,247783653.05,2314541656.95,610326087.48,171977337.85,-2183792.98,838576838.24,399371719.46,142029347.9,182172565.91,1665668745.3,167013843.35,-13324481.69,-64100224.27,258514766.29,171676079.61,194944618.43,-7236874.05,207496007.55,87106548.91,16384231.3,71219604.83,265875734.24,68217568.87,50874607.05,-1010723.34,136123080.29,118617140.44,68945205.43,48443988.68,115105986.84,53458966.87,65567218.63,21659059.17,97434742.14,119131558.85,89691766.28,18922590.52,81370778.43,44552195.85,8990045.57,-10186088.26,82308036.53,33330432.48,24835432.72,-8412814.63,73595327.59,59621502.05,32074260.69,13775067.88,57898132.76,59485246.0,45826415.39,22157452.25,17016393.71,35419819.65,14865101.9,,17116951.16,,,7443378.97,
常用指标,基本每股收益,0.1032,0.7021,0.5974,0.5011,0.2695,0.808,0.7117,0.5357,0.247,0.5433,0.4508,0.286,0.1529,0.6113,0.4152,0.2189,0.0756,0.5534,0.6149,0.4149,0.2149,0.6318,0.6143,0.318,0.1319,0.6243,0.544,0.3525,0.1753,0.6461,0.5227,0.3698,0.1562,0.4648,0.4016,0.3217,0.1437,0.4298,0.8117,0.6126,0.2175,1.1203,0.4889,0.4267,0.1827,0.6603,0.4338,0.3548,0.1382,0.4615,0.3073,0.2621,0.1253,0.4444,0.2576,0.1889,0.106,0.4172,0.2279,0.1761,0.103,0.3757,0.2672,0.1693,0.0951,0.3095,0.1968,0.1167,0.0727,0.1874,0.155,0.1029,0.0665,0.3595,0.2555,0.1555,0.0872,0.1945,0.1555,0.1172,0.077,0.4487,,0.2817,,0.5015,,,,0.43,,,0.4,0.269
常用指标,每股净资产,10.376919,10.273726,10.168949,10.172687,10.114534,9.845058,9.748588,9.672586,9.483952,9.236961,9.141349,8.978054,8.723007,8.570125,8.429448,8.232403,8.188285,8.113438,8.175732,7.976624,7.879174,7.664032,7.649871,7.353456,7.266521,7.134671,6.887932,6.693633,6.619239,6.443932,6.290332,5.884799,5.718949,5.562767,5.408301,5.328406,10.560549,18.894174,4.948867,4.875384,4.748723,4.616849,4.34291,4.280634,4.238875,4.056171,3.789937,3.813504,3.596928,3.458695,3.304545,3.392974,3.264086,3.140552,2.995082,2.920785,2.937891,2.831859,2.642546,2.590766,2.517655,2.514693,2.406149,2.308233,2.2341,2.138959,2.037776,1.965211,1.921229,1.916656,1.884268,1.832219,1.79574,2.002209,1.89823,1.79828,1.829929,1.733619,1.703914,1.665542,3.451041,3.29701,3.223183,3.130015,4.788718,4.605879,4.548614,4.367244,,2.106539,,,1.765829,1.457328
常用指标,每股现金流,-0.270892,1.266122,0.851217,0.498056,0.227269,1.682095,1.510961,1.35479,0.530434,1.282738,1.078565,0.67978,0.229983,2.436368,1.914125,1.234181,0.405881,1.63556,1.336818,0.432093,0.102256,1.519221,1.18906,0.467044,-0.327872,1.236817,1.014318,0.619838,-0.272528,1.580286,0.781786,0.2422,0.223275,2.085609,0.549616,0.15487,-0.003933,2.914422,0.61002,0.498744,0.083001,0.787696,0.580446,-0.046308,-0.222776,0.898452,0.596649,0.677518,-0.025151,0.721139,0.302733,0.083745,0.262647,0.672189,0.302366,0.176811,-0.003512,0.473087,0.412246,0.239614,0.168364,0.400043,0.185793,0.20926,0.05699,0.338628,0.414034,0.311718,0.065764,0.201729,0.154838,0.031244,-0.035401,0.314662,0.127421,0.094945,-0.032162,0.281353,0.227932,0.122619,0.105323,0.442687,0.454822,0.350387,0.254122,0.19516,0.406228,0.170487,,0.315857,,,0.137352,
常用指标,净资产收益率(ROE),1.0,6.97,5.93,4.96,2.7,8.45,7.45,5.64,2.64,6.02,5.01,3.2,1.72,7.09,4.84,2.58,0.9,6.8,7.52,5.12,2.68,8.25,8.02,4.21,1.77,9.05,8.15,5.34,2.68,10.89,8.96,6.43,2.77,8.78,7.61,6.1,2.76,9.38,9.73,7.34,2.62,14.34,11.37,9.99,4.41,17.69,11.8,9.76,3.92,13.05,8.63,7.41,3.61,13.79,8.05,6.46,3.68,15.75,8.89,6.9,4.01,16.15,11.76,7.61,4.35,15.49,,5.53,,10.11,,5.59,,19.2,,8.54,,11.53,,6.93,,13.57,,8.77,,14.28,,,,21.81,,,25.91,23.67
常用指标,总资产报酬率(ROA),1.286531,6.798813,5.699942,4.683251,2.608938,8.700247,7.532149,5.620828,2.639907,5.922859,5.034302,3.396896,1.773475,5.640421,4.408814,2.54002,1.098861,5.512662,5.19547,3.644525,1.971512,6.490248,5.758912,3.277478,1.408731,7.402974,6.01679,4.230315,2.22845,9.543976,7.148168,5.027371,2.466369,8.000329,6.772015,5.063194,2.559573,9.168845,3.087585,2.422053,1.046954,11.188859,7.898751,6.323289,2.958507,10.193138,6.855014,5.356364,2.353053,8.284645,6.27019,4.759895,2.670914,10.377913,7.151223,5.01776,3.22019,13.566215,8.694105,6.763767,3.890133,15.179978,11.424572,7.562381,4.197863,14.050873,9.463947,5.797357,3.716313,11.261413,10.207497,7.121927,3.92119,20.086778,15.260112,9.38367,5.532496,13.202766,10.547589,8.294917,4.754384,14.781622,12.380437,10.085628,4.219524,15.25674,13.316708,7.699739,,17.175525,,,18.177192,12.488071
常用指标,毛利率,30.198582,32.42526,33.29299,36.034345,37.095295,39.243894,39.688323,39.631262,40.774065,38.325963,38.880023,39.171632,40.509059,38.078832,39.756875,40.602809,42.622341,43.720544,44.230843,43.481542,45.546321,47.075996,46.387309,45.274398,43.867179,49.678038,51.296774,51.329126,52.054704,48.776206,49.930165,48.722892,48.190018,43.334306,39.319533,38.513892,39.406191,36.149687,50.340779,50.894976,51.47074,49.357768,48.174174,48.308354,45.81888,46.384726,45.29528,45.596352,46.866917,41.747075,39.583518,39.362791,38.207996,33.724474,33.860637,34.619447,34.19839,31.074758,32.670158,31.697386,31.647524,30.605188,30.322047,31.013891,31.982823,29.746105,29.45691,28.314153,33.354251,36.480657,36.565861,35.035543,32.954865,36.296198,36.31415,35.300675,36.468772,34.98033,34.641412,33.423281,33.604295,37.085482,38.986956,41.217221,39.798965,39.682858,41.734316,41.998351,38.494232,31.530886,38.408918,41.165805,39.392074,54.019184
常用指标,销售净利率,9.307684,12.198617,13.4852,15.789906,16.247633,12.178986,13.957891,14.880432,13.634411,7.99185,8.704587,7.983849,8.025982,6.693907,6.216317,5.166999,4.194558,5.888482,7.466759,7.08909,7.396392,7.1681,8.458726,6.88868,5.54809,7.610943,8.726674,8.405798,8.235368,9.451463,9.543176,9.828004,8.318159,9.610187,10.199059,11.458338,10.513385,9.358455,8.685467,9.808807,9.306927,10.869808,9.568091,11.312418,9.743889,9.005086,8.662972,10.373972,9.743111,7.980209,7.219121,9.076029,9.095823,7.557475,6.960278,7.952794,9.35118,8.6289,7.109443,7.673397,8.625194,9.355154,8.403194,8.22676,8.890351,9.33685,7.684775,6.691216,9.498788,10.561454,10.375591,10.249474,12.923551,18.116911,16.65676,14.953263,16.903059,12.143033,12.590549,12.697378,14.285578,14.029128,14.443408,15.185945,13.626855,13.570649,15.497278,13.153286,12.223612,8.680415,13.201141,14.149878,11.608247,11.595737
常用指标,期间费用率,17.682517,18.122482,16.95528,16.496082,17.025615,22.239801,21.818355,21.363326,23.63722,28.314508,27.830459,28.18107,29.710417,30.133558,31.66564,33.0754,35.530998,35.305168,35.10403,33.665801,35.118523,38.169143,35.751382,36.039845,34.693737,39.986969,40.667801,40.036448,40.2438,39.7341,37.810294,35.859365,36.571588,32.095898,26.417529,23.273009,24.40858,24.357024,38.849192,37.526687,37.965028,35.168502,35.379528,33.139051,31.790434,35.807821,34.707581,33.009082,34.758811,32.812532,30.550183,28.186137,26.283202,24.886044,25.335056,25.022936,22.944872,21.225305,24.01474,21.990312,20.716009,20.421922,20.098826,21.03002,20.970432,19.272566,19.836408,19.958241,21.841325,24.853179,23.205588,21.280166,18.239137,16.169945,17.532083,17.510208,16.220405,20.954695,19.475659,18.182469,16.419603,21.42863,22.891304,23.620189,24.643637,23.953906,23.465463,26.124565,23.971486,21.646162,23.856124,25.190992,26.34038,41.47685
常用指标,资产负债率,17.589492,17.590628,18.789803,20.317743,18.538608,23.219716,24.285232,24.441976,25.629243,25.909443,25.48007,26.256111,34.44999,38.092168,42.123794,44.95968,46.109227,45.622026,46.569817,48.576686,47.281878,46.196596,47.43249,46.851143,49.08854,47.823154,49.175799,51.327184,48.206054,48.71627,50.513827,50.860221,50.508523,49.588162,50.842502,52.045663,52.682032,53.78989,58.500042,59.822859,61.320985,61.047415,63.468453,64.89852,64.271698,63.453061,65.555748,65.200563,59.824151,57.870926,58.973013,55.980189,54.267565,51.777473,51.022972,50.769248,36.189123,36.499948,34.460538,33.270066,31.079577,26.245069,28.880672,30.643342,29.308091,23.093893,31.693778,35.738407,29.810992,20.557481,19.58661,17.781172,20.338833,16.750257,17.465585,17.323246,14.948607,14.415229,14.766537,12.277246,15.83652,18.218906,16.264214,13.731102,13.284353,14.396934,15.008667,22.525592,,45.44249,,,43.668856,45.892499
每股指标,基本每股收益,0.1032,0.7021,0.5974,0.5011,0.2695,0.808,0.7117,0.5357,0.247,0.5433,0.4508,0.286,0.1529,0.6113,0.4152,0.2189,0.0756,0.5534,0.6149,0.4149,0.2149,0.6318,0.6143,0.318,0.1319,0.6243,0.544,0.3525,0.1753,0.6461,0.5227,0.3698,0.1562,0.4648,0.4016,0.3217,0.1437,0.4298,0.8117,0.6126,0.2175,1.1203,0.4889,0.4267,0.1827,0.6603,0.4338,0.3548,0.1382,0.4615,0.3073,0.2621,0.1253,0.4444,0.2576,0.1889,0.106,0.4172,0.2279,0.1761,0.103,0.3757,0.2672,0.1693,0.0951,0.3095,0.1968,0.1167,0.0727,0.1874,0.155,0.1029,0.0665,0.3595,0.2555,0.1555,0.0872,0.1945,0.1555,0.1172,0.077,0.4487,,0.2817,,0.5015,,,,0.43,,,0.4,0.269
每股指标,稀释每股收益,0.1032,0.7021,0.5974,0.5011,0.2695,0.808,0.7117,0.5357,0.247,0.5433,0.4508,0.286,0.1376,0.5429,0.3697,0.1965,0.0689,0.4825,0.535,0.361,0.1869,0.5501,0.5345,0.2773,0.1152,0.57,0.5139,0.3437,0.1753,0.6461,0.5227,0.3698,0.1562,0.4648,0.4016,0.3217,0.1437,0.4298,0.8117,0.6126,0.2175,1.1203,0.4889,0.4267,0.1827,0.6603,0.4338,0.3548,0.1382,0.4615,0.3073,0.2621,0.1253,0.4444,0.2576,0.1889,0.106,0.4172,0.2279,0.1761,0.103,0.3757,0.2672,0.1693,0.0951,0.3095,0.1968,0.1167,0.0727,0.1874,0.155,0.1029,0.0665,0.3595,0.2555,0.1555,0.0872,0.1945,0.1555,0.1172,0.077,,,,,,,,,,,,,
每股指标,摊薄每股收益_最新股数,0.103192,0.702073,0.597366,0.501103,0.269475,0.807966,0.71171,0.535708,0.24699,0.515877,0.42047,0.257194,0.133632,0.468093,0.317909,0.167652,0.057882,0.423719,0.47082,0.317733,0.164562,0.48375,0.470361,0.24351,0.100974,0.489397,0.428456,0.277621,0.138061,0.526048,0.430214,0.30599,0.129234,0.38459,0.332534,0.266382,0.11896,0.355609,0.081957,0.066192,0.028292,0.16482,0.104897,0.091537,0.039197,0.14166,0.093056,0.07612,0.029656,0.099008,0.065937,0.054154,0.026502,0.08645,0.056471,0.040531,0.022747,0.089498,0.048883,0.037774,0.022089,0.080609,0.057322,0.036315,0.020411,0.066398,0.042216,0.025037,0.015602,0.040199,0.03325,0.022084,0.014258,0.07011,0.04983,0.030336,0.017006,0.037651,0.030335,0.022851,0.01502,0.043757,0.036557,0.027472,0.011886,0.027461,0.02388,0.013463,0.007095,0.017471,0.018096,0.013037,0.016327,0.010867
每股指标,摊薄每股净资产_期末股数,10.376919,10.273726,10.168949,10.172687,10.114534,9.845058,9.748588,9.672586,9.483952,9.236961,9.141349,8.978054,8.723007,8.570125,8.429448,8.232403,8.188285,8.113438,8.175732,7.976624,7.879174,7.664032,7.649871,7.353456,7.266521,7.134671,6.887932,6.693633,6.619239,6.443932,6.290332,5.884799,5.718949,5.562767,5.408301,5.328406,10.560549,18.894174,4.948867,4.875384,4.748723,4.616849,4.34291,4.280634,4.238875,4.056171,3.789937,3.813504,3.596928,3.458695,3.304545,3.392974,3.264086,3.140552,2.995082,2.920785,2.937891,2.831859,2.642546,2.590766,2.517655,2.514693,2.406149,2.308233,2.2341,2.138959,2.037776,1.965211,1.921229,1.916656,1.884268,1.832219,1.79574,2.002209,1.89823,1.79828,1.829929,1.733619,1.703914,1.665542,3.451041,3.29701,3.223183,3.130015,4.788718,4.605879,4.548614,4.367244,,2.106539,,,1.765829,1.457328
每股指标,调整每股净资产_期末股数,9.43833,9.331776,9.227979,9.244393,9.216821,8.959082,8.837087,8.756678,8.57657,8.37487,8.22877,8.089053,7.719125,7.593961,7.386035,7.222173,7.144527,7.098086,7.096433,6.893365,6.817079,6.591222,6.52404,6.215906,6.099108,5.985181,5.680805,5.485843,5.40349,5.265617,5.013822,4.658137,4.505048,4.382038,4.279698,4.189339,8.274167,14.446049,3.77313,3.669297,3.572766,3.459188,3.207495,3.137045,3.114426,2.983103,2.789638,2.814587,2.844735,2.724641,2.452719,2.602857,2.484255,2.417454,2.213649,2.147157,2.389087,2.302319,2.091431,2.113608,2.049855,2.05632,1.883244,1.812923,1.961103,1.877086,1.725822,1.679076,1.652488,1.69982,1.677079,1.631287,1.593241,1.790586,1.725877,1.628103,1.658664,1.622403,1.591821,1.550681,3.21563,3.05591,2.990874,2.890922,4.467222,4.27842,4.216237,4.070105,,1.609716,,,1.321191,1.227268
每股指标,每股净资产_最新股数,10.376919,10.273726,10.168949,10.172687,10.114534,9.845058,9.748588,9.672586,9.483952,9.236961,9.141349,8.978054,7.623267,7.489657,6.454725,6.303834,6.269991,6.212632,6.26033,6.107856,6.033227,5.868483,5.857634,5.630615,5.564032,5.46304,5.424521,5.271502,5.212914,5.074853,4.953887,4.869439,4.732204,4.60297,4.477944,4.411793,4.371941,4.05353,1.061723,1.045958,1.018784,0.990492,0.931722,0.918361,0.909402,0.870205,0.813088,0.818144,0.77168,0.742023,0.708952,0.727924,0.700272,0.67377,0.642561,0.626621,0.630291,0.607543,0.566928,0.555819,0.540134,0.539499,0.516212,0.495205,0.4793,0.458889,0.437181,0.421613,0.412178,0.411196,0.404248,0.393081,0.385255,0.390501,0.370221,0.350727,0.3569,0.338116,0.332323,0.324839,0.336537,0.321516,0.314317,0.305231,0.311322,0.299436,0.295713,0.283922,,0.085117,,,0.07135,0.058885
每股指标,每股经营现金流,-0.270892,1.266122,0.851217,0.498056,0.227269,1.682095,1.510961,1.35479,0.530434,1.282738,1.078565,0.67978,0.229983,2.436368,1.914125,1.234181,0.405881,1.63556,1.336818,0.432093,0.102256,1.519221,1.18906,0.467044,-0.327872,1.236817,1.014318,0.619838,-0.272528,1.580286,0.781786,0.2422,0.223275,2.085609,0.549616,0.15487,-0.003933,2.914422,0.61002,0.498744,0.083001,0.787696,0.580446,-0.046308,-0.222776,0.898452,0.596649,0.677518,-0.025151,0.721139,0.302733,0.083745,0.262647,0.672189,0.302366,0.176811,-0.003512,0.473087,0.412246,0.239614,0.168364,0.400043,0.185793,0.20926,0.05699,0.338628,0.414034,0.311718,0.065764,0.201729,0.154838,0.031244,-0.035401,0.314662,0.127421,0.094945,-0.032162,0.281353,0.227932,0.122619,0.105323,0.442687,0.454822,0.350387,0.254122,0.19516,0.406228,0.170487,,0.315857,,,0.137352,
每股指标,每股现金流量净额,-0.242961,-1.730291,-1.607179,-1.19586,-0.846325,0.756031,0.215773,0.775277,0.360603,-0.524787,-0.225881,-0.090431,-0.566468,1.887336,0.508434,0.346176,0.059744,0.456587,0.608398,0.402025,-0.005857,-0.98021,-0.754702,-1.034553,-1.016029,0.784532,1.175327,1.436797,-0.413177,1.017472,0.124354,0.152939,0.186108,0.717763,0.015401,0.010284,-0.454408,1.792884,-0.305678,-0.082138,0.189663,0.062415,0.14417,-0.130285,-0.170021,-0.086264,0.106886,0.147125,-0.109465,-0.106758,-0.357941,-0.124602,-0.022673,0.46114,0.782998,0.915763,-0.05561,0.418932,0.361562,0.126456,0.099617,-0.139186,-0.172484,-0.123507,-0.059062,0.040398,0.11592,0.094692,-0.098307,-0.038426,-0.028044,-0.146915,-0.081995,0.13033,-0.044275,-0.082386,-0.116382,-0.162751,-0.147036,-0.216252,-0.121336,-0.265226,0.031338,-0.034274,0.135525,2.135438,2.316379,2.9478,,0.244516,,,-0.256428,
每股指标,每股企业自由现金流量,,0.621763,,0.847708,,1.108183,,0.970554,,1.564851,,0.595088,,-1.652315,,-0.864872,,1.097536,,0.868633,,0.608347,,0.212249,,0.159813,,-0.554263,,1.18783,,0.376673,,1.655912,,0.903789,,3.025797,,1.679321,,1.337501,,0.329388,,-0.559356,,-0.722011,,-0.745999,,-0.464147,,-0.909398,,-0.566274,,0.04321,,0.153809,,-0.024939,,0.025146,,0.279215,,0.23595,,0.292983,,0.108956,,0.179215,,0.116405,,0.046533,-0.050138,-0.038465,-0.023029,0.478443,0.301831,0.297299,0.000137,-2.577606,-2.57171,-2.788399,,,,,,
每股指标,每股股东自由现金流量,,-0.161133,,0.08718,,1.111911,,0.966826,,1.037104,,0.071069,,-2.369362,,-1.060533,,1.428843,,1.536857,,0.07349,,0.056896,,-0.646837,,0.672616,,1.0655,,0.62581,,1.024764,,1.205534,,3.406218,,1.28944,,2.090115,,1.09217,,1.071583,,0.759081,,0.813655,,0.517277,,0.456006,,0.365447,,0.59155,,0.310204,,0.002863,,0.018195,,0.254887,,0.232475,,0.390296,,0.091579,,0.213622,,0.108759,,-0.010811,-0.111306,-0.099632,-0.160657,0.570194,0.255955,0.252155,-0.091613,-3.206104,-3.284714,-2.829687,,,,,,
每股指标,每股未分配利润,5.134192,5.030999,4.953863,4.957601,4.906196,4.63672,4.54279,4.466788,4.278071,4.03108,3.963497,3.800202,4.321461,4.168552,4.62388,4.427658,4.383198,4.308788,4.424127,4.2253,4.127742,3.913113,3.936975,3.640747,3.554608,3.422758,3.296782,3.105256,3.028046,2.852738,2.703547,2.422987,2.259375,2.103193,2.054034,1.974138,3.852175,6.878918,3.303594,3.230112,3.10345,2.971576,2.769634,2.707359,2.662912,2.480208,2.24812,2.277542,2.060967,1.922734,1.838629,2.014755,1.885867,1.762333,1.648075,1.573777,1.590884,1.484852,1.329672,1.277893,1.204781,1.20182,1.124933,1.027017,0.952884,0.857743,0.781152,0.708587,0.664605,0.591881,0.574329,0.522279,0.4858,0.661275,0.471538,0.371588,0.403237,0.307849,0.296647,0.258276,0.636509,0.482478,0.623495,0.427723,0.73528,0.552441,0.668098,0.507871,,0.465227,,,0.314684,0.159899
每股指标,每股资本公积金,3.886982,3.886982,3.886982,3.886982,3.880017,3.880017,3.880017,3.880017,3.880017,3.880017,3.880017,3.880017,3.060711,3.060709,2.478717,2.478709,2.478638,2.478585,2.478583,2.478567,2.478556,2.478549,2.478542,2.478483,2.478462,2.478415,2.409662,2.406889,2.409706,2.409706,2.426634,2.309387,2.307149,2.307149,2.21696,2.21696,5.433758,10.48534,0.250255,0.250255,0.250255,0.250255,0.255145,0.255145,0.257832,0.257832,0.267866,0.262011,0.262011,0.262011,0.220581,0.118857,0.118857,0.118857,0.113122,0.113122,0.113122,0.113122,0.113122,0.113122,0.113122,0.113122,0.113122,0.113122,0.113122,0.113122,0.112732,0.112732,0.112732,0.180883,0.180883,0.180883,0.180883,0.198971,0.198971,0.198971,0.198971,0.198971,0.206909,0.206909,1.413818,1.413818,1.413818,1.413818,2.620728,2.620728,2.618547,2.597404,,0.201107,,,0.192803,0.188375
每股指标,每股盈余公积金,0.35657,0.35657,0.328999,0.328999,0.328999,0.328999,0.326673,0.326673,0.326673,0.326673,0.298767,0.298767,0.341867,0.341867,0.327688,0.327688,0.327691,0.327694,0.274245,0.274245,0.274246,0.274246,0.235401,0.235403,0.235404,0.235405,0.182567,0.182567,0.182567,0.182567,0.161231,0.153452,0.153452,0.153452,0.138334,0.138334,0.276669,0.533879,0.398982,0.398982,0.398982,0.398982,0.322095,0.322095,0.322095,0.322095,0.27395,0.27395,0.27395,0.27395,0.245334,0.259361,0.259361,0.259361,0.233884,0.233884,0.233884,0.233884,0.19975,0.19975,0.19975,0.19975,0.168093,0.168093,0.168093,0.168093,0.143891,0.143891,0.143891,0.143891,0.129056,0.129056,0.129056,0.141961,0.22772,0.22772,0.22772,0.226798,0.200356,0.200356,0.400713,0.400713,0.185868,0.288473,0.432709,0.432709,0.261968,0.261968,,0.440204,,,0.258341,0.109054
每股指标,每股留存收益,5.490763,5.38757,5.282863,5.286601,5.235196,4.96572,4.869464,4.793462,4.604744,4.357753,4.262264,4.098969,4.663328,4.51042,4.951568,4.755346,4.710889,4.636483,4.698372,4.499546,4.401988,4.187359,4.172376,3.87615,3.790012,3.658164,3.47935,3.287823,3.210613,3.035305,2.864778,2.57644,2.412828,2.256646,2.192368,2.112473,4.128845,7.412798,3.702577,3.629095,3.502433,3.370559,3.09173,3.029455,2.985007,2.802303,2.52207,2.551493,2.334917,2.196684,2.083964,2.274117,2.145229,2.021695,1.881959,1.807662,1.824768,1.718736,1.529423,1.477644,1.404532,1.401571,1.293026,1.195111,1.120977,1.025836,0.925044,0.852479,0.808497,0.735773,0.703385,0.651336,0.614857,0.803237,0.699259,0.599309,0.630957,0.534647,0.497004,0.458633,1.037222,0.883191,0.809364,0.716196,1.167989,0.98515,0.930066,0.76984,,0.905431,,,0.573025,0.268953
每股指标,每股营业收入,1.539181,6.981259,5.159956,3.636872,1.943655,8.155195,6.407319,4.443942,2.328863,8.999534,6.831246,4.805142,2.915458,11.056629,9.463796,6.219216,3.159016,13.578801,10.428961,7.431762,3.82567,12.226658,9.117922,6.048842,3.216383,11.879081,8.544,5.922383,3.005555,10.718134,8.033249,5.274307,2.801701,7.67526,5.931583,4.124115,4.263187,31.716077,6.93334,4.747537,2.30456,9.321978,7.298446,5.015048,2.669488,9.553411,7.021411,4.766806,2.206258,8.166406,6.527202,3.939772,2.045407,6.974832,5.133475,3.17105,1.429653,5.917364,4.206321,3.021869,1.501903,4.945423,3.961831,2.690119,1.363478,4.046223,3.298232,2.360162,1.014485,2.388432,1.935813,1.300407,0.617645,2.386776,1.870278,1.266266,0.633001,2.086854,1.645094,1.206445,1.370807,3.84398,3.113756,2.22268,1.594393,4.111984,3.102762,2.098351,,7.065872,,,4.199592,2.751365
每股指标,每股营业总收入,1.539181,6.981259,5.159956,3.636872,1.943655,8.155195,6.407319,4.443942,2.328863,8.999534,6.831246,4.805142,2.915458,11.056629,9.463796,6.219216,3.159016,13.578801,10.428961,7.431762,3.82567,12.226658,9.117922,6.048842,3.216383,11.879081,8.544,5.922383,3.005555,10.718134,8.033249,5.274307,2.801701,7.67526,5.931583,4.124115,4.263187,31.716077,6.93334,4.747537,2.30456,9.321978,7.298446,5.015048,2.669488,9.553411,7.021411,4.766806,2.206258,8.166406,6.527202,3.939772,2.045407,6.974832,5.133475,3.17105,1.429653,5.917364,4.206321,3.021869,1.501903,4.945423,3.961831,2.690119,1.363478,4.046223,3.298232,2.360162,1.014485,2.388432,1.935813,1.300407,0.617645,2.386776,1.870278,1.266266,0.633001,2.087303,1.645438,1.206639,1.370698,3.858218,3.128524,2.236162,1.614408,4.114483,3.104426,2.099076,,7.066821,,,4.208229,2.756102
每股指标,每股息税前利润,0.185552,0.993138,0.834829,0.69176,0.382093,1.274959,1.106888,0.82398,0.38584,0.860771,0.725988,0.488611,0.291938,0.931186,0.806439,0.472032,0.206295,1.001664,0.955842,0.675258,0.359261,1.134066,1.015246,0.565992,0.247434,1.229178,0.98264,0.697807,0.348488,1.429231,1.070868,0.713903,0.346096,1.088044,0.91726,0.687672,0.696204,4.615264,0.97518,0.766717,0.3319,1.54507,1.09482,0.883513,0.406924,1.231896,0.826707,0.642418,0.266833,0.843164,0.632428,0.464273,0.250464,0.714353,0.475066,0.326933,0.169192,0.619522,0.375982,0.286262,0.159755,0.544279,0.407564,0.267456,0.143966,0.444434,0.310743,0.192977,0.116496,0.295247,0.262705,0.178282,0.098432,0.504558,0.373947,0.222801,0.130039,0.29859,0.236657,0.180917,0.214195,0.62257,0.508348,0.401248,0.253487,0.680924,0.591142,0.350537,,0.737953,,,0.636237,0.405092
盈利能力,净资产收益率(ROE),1.0,6.97,5.93,4.96,2.7,8.45,7.45,5.64,2.64,6.02,5.01,3.2,1.72,7.09,4.84,2.58,0.9,6.8,7.52,5.12,2.68,8.25,8.02,4.21,1.77,9.05,8.15,5.34,2.68,10.89,8.96,6.43,2.77,8.78,7.61,6.1,2.76,9.38,9.73,7.34,2.62,14.34,11.37,9.99,4.41,17.69,11.8,9.76,3.92,13.05,8.63,7.41,3.61,13.79,8.05,6.46,3.68,15.75,8.89,6.9,4.01,16.15,11.76,7.61,4.35,15.49,,5.53,,10.11,,5.59,,19.2,,8.54,,11.53,,6.93,,13.57,,8.77,,14.28,,,,21.81,,,25.91,23.67
盈利能力,摊薄净资产收益率,0.99444,6.833677,5.874416,4.925973,2.664244,8.206824,7.300649,5.538417,2.604301,5.584923,4.599652,2.864706,1.752949,6.249871,4.925227,2.659524,0.92317,6.820285,7.520699,5.202041,2.727607,8.243189,8.029886,4.324761,1.814766,8.958343,7.898514,5.266466,2.648457,10.365785,8.684378,6.283887,2.730955,8.355272,7.426042,6.037966,2.721005,8.772832,7.719301,6.32844,2.777049,16.640253,11.258457,9.967435,4.310192,16.278955,11.444795,9.304012,3.843091,13.343036,9.300673,7.439544,3.784626,12.830825,8.788509,6.468318,3.60912,14.731158,8.622452,6.796178,4.089571,14.94157,11.104487,7.333515,4.258585,14.469454,9.66,5.94,3.79,9.78,8.23,5.62,3.701,17.95,13.46,8.65,4.765,11.14,9.13,7.03,4.46,13.61,11.63,9.0,3.82,9.17,8.08,4.74,,20.53,,,22.88,18.46
盈利能力,净资产收益率_平均,0.999409,6.979282,5.969483,5.006596,2.700214,8.468355,7.497388,5.666007,2.63866,6.168338,5.056462,3.123626,1.768447,6.832346,5.019356,2.678903,0.927412,7.014571,7.763671,5.306014,2.765362,8.538131,8.309776,4.390089,1.831387,9.288345,8.161564,5.366564,2.683999,10.871212,9.003258,6.460659,2.768761,8.885592,7.795464,6.2935,2.823835,10.239616,4.145608,3.361592,1.446795,17.715981,11.642813,10.235802,4.405127,17.702039,12.058759,9.831883,3.94899,13.440476,9.156585,7.422512,3.70269,13.494006,9.03469,6.568307,3.675445,15.605033,8.83621,6.897443,4.091978,16.147949,11.75728,7.612653,4.351235,14.889764,9.703125,5.859597,3.692102,10.028526,8.367634,5.636729,3.675902,19.197885,14.034554,8.785405,4.881224,11.416018,9.27909,7.070844,4.565202,14.09361,11.912885,9.086774,3.892431,14.282077,12.541017,7.296475,,22.332876,,,25.073064,18.455239
盈利能力,净资产收益率_平均_扣除非经常损益,1.053759,6.294257,5.509171,4.746183,2.587054,8.153118,7.281249,5.389455,2.596199,6.090515,4.753379,2.917376,1.683375,6.01465,4.191133,2.320365,0.789976,6.136187,7.10516,5.116769,2.722091,6.794659,7.228204,3.617901,1.74921,8.347925,7.570801,5.069728,2.423382,6.45147,8.404732,6.127579,2.687641,7.337923,7.256942,6.241921,2.722316,3.484625,3.126753,2.627818,1.346152,16.747689,10.230177,9.563119,4.35521,14.367088,11.052504,8.979619,3.774061,10.161894,7.800249,6.488393,3.180229,12.339659,8.503345,6.216906,3.581177,14.276194,8.369316,6.700718,3.971815,14.721507,11.408021,7.363826,4.285483,13.069246,10.0186,5.689451,3.572746,9.364208,8.310725,5.568736,3.580215,18.926691,14.067306,8.81579,4.929783,11.106598,9.298328,7.088327,4.575046,13.570406,11.6636,9.067752,3.86868,13.369263,12.163062,7.273333,,20.844954,,,20.986639,15.365618
盈利能力,摊薄净资产收益率_扣除非经常损益,1.04852,6.162944,5.421435,4.669754,2.552592,7.901322,7.090181,5.268092,2.562392,5.514461,4.32395,2.675552,1.668624,5.501886,4.112536,2.30358,0.786362,5.96623,6.882797,5.016504,2.684926,6.559943,6.984743,3.564064,1.733335,8.051336,7.326792,4.975167,2.391291,6.151527,8.10705,5.95992,2.650942,6.899973,6.91304,5.988481,2.623182,2.985466,5.82215,4.947057,2.379803,15.730756,9.892456,9.312389,4.261351,13.212104,10.489772,8.497506,3.672853,10.088223,7.922994,6.503282,3.250603,11.73321,8.271641,6.122267,3.516552,13.476733,8.166853,6.602341,3.969479,13.621695,10.77462,7.093812,4.194232,12.700326,9.97,5.77,3.66,9.13,8.17,5.55,3.6046,17.7,13.49,8.68,4.796,10.83,9.147144,7.05,4.472947,13.1,11.387501,8.98,3.794824,8.58,7.832029,4.72692,,19.16,,,18.84,15.36
盈利能力,息税前利润率,12.055242,14.225782,16.179009,19.02075,19.658477,15.633714,17.275368,18.541651,16.567745,9.564622,10.627464,10.168509,10.013468,8.42197,8.521312,7.589899,6.530362,7.37668,9.165267,9.086121,9.390814,9.275356,11.134625,9.357039,7.692945,10.347423,11.500937,11.782541,11.594822,13.334702,13.330457,13.53549,12.353072,14.175995,15.464002,16.674433,16.330619,14.551814,14.065087,16.14979,14.401889,16.57449,15.000739,17.617238,15.243534,12.894831,11.77409,13.476924,12.094397,10.324797,9.689117,11.784261,12.245208,10.241873,9.254288,10.309933,11.834498,10.469575,8.938509,9.473032,10.636862,11.005718,10.287265,9.942167,10.558773,10.983942,9.421511,8.176437,11.48328,12.361548,13.570807,13.709733,15.936763,21.13975,19.994212,17.595161,20.543366,14.30507,14.382655,14.993464,15.62676,16.136211,16.248834,17.943605,15.701558,16.549443,19.041913,16.69961,15.632023,10.442508,15.121352,16.05612,15.118885,14.698012
盈利能力,总资产报酬率,1.286531,6.798813,5.699942,4.683251,2.608938,8.700247,7.532149,5.620828,2.639907,5.922859,5.034302,3.396896,1.773475,5.640421,4.408814,2.54002,1.098861,5.512662,5.19547,3.644525,1.971512,6.490248,5.758912,3.277478,1.408731,7.402974,6.01679,4.230315,2.22845,9.543976,7.148168,5.027371,2.466369,8.000329,6.772015,5.063194,2.559573,9.168845,3.087585,2.422053,1.046954,11.188859,7.898751,6.323289,2.958507,10.193138,6.855014,5.356364,2.353053,8.284645,6.27019,4.759895,2.670914,10.377913,7.151223,5.01776,3.22019,13.566215,8.694105,6.763767,3.890133,15.179978,11.424572,7.562381,4.197863,14.050873,9.463947,5.797357,3.716313,11.261413,10.207497,7.121927,3.92119,20.086778,15.260112,9.38367,5.532496,13.202766,10.547589,8.294917,4.754384,14.781622,12.380437,10.085628,4.219524,15.25674,13.316708,7.699739,,17.175525,,,18.177192,12.488071
盈利能力,总资本回报率,1.783272,9.458924,7.989563,6.610433,3.658209,12.268747,10.703472,8.001561,3.781369,8.557382,7.253552,4.921559,2.601155,8.608445,6.83448,3.987901,1.714591,8.973464,8.430257,6.002935,3.24616,10.266673,9.062855,4.97228,2.099053,11.308733,9.33746,6.512574,3.434065,14.299089,10.618229,7.359639,3.629836,11.449259,9.349756,6.944887,3.531489,19.176347,8.751729,6.90078,2.956735,14.639382,10.52996,8.472968,3.969626,14.354228,9.737196,7.81517,3.568866,13.542992,10.549132,7.962025,4.583243,16.320173,11.032557,8.071639,4.569327,19.93755,12.54808,9.983854,5.739404,22.010699,16.851776,11.37053,6.209213,20.46165,14.683787,9.208722,5.613361,14.940441,13.769813,9.500292,5.268181,26.338056,20.188889,12.428201,7.182748,17.059195,13.651588,10.552984,6.153159,18.740454,15.805202,12.658652,5.291998,19.96605,17.426072,9.812746,,25.116015,,,28.892658,21.914282
盈利能力,投入资本回报率,1.001927,6.717882,5.746668,4.808786,2.590035,8.039608,7.082862,5.337574,2.489832,5.557673,4.559076,2.87414,1.496587,5.798,4.216135,2.341109,0.872599,5.920926,6.153516,4.157747,2.163733,6.808122,6.333221,3.390387,1.419414,7.577467,6.612908,4.228619,2.219976,8.725538,6.973288,4.846128,2.310963,7.296327,5.956897,4.376514,2.146231,9.370228,3.574378,2.816653,1.203002,10.306716,6.54671,5.673307,2.470027,10.047107,6.289373,5.014443,2.075831,8.690146,5.752489,4.752977,2.40786,10.822376,7.019206,5.222495,3.131514,14.394965,8.215642,6.484605,3.879772,15.552999,11.74538,7.698749,4.346429,14.232837,9.480056,5.665452,3.53099,9.728175,8.559901,5.589756,3.836261,18.884207,14.089049,8.702058,5.048506,11.133281,8.546811,6.894999,3.977505,13.56614,11.354179,8.909551,3.668907,13.124586,11.389581,6.39024,,15.932259,,,19.27862,15.620297
盈利能力,息前税后总资产报酬率_平均,0.996095,5.852371,4.772088,3.902111,2.163433,6.965358,6.226955,4.606046,2.220846,5.245897,4.371918,2.862785,1.51295,5.037661,3.666265,2.042166,0.862404,4.992502,4.682854,3.128201,1.687544,5.704044,4.914871,2.806116,1.217789,6.55618,5.495353,3.627633,1.902357,8.128073,6.165268,4.3566,1.660773,7.104458,4.466384,4.301226,1.647811,7.908915,1.906644,1.879365,0.676572,9.6518,5.038149,5.240588,1.891121,8.766653,5.043685,4.590145,1.895593,7.299284,4.671763,3.984809,1.983973,8.685687,5.378534,3.87056,2.544474,11.840929,6.915051,5.478824,3.154422,13.150465,9.332208,6.257579,3.534547,11.94388,7.719388,4.891348,3.074075,9.807242,7.804164,5.402653,3.179799,17.339939,12.71288,8.01065,4.552132,11.28521,9.231409,7.071202,4.34668,12.850628,10.952882,8.50159,3.616582,13.067641,10.832006,6.527846,,15.106563,,,13.927765,9.835311
盈利能力,毛利率,30.198582,32.42526,33.29299,36.034345,37.095295,39.243894,39.688323,39.631262,40.774065,38.325963,38.880023,39.171632,40.509059,38.078832,39.756875,40.602809,42.622341,43.720544,44.230843,43.481542,45.546321,47.075996,46.387309,45.274398,43.867179,49.678038,51.296774,51.329126,52.054704,48.776206,49.930165,48.722892,48.190018,43.334306,39.319533,38.513892,39.406191,36.149687,50.340779,50.894976,51.47074,49.357768,48.174174,48.308354,45.81888,46.384726,45.29528,45.596352,46.866917,41.747075,39.583518,39.362791,38.207996,33.724474,33.860637,34.619447,34.19839,31.074758,32.670158,31.697386,31.647524,30.605188,30.322047,31.013891,31.982823,29.746105,29.45691,28.314153,33.354251,36.480657,36.565861,35.035543,32.954865,36.296198,36.31415,35.300675,36.468772,34.98033,34.641412,33.423281,33.604295,37.085482,38.986956,41.217221,39.798965,39.682858,41.734316,41.998351,38.494232,31.530886,38.408918,41.165805,39.392074,54.019184
盈利能力,销售净利率,9.307684,12.198617,13.4852,15.789906,16.247633,12.178986,13.957891,14.880432,13.634411,7.99185,8.704587,7.983849,8.025982,6.693907,6.216317,5.166999,4.194558,5.888482,7.466759,7.08909,7.396392,7.1681,8.458726,6.88868,5.54809,7.610943,8.726674,8.405798,8.235368,9.451463,9.543176,9.828004,8.318159,9.610187,10.199059,11.458338,10.513385,9.358455,8.685467,9.808807,9.306927,10.869808,9.568091,11.312418,9.743889,9.005086,8.662972,10.373972,9.743111,7.980209,7.219121,9.076029,9.095823,7.557475,6.960278,7.952794,9.35118,8.6289,7.109443,7.673397,8.625194,9.355154,8.403194,8.22676,8.890351,9.33685,7.684775,6.691216,9.498788,10.561454,10.375591,10.249474,12.923551,18.116911,16.65676,14.953263,16.903059,12.143033,12.590549,12.697378,14.285578,14.029128,14.443408,15.185945,13.626855,13.570649,15.497278,13.153286,12.223612,8.680415,13.201141,14.149878,11.608247,11.595737
盈利能力,成本费用利润率,13.750146,16.545394,19.266587,23.567054,24.527033,18.430375,20.639735,22.302058,19.628014,10.095788,11.357883,10.765933,10.646662,8.249349,8.325111,7.196349,6.027194,7.189554,9.211802,9.288019,9.767547,9.10242,11.291613,9.07217,7.256475,9.738283,10.879798,11.368201,11.262226,12.565971,12.945092,13.351427,11.385782,12.615372,14.216779,16.479287,15.465642,12.876573,13.044603,15.499341,13.816999,15.320592,14.189201,16.891196,14.659115,12.088221,11.59918,14.073261,12.91464,10.111652,9.889539,12.378434,13.27713,10.122159,9.285705,10.615794,12.553219,11.048597,9.308787,10.130183,11.566214,12.054082,10.984296,10.556987,11.401008,12.07919,10.13404,8.695625,12.715699,13.757312,15.167354,15.721655,17.69583,26.301186,24.215806,21.320874,24.880519,16.541134,17.485705,17.590607,20.239548,19.141906,19.82888,21.869654,19.263266,18.923075,22.559591,18.65748,17.508571,11.028637,16.868112,18.299468,16.863882,16.012256
盈利能力,营业利润率,12.563745,14.028671,15.948573,18.864807,19.528186,16.017549,17.08736,18.400784,16.795769,8.961336,9.966848,9.386654,9.431631,7.455137,7.424168,6.703632,5.64549,6.436467,8.059147,8.402068,8.838724,8.156824,9.871132,7.874091,6.590971,8.452139,9.304327,9.719297,9.368892,11.128396,11.073528,11.409773,10.092315,11.110647,11.830919,13.869638,12.798418,9.947834,9.153562,10.846877,11.342607,12.589826,11.381564,13.661792,12.582953,9.202744,9.69783,11.532031,10.925732,7.667561,8.216693,10.338172,11.55492,8.470452,8.028046,9.165539,10.827547,9.029642,8.065633,8.82138,9.901714,9.804654,9.576249,9.208392,9.954149,9.569736,8.746207,7.743226,10.928344,11.235637,12.964805,13.322705,14.548645,20.584214,19.751194,17.604096,19.979655,14.128677,14.872717,14.945209,16.809989,16.149702,16.607325,17.948781,16.188161,16.159202,18.348211,15.652609,14.31678,10.109522,14.611032,15.681517,14.70674,14.158333
盈利能力,总资产净利率_平均,0.715486,4.806242,4.07862,3.392498,1.839986,5.513514,4.843044,3.654364,1.689903,3.549686,2.915714,1.788056,0.928901,3.244391,2.269736,1.178138,0.40265,3.045414,3.342131,2.239564,1.179373,3.615559,3.484436,1.841547,0.750784,3.849398,3.33123,2.137068,1.121024,4.460463,3.646454,2.604123,1.112992,3.417533,2.965129,2.368813,1.056443,3.292955,1.209533,0.974662,0.415987,5.563436,3.527565,3.053667,1.32833,5.463571,3.596637,2.958328,1.219,4.534489,3.047162,2.58792,1.317342,5.854065,3.962322,2.899625,2.018077,9.135029,5.268787,4.160227,2.507165,10.479259,7.489713,4.786277,2.774179,9.784751,5.993048,3.506043,2.319945,7.146927,6.022094,4.11212,2.647479,14.310913,10.426352,6.551093,3.709673,8.53618,6.932123,5.371957,3.418943,10.653726,9.130024,7.081143,3.043521,9.464329,8.274623,4.548896,,10.064043,,,11.544275,8.291223
盈利能力,总资产净利率_平均(含少数股东损益),0.993312,5.829986,4.7509,3.887759,2.156274,6.777672,6.085712,4.510944,2.172509,4.948926,4.123422,2.667088,1.421473,4.48309,3.21624,1.729178,0.705816,4.400518,4.232645,2.843498,1.552802,5.015736,4.374917,2.412889,1.015965,5.445182,4.565416,3.017954,1.582784,6.764646,5.117321,3.650332,1.660773,5.423581,4.466384,3.479326,1.647811,5.8966,1.906644,1.471069,0.676572,7.337827,5.038149,4.060324,1.891121,7.118363,5.043685,4.123104,1.895593,6.403341,4.671763,3.665987,1.983973,7.657859,5.378534,3.87056,2.544474,11.181114,6.915051,5.478824,3.154422,12.903387,9.332208,6.257579,3.534547,11.94388,7.719388,4.744287,3.074075,9.621521,7.804164,5.324393,3.179799,17.214506,12.71288,7.97472,4.552132,11.204916,9.231409,7.023513,4.34668,12.803997,10.952882,8.484156,3.616582,12.503026,10.832006,6.06253,,14.27537,,,13.927765,9.835311
成长能力,归母净利润,138398706.21,941601686.09,801171565.94,672066877.31,361413759.19,1083622881.88,954526387.18,718477263.45,331257150.18,691880495.68,563923339.31,344942841.46,179223645.37,627794828.71,426372120.55,224850314.74,77630695.05,568280771.91,631451828.25,426135085.6,220707073.48,648792627.72,630835912.16,326589943.5,135423833.58,656367198.52,574634300.18,372338948.49,185164751.66,705521698.02,576991663.21,410385515.07,173325640.76,515802593.36,445985606.85,357265076.14,159546917.21,476933718.37,384004748.69,289827683.47,102881166.75,529991990.67,140685716.76,122767067.08,52569957.03,189991042.57,124804526.75,102090381.24,39774327.44,132787532.96,88433422.14,75419178.43,36060651.52,127865513.03,74110340.42,54360234.14,30508959.88,120032511.26,65560713.88,50662121.76,29625406.89,108111439.29,76879653.91,48705978.75,27375260.29,89052252.7,56619697.27,33580210.86,20925102.32,59418978.57,44595164.88,29618764.12,19122484.33,94029958.72,66831732.58,40687136.67,22808065.18,50889505.61,40684719.96,30647683.35,20145408.41,58686121.1,49030395.39,36845225.32,15942097.77,36830121.78,32027248.42,18056807.02,9516344.95,23432904.83,24270757.97,17486034.32,21897462.54,14575112.9
成长能力,营业总收入,2064308731.95,9363074210.11,6920393170.38,4877673521.93,2606778071.34,10937525114.43,8593322350.59,5960093922.86,3123407807.27,12069930213.38,9161881346.47,6444526273.17,3417169160.61,12959320533.56,9719160020.44,6387024045.16,3244221809.47,13944948270.25,10710170799.63,7632136688.61,3928811589.68,12556281595.67,9363726744.19,6211855587.54,3303053252.67,12199106725.48,9024402603.44,6255380073.9,3174548215.12,11320781393.69,8484933557.9,5853255169.05,3109236551.88,8517753726.31,6586779944.63,4579660856.59,2367047156.71,9125774773.35,6626164398.24,4581792821.21,2168912652.67,8987612304.14,2100006834.19,1442996876.24,768101049.74,2748835668.7,2020294629.23,1371569315.74,634814129.88,2349747994.32,1878094133.17,1279713134.13,667682431.4,2201640377.28,1598356519.88,912417105.04,411359141.06,1702623275.22,1210299328.77,869492841.29,432147729.37,1422963645.91,1139951121.38,774037377.62,392318298.3,1164233728.34,949011524.94,679097472.51,291901349.86,825120361.33,556998212.59,374170588.94,177717210.37,624322933.38,489219506.23,331224781.13,165577887.12,547055285.85,430512192.4,315680171.67,179305210.49,504608317.68,409173223.11,292463071.32,140763416.38,358749813.38,270680953.43,183022570.67,101536130.34,382964761.45,244312011.16,160736781.9,228052131.43,149358536.62
成长能力,净利润,192139353.79,1142165623.26,933228902.01,770180065.38,423539746.92,1332079710.25,1199446643.61,886887725.63,425858272.14,964610734.18,797503959.2,514521310.56,274261401.19,867484979.36,604173833.75,330017532.36,136080784.29,821145853.02,799702644.46,541049057.92,290590309.58,900046866.22,792052011.94,427914866.04,183256375.41,928467067.03,787530212.44,525814658.05,261435748.36,1069979572.65,809732186.79,575258204.58,258631262.02,818572126.27,671789626.57,524753028.55,248856782.3,854031531.27,655370846.36,489326260.51,191237740.01,890257551.32,200930567.84,163237847.17,74842914.26,247535016.36,175017574.71,142286220.41,61850649.36,187514808.65,135581902.09,106605557.31,54220277.42,165662932.67,100635684.03,72562661.81,38466935.69,146917665.35,86045547.69,66719638.69,37273582.89,133120448.96,95792312.46,63678202.89,34878474.22,108702761.29,72929406.07,45439881.4,27727090.73,78065536.24,57791857.68,38350520.83,22967375.63,113108036.3,81488119.22,49528914.39,27987729.06,66815851.52,54179259.62,40070015.18,25611909.89,70530903.05,58819574.51,44145502.79,18943818.17,48655110.75,41925697.67,24065166.23,12405854.67,33238467.91,32247184.96,22738914.5,26418523.3,17289459.32
成长能力,扣非净利润,145925074.51,849182430.15,739392587.5,637110045.15,346267746.25,1043284677.64,927008701.45,683409070.03,325926581.84,683151372.17,530121864.54,322166595.06,170602081.68,552660279.79,356018230.66,194756928.05,66126346.76,497119038.98,577892367.99,410936464.5,217253516.41,516310228.88,548728417.99,269144868.41,129347169.4,589911830.53,533040215.7,351744120.91,167185223.81,418688597.38,538633924.97,389228025.02,168247471.94,425961453.27,415176269.82,354337062.2,153811045.83,162304431.35,82904766.98,69397876.1,35305143.78,208970781.38,123616163.1,114698988.73,51974259.37,154197950.86,114390084.16,93240812.23,38012438.63,100396210.16,75334065.47,63489734.95,30529234.51,106026210.61,71283791.19,51451992.3,29726460.8,109811199.83,62096572.13,49217162.99,28755446.07,98561331.71,74595889.16,47113976.02,26961586.43,78164152.5,58460558.19,32605136.51,20248647.96,50342713.16,44291868.97,29261489.13,18624710.9,92701669.88,66987698.72,40827854.98,23034965.0,49129038.68,40769070.38,30723463.84,20188849.95,56507486.19,48004398.62,36768092.34,15844822.24,34476189.13,31062026.7,17999537.25,,21871693.67,,,18328599.81,12135070.19
成长能力,营业总收入增长率,-20.809954,-14.394946,-19.467781,-18.161129,-16.540579,-9.382035,-6.205701,-7.516958,-8.596628,-6.862939,-5.733815,0.900297,5.330934,-7.067991,-9.252987,-16.314076,-17.424856,11.059537,14.37936,22.864039,18.944845,2.927877,3.760073,-0.695792,4.047978,7.758522,6.357964,6.870107,2.100569,32.908061,28.817626,27.809795,31.355074,-6.662678,-0.594377,-0.046531,9.135199,1.537254,-5.002522,-5.334166,-13.670356,-2.422515,3.945573,5.207725,20.996211,16.984275,7.571531,7.177872,-4.922744,6.727148,17.501578,24.241869,43.070097,17.870597,22.041905,4.936701,-4.810528,19.653322,6.171159,12.332151,10.152325,22.223193,20.119839,13.980306,34.400988,41.098654,70.379635,81.494081,64.250468,10.076355,13.854457,12.965759,7.331488,14.124284,13.63662,4.924164,-7.655841,8.200381,5.189396,7.92053,27.356092,40.657443,51.164394,59.796177,38.63382,-6.323022,10.793141,13.864772,,67.928604,,,52.687711,
成长能力,归属母公司净利润增长率,-61.706298,-13.106145,-16.066064,-6.459548,9.103685,56.619949,69.265274,108.288787,84.828932,10.208059,32.260837,53.409988,130.866985,10.47265,-32.47749,-47.234967,-64.826367,-12.409489,0.097634,30.480161,62.975059,-1.154014,9.780413,-12.286924,-26.863059,-6.967113,-0.408561,-9.270933,6.830559,36.781339,29.374503,14.868634,8.636157,8.149743,16.140648,23.268099,55.078837,-10.011146,-21.868873,-27.687397,-27.820612,16.349028,12.72485,20.253314,32.170574,43.078976,41.128233,35.363952,10.298416,3.849372,19.326698,33.609076,16.505808,-3.405567,15.523573,7.29956,2.982416,11.026651,-14.722933,4.016227,8.219635,21.40225,35.782523,45.043695,30.824976,49.871732,26.963758,13.374787,9.426693,-42.662808,-33.272469,-27.203616,-16.159112,84.772788,64.267402,32.757625,13.217189,-13.95286,-17.021432,-16.820475,26.366107,59.342728,53.089627,104.05172,67.523328,57.172668,31.958171,3.264163,,7.011964,,,50.238716,
收益质量,经营活动净现金/销售收入,-0.175997,0.18136,0.164966,0.136946,0.116928,0.20626,0.235817,0.304862,0.227765,0.142533,0.157887,0.141469,0.078884,0.220353,0.202257,0.198446,0.128483,0.120449,0.128183,0.058141,0.026729,0.124254,0.130409,0.077212,-0.101938,0.104117,0.118716,0.10466,-0.090674,0.14744,0.097318,0.04592,0.079692,0.271731,0.092659,0.037552,-0.000922,0.091891,0.087983,0.105053,0.036016,0.084498,0.07953,-0.009233,-0.083452,0.094045,0.084975,0.142132,-0.011399,0.088305,0.04638,0.021256,0.128408,0.096373,0.0589,0.055758,-0.002457,0.079949,0.098006,0.079293,0.1121,0.080891,0.046895,0.077788,0.041798,0.08369,0.125532,0.132074,0.064825,0.084461,0.079986,0.024026,-0.057316,0.131835,0.068129,0.07498,-0.050808,0.134821,0.138552,0.101636,0.076833,0.115163,0.146068,0.157641,0.159385,0.047461,0.130924,0.081248,,0.044701,,,0.032706,
收益质量,经营性现金净流量/营业总收入,-0.175997,0.18136,0.164966,0.136946,0.116928,0.20626,0.235817,0.304862,0.227765,0.142533,0.157887,0.141469,0.078884,0.220353,0.202257,0.198446,0.128483,0.120449,0.128183,0.058141,0.026729,0.124254,0.130409,0.077212,-0.101938,0.104117,0.118716,0.10466,-0.090674,0.14744,0.097318,0.04592,0.079692,0.271731,0.092659,0.037552,-0.000922,0.091891,0.087983,0.105053,0.036016,0.084498,0.07953,-0.009233,-0.083452,0.094045,0.084975,0.142132,-0.011399,0.088305,0.04638,0.021256,0.128408,0.096373,0.0589,0.055758,-0.002457,0.079949,0.098006,0.079293,0.1121,0.080891,0.046895,0.077788,0.041798,0.08369,0.125532,0.132074,0.064825,0.084461,0.079986,0.024026,-0.057316,0.131835,0.068129,0.07498,-0.050808,0.134792,0.138523,0.10162,0.076839,0.114738,0.145379,0.156691,0.157409,0.047432,0.130854,0.08122,,0.044695,,,0.032638,
收益质量,成本费用率,87.483934,85.697222,83.662289,80.461737,79.930319,82.995907,82.130031,81.732064,82.863154,89.988544,88.950435,89.009438,89.201358,92.054725,91.908764,92.472591,92.908657,91.584623,90.873187,90.184258,89.572201,91.093147,89.364072,90.765446,90.826557,90.308931,89.371027,88.707321,88.189095,90.957894,87.880129,87.136472,88.381569,88.761592,87.097995,84.759116,85.002389,88.207337,88.508412,86.63171,86.494287,85.810734,87.205354,84.830696,85.971554,89.423094,89.4123,87.412729,87.891894,91.065457,90.966665,88.823345,88.075205,91.16157,91.474419,90.403489,88.746482,90.150547,91.344581,90.292925,89.068485,89.816734,89.776778,90.016129,88.987609,89.52646,90.379498,91.644088,88.487073,88.372522,86.639726,86.244622,85.284272,79.873747,81.217932,82.209533,79.751632,85.974364,84.834246,84.759188,82.815307,84.343147,83.904348,82.402968,84.844672,84.271048,81.731146,84.126214,85.477253,90.115276,85.447206,84.025187,86.948306,87.457666
收益质量,期间费用率,17.682517,18.122482,16.95528,16.496082,17.025615,22.239801,21.818355,21.363326,23.63722,28.314508,27.830459,28.18107,29.710417,30.133558,31.66564,33.0754,35.530998,35.305168,35.10403,33.665801,35.118523,38.169143,35.751382,36.039845,34.693737,39.986969,40.667801,40.036448,40.2438,39.7341,37.810294,35.859365,36.571588,32.095898,26.417529,23.273009,24.40858,24.357024,38.849192,37.526687,37.965028,35.168502,35.379528,33.139051,31.790434,35.807821,34.707581,33.009082,34.758811,32.812532,30.550183,28.186137,26.283202,24.886044,25.335056,25.022936,22.944872,21.225305,24.01474,21.990312,20.716009,20.421922,20.098826,21.03002,20.970432,19.272566,19.836408,19.958241,21.841325,24.853179,23.205588,21.280166,18.239137,16.169945,17.532083,17.510208,16.220405,20.954695,19.475659,18.182469,16.419603,21.42863,22.891304,23.620189,24.643637,23.953906,23.465463,26.124565,23.971486,21.646162,23.856124,25.190992,26.34038,41.47685
收益质量,销售成本率,69.801417,67.574739,66.707009,63.965654,62.904704,60.756105,60.311676,60.368737,59.225934,61.674036,61.119976,60.828367,59.49094,61.921167,60.243124,59.39719,57.377658,56.279455,55.769156,56.518457,54.453678,52.924003,53.61269,54.725601,56.13282,50.321961,48.703225,48.670873,47.945295,51.223793,50.069834,51.277107,51.809981,56.665693,60.680466,61.486107,60.593808,63.850312,49.65922,49.105023,48.529259,50.642231,51.825825,51.691645,54.181119,53.615273,54.704719,54.403647,53.133082,58.252924,60.416481,60.637208,61.792003,66.275525,66.139362,65.380552,65.801609,68.925241,67.329841,68.302613,68.352475,69.394811,69.677952,68.986108,68.017176,70.253894,70.543089,71.685846,66.645748,63.519342,63.434138,64.964456,67.045134,63.703801,63.685849,64.699324,63.531227,65.019669,65.358587,66.576718,66.395704,62.914517,61.013043,58.782778,60.201034,60.317141,58.265683,58.001648,61.505767,68.469113,61.591081,58.834194,60.607925,45.980815
收益质量,经营活动净现金/归属母公司的净利润,-2.625125,1.803404,1.42495,0.993919,0.843375,2.081887,2.123,2.528969,2.147591,2.486518,2.565141,2.643054,1.504044,4.548672,4.610466,5.637005,5.369386,2.955691,2.17414,1.04132,0.475806,2.404742,1.935711,1.468604,-2.486325,1.935101,1.864403,1.758318,-1.554571,2.365824,1.431119,0.65496,1.429584,4.487262,1.368488,0.481371,-0.013687,1.758267,1.596837,1.616488,0.629395,1.025304,1.187141,-0.108534,-1.219331,1.360668,1.375559,1.909529,-0.181948,1.562616,0.984995,0.331768,2.126125,1.668134,1.148708,0.935879,-0.033128,1.134051,1.809271,1.360882,1.635217,1.064697,0.695359,1.236219,0.599013,1.09413,2.104065,2.67097,0.9043,1.076608,0.999036,0.303525,-0.532675,0.875338,0.498721,0.6104,-0.368852,1.457398,1.465451,1.046547,0.683782,0.986572,1.213232,1.243754,1.38987,0.462023,1.105927,0.82324,,0.730466,,,0.339919,
收益质量,所得税/利润总额,22.624043,13.966669,16.339035,16.730714,17.123093,20.380343,17.659458,18.364674,16.170175,12.032983,13.840593,16.684727,15.488999,11.851696,18.756957,22.35505,25.094296,10.570899,10.802693,15.367604,15.460211,13.550696,16.172599,16.342621,15.820777,13.458312,10.250679,16.64575,17.082937,17.308167,16.112526,15.523151,17.33862,14.176401,17.633472,17.965455,20.026983,17.605324,24.772306,26.949017,22.123724,17.319196,22.674241,21.051838,22.683929,16.694096,16.47002,15.671252,14.164578,13.336053,19.753517,17.452669,22.217102,18.098509,18.056955,17.132909,16.061699,13.367679,16.389714,16.108757,16.275298,13.590883,14.786549,13.429779,12.37135,13.660178,16.096779,16.034706,15.579464,13.12939,21.043856,24.408788,14.366837,13.760789,15.308532,14.688261,14.814377,14.612767,15.122944,14.837887,14.771195,13.104821,13.186549,15.73309,16.623983,14.89981,15.950215,16.198853,18.323278,12.658589,8.410196,7.975229,20.832313,17.196641
财务风险,流动比率,3.592757,3.5906,3.213158,2.934413,3.316867,2.689951,2.511422,2.457749,2.298368,2.819552,3.036775,3.044268,2.9929,2.784993,2.312479,2.003981,1.842926,1.590987,1.554419,1.484272,1.631672,1.6406,1.62531,1.61923,1.435035,1.490552,1.439945,1.476715,1.282905,1.28952,1.244667,1.340698,1.291348,1.283743,1.310923,1.304427,1.340001,1.345081,1.615333,1.438967,1.472437,1.469425,1.426031,1.599536,1.649363,1.689979,1.776659,1.628847,1.543411,1.568909,1.459951,1.545489,1.628006,1.737669,1.893165,1.896087,1.889118,1.946614,1.865847,2.01632,2.134603,2.463774,2.264199,2.160521,2.353507,2.868815,2.082085,1.88422,2.15604,3.154171,3.504365,3.811304,3.307363,4.00725,3.761166,3.666411,4.218733,4.418991,4.52831,5.570257,4.320072,3.582669,4.715105,5.527545,5.887511,5.370538,5.217116,3.646812,,1.373216,,,1.408771,1.495546
财务风险,速动比率,3.010772,3.032391,2.623158,2.362497,2.682102,2.181434,2.030816,1.967084,1.817954,2.216222,2.361497,2.413213,2.321203,2.203477,1.700816,1.453193,1.346839,1.141971,1.091127,1.054312,1.122112,1.110898,1.132915,1.190364,1.13308,1.133427,1.081181,1.138015,0.943435,0.937047,0.858651,0.958827,0.949166,0.927813,0.930964,0.922002,0.951666,0.960998,1.023501,0.871669,0.909206,0.870353,0.80432,0.875994,0.878377,0.90279,1.145242,1.049699,0.965833,1.015349,1.027727,1.058612,1.155783,1.235338,1.37222,1.374617,1.303749,1.347621,1.176356,1.262803,1.35842,1.53643,1.554779,1.557599,1.816558,1.958526,1.582197,1.419645,1.543666,2.083648,2.447547,2.632563,2.34311,2.809223,2.611579,2.499155,2.840509,3.069749,3.443458,4.103278,3.401315,2.521946,3.741183,4.426355,4.939875,4.461003,4.556905,3.22124,,0.978766,,,1.06395,1.19493
财务风险,保守速动比率,1.581868,1.60892,1.587827,1.625126,1.930519,1.675994,1.526959,1.708343,1.62454,1.962509,2.176435,2.2418,2.139055,1.984114,1.485147,1.289711,1.191738,0.991919,0.949297,0.937509,0.976416,0.924098,0.992625,1.048069,0.994948,1.003003,1.004076,1.070838,0.85869,0.846186,0.778375,0.842267,0.840431,0.822352,0.830086,0.836045,0.853729,0.854862,0.846715,0.746795,0.774059,0.739838,0.724958,0.797016,0.765931,0.794065,0.938994,0.872418,0.80557,0.897781,0.883371,1.001964,1.10081,1.115587,1.262135,1.28743,1.217025,1.214625,1.082178,1.116612,1.195026,1.261195,1.35292,1.368237,1.555221,1.704276,1.441802,1.274377,1.387184,1.848135,2.2925,2.339662,2.169432,2.643012,2.385367,2.278748,2.560608,2.736053,2.941697,3.915188,3.340742,2.37965,3.656715,4.263646,4.689816,4.165737,4.361346,3.058399,,0.883103,,,0.953759,1.059731
财务风险,资产负债率,17.589492,17.590628,18.789803,20.317743,18.538608,23.219716,24.285232,24.441976,25.629243,25.909443,25.48007,26.256111,34.44999,38.092168,42.123794,44.95968,46.109227,45.622026,46.569817,48.576686,47.281878,46.196596,47.43249,46.851143,49.08854,47.823154,49.175799,51.327184,48.206054,48.71627,50.513827,50.860221,50.508523,49.588162,50.842502,52.045663,52.682032,53.78989,58.500042,59.822859,61.320985,61.047415,63.468453,64.89852,64.271698,63.453061,65.555748,65.200563,59.824151,57.870926,58.973013,55.980189,54.267565,51.777473,51.022972,50.769248,36.189123,36.499948,34.460538,33.270066,31.079577,26.245069,28.880672,30.643342,29.308091,23.093893,31.693778,35.738407,29.810992,20.557481,19.58661,17.781172,20.338833,16.750257,17.465585,17.323246,14.948607,14.415229,14.766537,12.277246,15.83652,18.218906,16.264214,13.731102,13.284353,14.396934,15.008667,22.525592,,45.44249,,,43.668856,45.892499
财务风险,权益乘数,1.396824,1.452128,1.463603,1.475784,1.467518,1.535926,1.548073,1.550476,1.561426,1.737713,1.73421,1.74694,1.903805,2.105894,2.211427,2.273844,2.303266,2.303322,2.32297,2.369217,2.344772,2.361496,2.384826,2.383913,2.439298,2.412934,2.450014,2.511179,2.394237,2.437238,2.469044,2.480934,2.487673,2.600001,2.629046,2.656815,2.672963,3.109552,3.427443,3.448982,3.477974,3.184359,3.300523,3.35197,3.316287,3.240012,3.352787,3.323459,3.239532,2.964055,3.004954,2.868137,2.810727,2.305065,2.28015,2.265225,1.82126,1.708263,1.677086,1.657948,1.632113,1.540943,1.56979,1.590516,1.568476,1.521731,1.619063,1.671284,1.59146,1.403194,1.389489,1.370759,1.388453,1.341485,1.346065,1.341059,1.315809,1.337368,1.338563,1.31625,1.335267,1.32288,1.304803,1.283235,1.278923,1.509042,1.515599,1.60401,,2.219075,,,2.171904,2.225876
财务风险,权益乘数(含少数股权的净资产),1.213437,1.213454,1.231372,1.254984,1.227575,1.302417,1.320746,1.323486,1.344614,1.349699,1.341922,1.356044,1.525552,1.615304,1.727825,1.816849,1.855605,1.838979,1.871601,1.944643,1.89688,1.858618,1.902315,1.881508,1.964194,1.916558,1.967566,2.054534,1.930727,1.949936,2.020766,2.035011,2.020549,1.983661,2.034277,2.085317,2.113362,2.164028,2.409641,2.488977,2.585381,2.567223,2.73736,2.848882,2.798901,2.736207,2.903242,2.873609,2.489057,2.373657,2.43742,2.271704,2.186631,2.073719,2.041773,2.03125,1.56713,1.574801,1.525798,1.498577,1.450948,1.355841,1.406087,1.441822,1.414589,1.300286,1.463995,1.556139,1.424724,1.258771,1.243573,1.216266,1.255316,1.201204,1.211615,1.209529,1.175759,1.168432,1.173248,1.139955,1.188163,1.222776,1.194232,1.159166,1.153194,1.168182,1.17659,1.290748,,1.832928,,,1.775216,1.848172
财务风险,产权比率,24.594444,24.545772,26.632459,29.285507,26.415039,35.092848,37.271783,37.624625,40.000522,40.474028,39.594089,41.32696,63.878565,74.441821,90.020661,101.572964,106.867255,104.415266,108.362382,117.441877,112.059819,107.120612,112.121291,110.623134,121.280852,115.127702,121.911444,133.450002,114.257869,117.841332,125.266427,127.311302,127.134982,121.859002,127.552524,133.2503,136.472625,148.562753,173.51954,181.878647,192.589857,190.13405,211.653623,222.957437,216.368997,207.100698,228.1065,223.200477,195.382601,182.920857,191.845612,166.394299,155.158179,141.461271,137.984915,136.35428,65.553316,66.848964,61.321261,58.016221,52.668965,41.191742,46.93925,51.099878,47.683806,34.810958,53.891529,64.659205,49.149882,29.630128,27.715878,24.510145,28.763521,22.831211,23.980279,23.640013,19.656479,18.998002,19.490719,15.654687,20.804624,24.73817,21.522935,17.591686,16.907497,18.505171,19.375937,31.458568,,104.333966,,,92.899457,102.151029
财务风险,现金比率,1.172273,1.278195,1.232122,1.264168,1.550705,1.430133,1.221331,1.392232,1.312014,1.580191,1.591587,1.589445,1.462795,1.465424,0.956807,0.770455,0.698176,0.626115,0.576003,0.532523,0.552874,0.600472,0.592118,0.586365,0.596916,0.79548,0.689806,0.727318,0.483208,0.582697,0.434644,0.432753,0.436007,0.451886,0.317696,0.333217,0.28404,0.347987,0.301859,0.316905,0.356428,0.327322,0.299903,0.352172,0.277423,0.373688,0.440207,0.414529,0.379323,0.469698,0.409186,0.489318,0.582188,0.664501,0.710599,0.753183,0.523893,0.566969,0.593593,0.480553,0.536343,0.590479,0.504987,0.520971,0.621755,0.978626,0.738098,0.618893,0.624424,1.126908,1.183782,1.108195,1.089658,1.573435,1.152929,1.142675,1.259007,1.74272,1.758188,2.064916,1.928437,1.783521,2.556704,3.094019,3.400571,3.061415,3.216649,2.426814,,0.288942,,,0.257902,0.476375
营运能力,应收账款周转率,1.867736,9.282041,6.534424,4.389115,2.444513,9.281045,6.462683,4.397213,2.291616,7.465488,4.841481,3.151252,1.679405,6.189622,4.387264,2.611823,1.263194,7.03065,5.211274,3.380219,1.919829,9.141603,5.529788,3.435814,1.82567,11.12095,6.609258,4.259602,2.19276,10.13844,6.041456,3.945404,2.157867,7.388313,4.924242,3.313627,1.772182,8.202572,3.001594,2.093078,1.014351,9.757234,7.017813,4.916191,2.49333,11.586616,8.030592,5.091584,2.674258,10.565157,6.396929,3.882912,2.229103,9.021233,5.980342,3.800217,1.824942,10.193621,10.037912,6.168905,3.375658,13.380762,8.319616,5.458396,2.700691,11.197493,8.210801,4.962863,2.470369,8.252833,5.625776,3.861004,1.628846,7.166152,4.667927,3.460368,1.763384,7.878666,5.749358,3.789749,2.061545,7.915075,5.249157,4.16304,1.900062,5.361285,3.919582,2.760148,,6.3716,,,4.694544,3.492935
营运能力,应收账款周转天数,48.186655,38.784572,41.319628,41.010544,36.817143,38.788731,41.778308,40.935015,39.273583,48.221894,55.768059,57.120147,53.590394,58.161871,61.541771,68.91737,71.247939,51.204367,51.810746,53.25098,46.879158,39.3804,48.826461,52.389322,49.296951,32.371334,40.851783,42.257466,41.044159,35.508421,44.691208,45.622695,41.707846,48.725595,54.83077,54.321136,50.784844,43.888669,89.95219,85.997732,88.726635,36.8957,38.473519,36.613709,36.096292,31.070331,33.621431,35.352449,33.654186,34.074266,42.207748,46.356956,40.374977,39.905852,45.147913,47.365706,49.316616,35.3162,26.898021,29.178597,26.661465,26.904295,32.45342,32.976718,33.3248,32.150052,32.883514,36.269381,36.431791,43.621379,47.993375,46.619991,55.253828,50.236165,57.841519,52.017585,51.038215,45.693013,46.961761,47.496543,43.65657,45.482823,51.436822,43.237626,47.366859,67.148073,68.884886,65.213875,,56.500721,,,76.684761,103.065185
营运能力,存货周转率,0.800894,3.196911,2.202565,1.439865,0.762664,2.96054,2.303488,1.579875,0.7992,3.154144,2.320874,1.653068,0.828249,2.911575,1.993659,1.236732,0.605884,2.470457,1.799917,1.301987,0.639521,2.373507,1.828703,1.386767,0.825668,2.649705,1.829057,1.288981,0.662673,2.739333,1.908173,1.410006,0.810205,2.589312,2.117827,1.490462,0.765755,3.104327,0.748997,0.494938,0.236914,1.759685,1.346399,0.889414,0.503434,2.298946,1.913246,1.26271,0.600977,2.906192,2.635814,1.545709,0.87785,3.992521,2.967832,1.795787,0.931474,4.286673,2.896433,2.106725,1.106076,4.463147,3.996617,2.836158,1.550357,4.53763,4.074768,2.857632,1.153768,2.877415,2.468602,1.743814,0.878118,3.232706,2.570115,1.8216,0.898321,3.207933,2.794132,2.078091,1.244038,3.592805,3.287912,2.398829,1.282945,3.850463,3.308609,2.179301,,7.01642,,,5.514704,3.116657
营运能力,存货周转天数,112.374329,112.608678,122.584295,125.011637,118.007327,121.59941,117.213516,113.933045,112.612547,114.135526,116.335464,108.888426,108.662927,123.644401,135.429344,145.544769,148.543075,145.721986,150.006872,138.250185,140.730267,151.674259,147.645572,129.798255,109.002633,135.864135,147.616971,139.645095,135.813584,131.418813,141.496576,127.658979,111.082997,139.033055,127.489146,120.767891,117.530923,115.96716,360.48162,363.681826,379.883851,204.581987,200.534847,202.38032,178.772097,156.59345,141.121399,142.550448,149.756067,123.873401,102.43513,116.451398,102.523098,90.168592,90.975478,100.234553,96.621025,83.981209,93.218096,85.440666,81.36867,80.660573,67.557134,63.466129,58.051113,79.336557,66.26144,62.989194,78.005258,125.112286,109.373609,103.221971,102.491886,111.361792,105.053649,98.814178,100.186795,112.221782,96.631067,86.617937,72.345011,100.200252,82.118963,75.036591,70.151085,93.495238,81.60528,82.595282,,51.308216,,,65.280012,115.508348
营运能力,总资产周转率,0.106719,0.477921,0.352304,0.246218,0.132713,0.556505,0.436005,0.303146,0.15934,0.619246,0.473706,0.33406,0.177108,0.669727,0.517386,0.334658,0.168269,0.747309,0.566865,0.401109,0.20994,0.69973,0.517207,0.350268,0.183119,0.715441,0.523156,0.359032,0.192193,0.715724,0.536228,0.371421,0.199656,0.564357,0.437921,0.30365,0.156734,0.630082,0.219521,0.149974,0.072695,0.675065,0.526557,0.358926,0.194082,0.790482,0.582211,0.397447,0.194557,0.802402,0.647137,0.403919,0.218119,1.013282,0.772746,0.486691,0.272101,1.295775,0.972657,0.714002,0.365721,1.379281,1.110554,0.760637,0.397571,1.279219,1.004504,0.709032,0.323628,0.911003,0.752165,0.519479,0.246046,0.950189,0.763226,0.533309,0.269308,0.922943,0.733354,0.553235,0.304246,0.916052,0.761927,0.562073,0.268732,0.921888,0.699336,0.461073,,1.64477,,,1.202283,0.849643
营运能力,总资产周转天数,843.331226,753.261143,766.38186,731.059371,678.154237,646.89391,619.258777,593.773177,564.829241,581.351591,569.972793,538.824698,508.16165,537.532452,521.853344,537.862449,534.85598,481.728205,476.303794,448.755756,428.692784,514.483948,522.034082,513.891093,491.481217,503.185949,516.097953,501.347365,468.277937,502.986659,503.516895,484.624632,450.774473,637.893493,616.549239,592.787374,574.21904,571.353615,1229.949236,1200.205588,1238.039183,533.281949,512.764563,501.495739,463.719629,455.418039,463.748711,452.890513,462.588629,448.652541,417.222056,445.633076,412.618487,355.280894,349.402865,369.8439,330.758377,277.82598,277.590096,252.099983,246.088647,261.005548,243.121715,236.643715,226.37456,281.421607,268.78934,253.867169,278.096922,395.168644,358.96341,346.500581,365.784018,378.87163,353.761301,337.514946,334.18962,390.056546,368.171058,325.358726,295.812955,392.990425,354.364343,320.242723,334.905138,390.502785,386.080125,390.3937,,218.87557,,,299.430108,423.707093
营运能力,流动资产周转率,0.182147,0.816411,0.615591,0.431899,0.230564,0.979139,0.772249,0.540605,0.285314,1.080496,0.817531,0.565442,0.301252,1.14832,0.905065,0.57986,0.29097,1.325003,0.99994,0.703109,0.372756,1.265827,0.929557,0.639281,0.330266,1.344508,0.97735,0.659425,0.37171,1.471175,1.124482,0.773698,0.423424,1.285024,1.004341,0.701696,0.36362,1.536859,0.535433,0.365146,0.175486,1.510799,1.168325,0.78879,0.43362,1.771382,1.238981,0.822503,0.411912,1.632009,1.30265,0.785492,0.420131,1.788788,1.295335,0.792281,0.437104,2.092538,1.602985,1.156416,0.59815,2.244943,1.807785,1.219956,0.613184,2.011595,1.564439,1.090441,0.510191,1.450062,1.168781,0.816515,0.386632,1.5315,1.232883,0.87868,0.447132,1.483593,1.144198,0.874973,0.4758,1.326977,1.021005,0.756472,0.356207,1.304366,0.990639,0.613234,,2.764064,,,2.036734,1.364808
营运能力,流动资产周转天数,494.105527,440.953935,438.602792,416.763883,390.346389,367.669772,349.628077,332.9602,315.441344,333.180123,330.262537,318.334888,298.752458,313.501199,298.321039,310.419364,309.31015,271.697376,270.016122,256.005557,241.444783,284.398893,290.460631,281.566122,272.507467,267.755794,276.256973,272.964716,242.123888,244.702252,240.110432,232.648781,212.55275,280.150216,268.832977,256.521182,247.510839,234.243937,504.264209,492.953237,512.859279,238.284453,231.099951,228.197567,207.55495,203.231047,217.920891,218.8441,218.492754,220.587007,207.269752,229.155611,214.218669,201.253521,208.440129,227.192003,205.900571,172.03988,168.435761,155.653323,150.463821,160.360416,149.353996,147.546241,146.774627,178.962459,172.585745,165.070793,176.404179,248.265228,231.009724,220.448994,232.779448,235.063649,218.99886,204.852699,201.282727,242.654062,235.973005,205.720419,189.154986,271.293312,264.445162,237.946453,252.661603,275.996025,272.551096,293.525791,,130.242986,,,176.753538,263.77319
营运能力,应付账款周转率,2.37938,8.41182,6.261196,4.081994,2.109582,7.819096,5.73484,3.926832,1.953859,7.609919,6.198255,4.15212,2.07435,7.208995,5.303479,3.585895,1.576444,7.416611,5.729851,3.876562,2.096854,8.333109,5.867446,3.968145,1.947429,7.097383,5.285081,3.390951,,6.853168,,3.07313,1.630454,5.9057,5.645301,4.438069,2.060511,6.726936,-0.431281,-0.836813,-1.465593,5.937489,4.853438,3.309239,1.882342,7.612895,5.741745,3.464372,2.153789,7.158766,5.180234,3.339129,1.61165,8.12126,6.716894,4.15111,1.809789,10.15355,11.26346,8.036851,3.262375,15.025506,7.452972,4.752188,2.221637,12.24372,6.422831,3.881507,2.35969,11.865946,10.397157,6.909624,3.235533,11.869265,8.815904,6.384638,3.401858,9.151224,6.868429,7.739567,2.311591,10.405278,13.446402,10.841725,3.466114,7.99179,5.818358,4.572601,,9.919333,,,7.266217,5.862853
