SECUCODE,SECURITY_CODE,SECURITY_NAME_ABBR,ORG_CODE,ORG_TYPE,REPORT_DATE,REPORT_TYPE,REPORT_DATE_NAME,SECURITY_TYPE_CODE,NOTICE_DATE,UPDATE_DATE,CURRENCY,ACCEPT_DEPOSIT_INTERBANK,ACCOUNTS_PAYABLE,ACCOUNTS_RECE,ACCRUED_EXPENSE,ADVANCE_RECEIVABLES,AGENT_TRADE_SECURITY,AGENT_UNDERWRITE_SECURITY,AMORTIZE_COST_FINASSET,AMORTIZE_COST_FINLIAB,AMORTIZE_COST_NCFINASSET,AMORTIZE_COST_NCFINLIAB,APPOINT_FVTPL_FINASSET,APPOINT_FVTPL_FINLIAB,ASSET_BALANCE,ASSET_OTHER,ASSIGN_CASH_DIVIDEND,AVAILABLE_SALE_FINASSET,BOND_PAYABLE,BORROW_FUND,BUY_RESALE_FINASSET,CAPITAL_RESERVE,CIP,CONSUMPTIVE_BIOLOGICAL_ASSET,CONTRACT_ASSET,CONTRACT_LIAB,CONVERT_DIFF,CREDITOR_INVEST,CURRENT_ASSET_BALANCE,CURRENT_ASSET_OTHER,CURRENT_LIAB_BALANCE,CURRENT_LIAB_OTHER,DEFER_INCOME,DEFER_INCOME_1YEAR,DEFER_TAX_ASSET,DEFER_TAX_LIAB,DERIVE_FINASSET,DERIVE_FINLIAB,DEVELOP_EXPENSE,DIV_HOLDSALE_ASSET,DIV_HOLDSALE_LIAB,DIVIDEND_PAYABLE,DIVIDEND_RECE,EQUITY_BALANCE,EQUITY_OTHER,EXPORT_REFUND_RECE,FEE_COMMISSION_PAYABLE,FIN_FUND,FINANCE_RECE,FIXED_ASSET,FIXED_ASSET_DISPOSAL,FVTOCI_FINASSET,FVTOCI_NCFINASSET,FVTPL_FINASSET,FVTPL_FINLIAB,GENERAL_RISK_RESERVE,GOODWILL,HOLD_MATURITY_INVEST,HOLDSALE_ASSET,HOLDSALE_LIAB,INSURANCE_CONTRACT_RESERVE,INTANGIBLE_ASSET,INTEREST_PAYABLE,INTEREST_RECE,INTERNAL_PAYABLE,INTERNAL_RECE,INVENTORY,INVEST_REALESTATE,LEASE_LIAB,LEND_FUND,LIAB_BALANCE,LIAB_EQUITY_BALANCE,LIAB_EQUITY_OTHER,LIAB_OTHER,LOAN_ADVANCE,LOAN_PBC,LONG_EQUITY_INVEST,LONG_LOAN,LONG_PAYABLE,LONG_PREPAID_EXPENSE,LONG_RECE,LONG_STAFFSALARY_PAYABLE,MINORITY_EQUITY,MONETARYFUNDS,NONCURRENT_ASSET_1YEAR,NONCURRENT_ASSET_BALANCE,NONCURRENT_ASSET_OTHER,NONCURRENT_LIAB_1YEAR,NONCURRENT_LIAB_BALANCE,NONCURRENT_LIAB_OTHER,NOTE_ACCOUNTS_PAYABLE,NOTE_ACCOUNTS_RECE,NOTE_PAYABLE,NOTE_RECE,OIL_GAS_ASSET,OTHER_COMPRE_INCOME,OTHER_CREDITOR_INVEST,OTHER_CURRENT_ASSET,OTHER_CURRENT_LIAB,OTHER_EQUITY_INVEST,OTHER_EQUITY_OTHER,OTHER_EQUITY_TOOL,OTHER_NONCURRENT_ASSET,OTHER_NONCURRENT_FINASSET,OTHER_NONCURRENT_LIAB,OTHER_PAYABLE,OTHER_RECE,PARENT_EQUITY_BALANCE,PARENT_EQUITY_OTHER,PERPETUAL_BOND,PERPETUAL_BOND_PAYBALE,PREDICT_CURRENT_LIAB,PREDICT_LIAB,PREFERRED_SHARES,PREFERRED_SHARES_PAYBALE,PREMIUM_RECE,PREPAYMENT,PRODUCTIVE_BIOLOGY_ASSET,PROJECT_MATERIAL,RC_RESERVE_RECE,REINSURE_PAYABLE,REINSURE_RECE,SELL_REPO_FINASSET,SETTLE_EXCESS_RESERVE,SHARE_CAPITAL,SHORT_BOND_PAYABLE,SHORT_FIN_PAYABLE,SHORT_LOAN,SPECIAL_PAYABLE,SPECIAL_RESERVE,STAFF_SALARY_PAYABLE,SUBSIDY_RECE,SURPLUS_RESERVE,TAX_PAYABLE,TOTAL_ASSETS,TOTAL_CURRENT_ASSETS,TOTAL_CURRENT_LIAB,TOTAL_EQUITY,TOTAL_LIAB_EQUITY,TOTAL_LIABILITIES,TOTAL_NONCURRENT_ASSETS,TOTAL_NONCURRENT_LIAB,TOTAL_OTHER_PAYABLE,TOTAL_OTHER_RECE,TOTAL_PARENT_EQUITY,TRADE_FINASSET,TRADE_FINASSET_NOTFVTPL,TRADE_FINLIAB,TRADE_FINLIAB_NOTFVTPL,TREASURY_SHARES,UNASSIGN_RPOFIT,UNCONFIRM_INVEST_LOSS,USERIGHT_ASSET,ACCEPT_DEPOSIT_INTERBANK_YOY,ACCOUNTS_PAYABLE_YOY,ACCOUNTS_RECE_YOY,ACCRUED_EXPENSE_YOY,ADVANCE_RECEIVABLES_YOY,AGENT_TRADE_SECURITY_YOY,AGENT_UNDERWRITE_SECURITY_YOY,AMORTIZE_COST_FINASSET_YOY,AMORTIZE_COST_FINLIAB_YOY,AMORTIZE_COST_NCFINASSET_YOY,AMORTIZE_COST_NCFINLIAB_YOY,APPOINT_FVTPL_FINASSET_YOY,APPOINT_FVTPL_FINLIAB_YOY,ASSET_BALANCE_YOY,ASSET_OTHER_YOY,ASSIGN_CASH_DIVIDEND_YOY,AVAILABLE_SALE_FINASSET_YOY,BOND_PAYABLE_YOY,BORROW_FUND_YOY,BUY_RESALE_FINASSET_YOY,CAPITAL_RESERVE_YOY,CIP_YOY,CONSUMPTIVE_BIOLOGICAL_ASSET_YOY,CONTRACT_ASSET_YOY,CONTRACT_LIAB_YOY,CONVERT_DIFF_YOY,CREDITOR_INVEST_YOY,CURRENT_ASSET_BALANCE_YOY,CURRENT_ASSET_OTHER_YOY,CURRENT_LIAB_BALANCE_YOY,CURRENT_LIAB_OTHER_YOY,DEFER_INCOME_1YEAR_YOY,DEFER_INCOME_YOY,DEFER_TAX_ASSET_YOY,DEFER_TAX_LIAB_YOY,DERIVE_FINASSET_YOY,DERIVE_FINLIAB_YOY,DEVELOP_EXPENSE_YOY,DIV_HOLDSALE_ASSET_YOY,DIV_HOLDSALE_LIAB_YOY,DIVIDEND_PAYABLE_YOY,DIVIDEND_RECE_YOY,EQUITY_BALANCE_YOY,EQUITY_OTHER_YOY,EXPORT_REFUND_RECE_YOY,FEE_COMMISSION_PAYABLE_YOY,FIN_FUND_YOY,FINANCE_RECE_YOY,FIXED_ASSET_DISPOSAL_YOY,FIXED_ASSET_YOY,FVTOCI_FINASSET_YOY,FVTOCI_NCFINASSET_YOY,FVTPL_FINASSET_YOY,FVTPL_FINLIAB_YOY,GENERAL_RISK_RESERVE_YOY,GOODWILL_YOY,HOLD_MATURITY_INVEST_YOY,HOLDSALE_ASSET_YOY,HOLDSALE_LIAB_YOY,INSURANCE_CONTRACT_RESERVE_YOY,INTANGIBLE_ASSET_YOY,INTEREST_PAYABLE_YOY,INTEREST_RECE_YOY,INTERNAL_PAYABLE_YOY,INTERNAL_RECE_YOY,INVENTORY_YOY,INVEST_REALESTATE_YOY,LEASE_LIAB_YOY,LEND_FUND_YOY,LIAB_BALANCE_YOY,LIAB_EQUITY_BALANCE_YOY,LIAB_EQUITY_OTHER_YOY,LIAB_OTHER_YOY,LOAN_ADVANCE_YOY,LOAN_PBC_YOY,LONG_EQUITY_INVEST_YOY,LONG_LOAN_YOY,LONG_PAYABLE_YOY,LONG_PREPAID_EXPENSE_YOY,LONG_RECE_YOY,LONG_STAFFSALARY_PAYABLE_YOY,MINORITY_EQUITY_YOY,MONETARYFUNDS_YOY,NONCURRENT_ASSET_1YEAR_YOY,NONCURRENT_ASSET_BALANCE_YOY,NONCURRENT_ASSET_OTHER_YOY,NONCURRENT_LIAB_1YEAR_YOY,NONCURRENT_LIAB_BALANCE_YOY,NONCURRENT_LIAB_OTHER_YOY,NOTE_ACCOUNTS_PAYABLE_YOY,NOTE_ACCOUNTS_RECE_YOY,NOTE_PAYABLE_YOY,NOTE_RECE_YOY,OIL_GAS_ASSET_YOY,OTHER_COMPRE_INCOME_YOY,OTHER_CREDITOR_INVEST_YOY,OTHER_CURRENT_ASSET_YOY,OTHER_CURRENT_LIAB_YOY,OTHER_EQUITY_INVEST_YOY,OTHER_EQUITY_OTHER_YOY,OTHER_EQUITY_TOOL_YOY,OTHER_NONCURRENT_ASSET_YOY,OTHER_NONCURRENT_FINASSET_YOY,OTHER_NONCURRENT_LIAB_YOY,OTHER_PAYABLE_YOY,OTHER_RECE_YOY,PARENT_EQUITY_BALANCE_YOY,PARENT_EQUITY_OTHER_YOY,PERPETUAL_BOND_PAYBALE_YOY,PERPETUAL_BOND_YOY,PREDICT_CURRENT_LIAB_YOY,PREDICT_LIAB_YOY,PREFERRED_SHARES_PAYBALE_YOY,PREFERRED_SHARES_YOY,PREMIUM_RECE_YOY,PREPAYMENT_YOY,PRODUCTIVE_BIOLOGY_ASSET_YOY,PROJECT_MATERIAL_YOY,RC_RESERVE_RECE_YOY,REINSURE_PAYABLE_YOY,REINSURE_RECE_YOY,SELL_REPO_FINASSET_YOY,SETTLE_EXCESS_RESERVE_YOY,SHARE_CAPITAL_YOY,SHORT_BOND_PAYABLE_YOY,SHORT_FIN_PAYABLE_YOY,SHORT_LOAN_YOY,SPECIAL_PAYABLE_YOY,SPECIAL_RESERVE_YOY,STAFF_SALARY_PAYABLE_YOY,SUBSIDY_RECE_YOY,SURPLUS_RESERVE_YOY,TAX_PAYABLE_YOY,TOTAL_ASSETS_YOY,TOTAL_CURRENT_ASSETS_YOY,TOTAL_CURRENT_LIAB_YOY,TOTAL_EQUITY_YOY,TOTAL_LIAB_EQUITY_YOY,TOTAL_LIABILITIES_YOY,TOTAL_NONCURRENT_ASSETS_YOY,TOTAL_NONCURRENT_LIAB_YOY,TOTAL_OTHER_PAYABLE_YOY,TOTAL_OTHER_RECE_YOY,TOTAL_PARENT_EQUITY_YOY,TRADE_FINASSET_NOTFVTPL_YOY,TRADE_FINASSET_YOY,TRADE_FINLIAB_NOTFVTPL_YOY,TRADE_FINLIAB_YOY,TREASURY_SHARES_YOY,UNASSIGN_RPOFIT_YOY,UNCONFIRM_INVEST_LOSS_YOY,USERIGHT_ASSET_YOY,OPINION_TYPE,OSOPINION_TYPE,LISTING_STATE
300760.SZ,300760,迈瑞医疗,10091420,通用,2026-03-31 00:00:00,一季报,2026一季报,058001001,2026-04-29 00:00:00,2026-04-29 00:00:00,CNY,,3545265141.0,3574025664.0,,159350.0,,,,,,,,,0.0,,,,,,,6004836254.0,3266068407.0,,,3342384074.0,,,0.0,,0.0,,194989948.0,,1394640935.0,684682677.0,,,363272441.0,,,17489552.0,,0.0,,,,,,7827796412.0,,,,,,,11207360044.0,,,,,6145026862.0,,,,,5254258350.0,31436144.0,210098429.0,,0.0,,,,,,188642881.0,272785.0,,96078724.0,20505061.0,964137861.0,4735471375.0,17792797168.0,38293433.0,0.0,,132267707.0,0.0,,3545265141.0,3574473239.0,,447575.0,,24063593.0,,560261026.0,311757559.0,174798471.0,,,524726170.0,,738171533.0,,,0.0,,,,,231669222.0,,,,315572940.0,,,,,,,,1212441394.0,,,324719.0,,,2410578193.0,,607845633.0,349933039.0,59614755270,28054325573,11745169549,44845563266.0,59614755270.0,14769192004,31560429697,3024022455.0,1652499767.0,222661586.0,40110091891,,296007831.0,,,210569447.0,32471474464.0,,320077145.0,,13.1329845303,2.6749941323,,-91.7472135517,,,,,,,,,,,,,,,,-10.8357947261,18.7759829886,,,50.1812364875,,,,,,,,34.3076165691,-9.9288749625,-15.0727620829,,,-16.0954009137,,,,,,,,,,,,10.1434059543,,,,,,-0.1149506297,,,,,-6.0784082306,,,,,1.5766942672,-5.2527432379,15.3976340825,,,,,,,,14.0268848609,-19.7339422276,,88.349920455,-10.115644285,-47.9038703943,-4.6734977408,0.460500879,-13.6021364824,,,17.9208838876,,,13.1329845303,2.6518422837,,-63.3462425753,,-80.7409115217,,49.723230197,-15.532242791,-26.1974534149,,,-21.6134099175,,25.7450634203,,,,,,,,-53.1521676051,,,,5.084950336,,,,,,,,0.0,,,-94.3125109032,,,-0.0257380687,,0.0,-22.9881844768,2.1415099575,2.7264022469,9.3468294753,2.9568469371,2.1415099575,-0.2569220914,1.6271578506,-25.6271088893,-18.4935412076,-0.977318355,3.9390899931,,,,,-37.6580332078,7.3510031862,,16.2138320616,,,0
300760.SZ,300760,迈瑞医疗,10091420,通用,2025-12-31 00:00:00,年报,2025年报,058001001,2026-03-31 00:00:00,2026-04-29 00:00:00,CNY,,3242266059.0,3408119891.0,,148300.0,,,,,,,,,0.0,,,,,,,6080770096.0,3154323277.0,,,3000601014.0,,,0.0,,0.0,,181755913.0,,1566748498.0,712617590.0,,,280589356.0,,,18313920.0,,0.0,,,,,,7670128102.0,,,,,,,11404095043.0,,,,,6390259938.0,,,,,5003717480.0,31871845.0,221242213.0,,0.0,,,,,,179690853.0,4062631.0,,96582677.0,17467792.0,2375582143.0,4917989582.0,17690372308.0,39387487.0,0.0,,123650572.0,0.0,,3242266059.0,3410083493.0,,1963602.0,,260268632.0,,542153090.0,320861201.0,194743644.0,,,544771387.0,,712217423.0,,,0.0,,,,,448364079.0,,,,272664782.0,,,,,,,,1212441394.0,,,328106.0,,,2529632277.0,,607845633.0,384842410.0,59266767707,27410151729,11599605662,43011320053.0,59266767707.0,16255447654,31856615978,4655841992.0,1997275723.0,201287343.0,38093330471,,250485746.0,,,210569447.0,30142574163.0,,325343566.0,,16.105599169,5.8652305789,,-67.5242199681,,,,,,,,,,,,,,,,-9.936788581,17.9259641123,,,38.5467775513,,,,,,,,43.1144041847,-7.698149333,-11.8807333509,,,-20.5104915825,,,,,,,,,,,,8.2409720747,,,,,,2.802717045,,,,,-4.9453461387,,,,,5.1770060978,-1.548514837,24.7754768853,,,,,,,,-8.8796725505,1078.4725747454,,82.1833799377,-23.6026661535,-27.9673577741,0.3298952683,6.2863605805,-11.1148323854,,,7.1212008275,,,16.105599169,5.7188301521,,-68.9082050365,,17156.5382514096,,14.8128821907,-23.5547457663,-1.7283397852,,,-7.9902594265,,33.0317369181,,,,,,,,-12.3580297197,,,,-8.338154606,,,,,,,,0.0,,,-93.9227812815,,,3.3785878648,,0.0,-9.9797852036,4.6311059051,6.8762659892,11.2444834361,5.5280746679,4.6311059051,2.3296916056,2.7734772977,-14.7006525281,-2.7316948003,-2.0630706678,6.2387026813,,,,,-37.6580332078,9.1305371976,,18.7756676747,标准无保留意见,,0
300760.SZ,300760,迈瑞医疗,10091420,通用,2025-09-30 00:00:00,三季报,2025三季报,058001001,2025-10-30 00:00:00,2025-10-30 00:00:00,CNY,,3270904342.0,3834696063.0,,156310.0,,,,,,,,,0.0,,,,,,,6101637072.0,3026038624.0,,,2262657484.0,,,0.0,,0.0,,163160187.0,,1468191630.0,773502291.0,,,408256942.0,,,,,0.0,,,,,,7542296285.0,,,,,,,11464532536.0,,,,,6374186617.0,,,,,5178319590.0,32307547.0,229473968.0,,0.0,,,,,,177535135.0,4085585.0,,64485449.0,26816463.0,1865957851.0,4947197345.0,17133259546.0,40584925.0,0.0,,122027956.0,0.0,,3270904342.0,3845471995.0,,10775932.0,,372004718.0,,486464360.0,296636245.0,232062518.0,,,533623124.0,,695399062.0,,,0.0,,,,,450920101.0,,,,318715266.0,,,,,,,,1212441394.0,,,3021342.0,,,2608181898.0,,607845633.0,557821369.0,59265123962,27582231309,10837818630,44244806287.0,59265123962.0,15020317675,31682892653,4182499045.0,1716411684.0,197245769.0,39297608942,,382169858.0,,,210569447.0,31214249572.0,,332559783.0,,-14.1376574177,6.4151576591,,-88.3799419257,,,,,,,,,,,,,,,,-12.0514862485,7.4762387969,,,31.451065723,,,,,,,,34.4614226657,15.3781003711,-7.798834369,,,0.6555333785,,,,,,,,,,,,16.1278238449,,,,,,2.3088515538,,,,,-6.3729286364,,,,,6.6128238593,-19.3768407202,28.072030121,,,,,,,,28.6670003809,985.7024033504,,4.4985210285,124.6494290413,2.4901842944,0.5593202972,-0.9598163553,-6.8381305797,,,5.5582199536,,,-14.1376574177,6.649445083,,392.5356788954,,341.8505378031,,18.0698238768,-22.0826963696,-3.0275327404,,,-26.6249510188,,24.8426134481,,,,,,,,-11.8153158344,,,,-5.4766372216,,,,,,,,0.0,,,-46.7777214671,,,-14.1345259748,,0.0,-18.4131782984,2.8881850607,1.7663713381,-6.2399814769,5.310727303,2.8881850607,-3.641214478,3.8851375184,3.8149519695,-4.8430951796,5.1317812639,5.9408957492,5.8740708284,,,,-35.1636192564,9.2306664138,,19.8808893765,,,0
300760.SZ,300760,迈瑞医疗,10091420,通用,2025-06-30 00:00:00,中报,2025中报,058001001,2025-08-28 00:00:00,2025-08-28 00:00:00,CNY,,3478285223.0,3650298506.0,,467081.0,,,,,,,,,0.0,,,,,,,6677510613.0,2847434292.0,,,2050619730.0,,,0.0,,0.0,,157099832.0,,1514806309.0,798385372.0,,,387810227.0,,,,,0.0,,,,,,7369514264.0,,,,,,,11505586367.0,,,,,6533974910.0,,,,,5343899619.0,32743248.0,206448548.0,,0.0,,,,,,168867328.0,4187384.0,,58110247.0,27580640.0,1858306477.0,4980773145.0,16967307912.0,42386391.0,0.0,,116523386.0,0.0,,3478285223.0,3652818503.0,,2519997.0,,451954914.0,,534450201.0,319546334.0,235568119.0,,,611174324.0,,651634024.0,,,0.0,,,,,472247055.0,,,,303356522.0,,,,,,,,1212441394.0,,,5927585.0,,,2522765894.0,,607845633.0,365212560.0,58774641210,27178526571,10604912376,44021420142.0,58774641210.0,14753221068,31596114639,4148308692.0,1745564583.0,212056950.0,39040646997,,122250473.0,,,210569447.0,30301463890.0,,302944364.0,,-10.3484102832,-7.7215062454,,-89.3449732051,,,,,,,,,,,,,,,,-3.356375343,9.4282959972,,,-1.5322616803,,,,,,,,18.673421002,18.3667021401,-7.2548018332,,,13.2699376828,,,,,,,,,,,,14.5379369366,,,,,,3.2123143986,,,,,-1.7450444702,,,,,18.2380799156,-19.2393366542,12.2503285296,,,,,,,,22.284807612,986.1116514801,,-17.3384043799,151.3832594301,2.612357054,3.660066999,-17.6289127074,3.0529438672,,,5.823666223,,,-10.3484102832,-9.235690535,,-96.3355333344,,1766.4815279187,,41.4540554608,-22.0928228476,-4.152228829,,,-42.4355113341,,16.9997935553,,,,,,,,-9.5962523543,,,,-6.2913336187,,,,,,,,0.0,,,70.1120011112,,,-24.2981216928,,0.0,-63.7548858113,-3.0532595479,-10.3808046702,-17.8254633994,0.8451205322,-3.0532595479,-13.0793052008,4.2809745926,1.9780081871,-15.8674381617,-16.0477407885,0.4969505749,-35.2033166827,,,,-35.8888780137,-0.396607432,,9.8639662236,,,0
300760.SZ,300760,迈瑞医疗,10091420,通用,2025-03-31 00:00:00,一季报,2025一季报,058001001,2025-04-29 00:00:00,2025-04-29 00:00:00,CNY,,3133714854.0,3480911486.0,,1930863.0,,,,,,,,,0.0,,,,,,,6734581703.0,2749771734.0,,,2225567023.0,,,0.0,,0.0,,145181601.0,,1548377390.0,806199158.0,,,432958914.0,,,,,0.0,,,,,,7106913341.0,,,,,,,11220257801.0,,,,,6542720099.0,,,,,5172700675.0,33178949.0,182064763.0,,0.0,,,,,,165437196.0,339851.0,,51010759.0,22812714.0,1850690000.0,4967633620.0,17711236767.0,44322199.0,0.0,,112166482.0,0.0,,3133714854.0,3482132575.0,,1221089.0,,124946687.0,,374197795.0,369084689.0,236846124.0,,,669408083.0,,587038181.0,,,0.0,,,,,494514282.0,,,,300302697.0,,,,,,,,1212441394.0,,,5709356.0,,,2411198789.0,,607845633.0,454388767.0,58364865856,27309751884,10741207226,43557630794.0,58364865856.0,14807235062,31055113972,4066027836.0,2027446403.0,224859176.0,38589997174,,,,,337765165.0,30247946922.0,,275420868.0,,10.6384691989,-4.6285254101,,-50.1806241771,,,,,,,,,,,,,,,,-5.5434082584,15.2018246447,,,7.9779373605,,,,,,,,24.3837850809,31.1671109745,372.5031830554,,,33.4505711789,,,,,,,,,,,,23.7964149782,,,,,,125.4521080846,,,,,194.5963758112,,,,,30.679381794,-19.1049944618,3.3859952688,,,,,,,,160.6759285083,-65.1042249587,,-24.6289942936,171.5434964857,3.0384759273,1838.8004202808,-16.4338071233,8.9294384602,,,11.0293548767,,,10.6384691989,-5.8388279531,,-97.4671548043,,164.0015201989,,15.0608417151,-5.4012333746,77.6866774073,,,-70.6677794916,,3.2586253351,,,,,,,,-1.4818229939,,,,19.4806092073,,,,,,,,0.0,,,16.3023574967,,,-19.4654912013,,0.0,-44.9066382927,14.8171070228,-8.1954627695,-2.9814491205,19.5632807174,14.8171070228,2.8116570537,47.2840422827,22.0662875602,9.0584149563,-19.6465857641,6.6776823419,,,,,-49.0763021807,8.6483294494,,5.0036758796,,,0
300760.SZ,300760,迈瑞医疗,10091420,通用,2024-12-31 00:00:00,年报,2024年报,058001001,2025-04-29 00:00:00,2026-03-31 00:00:00,CNY,,2792514816.0,3219300494.0,,456648.0,,,,,,,,,0.0,,,,,,,6751669189.0,2674833571.0,,,2165767452.0,,,0.0,,0.0,,127000433.0,,1697418293.0,808696687.0,,,352989170.0,,,,,0.0,,,,,,7086159663.0,,,,,,,11093184471.0,,,,,6722721801.0,,,,,4757425283.0,32373148.0,177312256.0,,0.0,,,,,,197201720.0,344737.0,,53013989.0,22864400.0,3297924482.0,4901818714.0,16644066286.0,44312778.0,0.0,,115430532.0,0.0,,2792514816.0,3225615993.0,,6315499.0,,1508232.0,,472205801.0,419726776.0,198168672.0,,,592080125.0,,535374069.0,,,0.0,,,,,511586033.0,,,,297468135.0,,,,,,,,1212441394.0,,,5398950.0,,,2446959597.0,,607845633.0,427506656.0,56643545143,25646621797,10427128882,40758177564.0,56643545143.0,15885367579,30996923346,5458238697.0,2053367455.0,205527521.0,35856358850,,,,,337765165.0,27620659567.0,,273914323.0,,3.795263235,-2.3011048235,,-42.4467032586,,,,,,,,,,,,,,,,-4.7823660396,8.6764391974,,,9.7501614501,,,,,,,,16.1805425571,29.2905234006,380.3283883283,,,3.1074714933,,,,,,,,,,,,29.0837303676,,,,,,119.1596736534,,,,,202.1504109441,,,,,19.5744111346,-21.9662759808,-2.0767716626,,,,,,,,196.2614667925,-75.038339949,,-29.2006103006,108.9602190169,12.0525870823,1780.6127938316,-11.4073207398,6.4504470362,,,10.2160392462,,,3.795263235,-2.1600657265,,270.4296174817,,-99.0409938394,,53.278702839,15.1460113968,38.7504790431,,,-74.1949019099,,-6.9521126084,,,,,,,,-0.2008070764,,,,11.080957958,,,,,,,,0.0,,,-30.3019005204,,,7.9496988378,,0.0,-34.5563182641,18.1550720198,-4.5715263289,3.2118243252,22.2279402665,18.1550720198,8.8488935851,47.1505212772,21.5287770242,0.60147668,5.3463839906,8.3752048572,,,,,-49.0763021807,11.9136409741,,1.3096249153,标准无保留意见,,0
300760.SZ,300760,迈瑞医疗,10091420,通用,2024-09-30 00:00:00,三季报,2024三季报,058001001,2024-10-30 00:00:00,2024-10-30 00:00:00,CNY,,3809474845.0,3603524298.0,,1345174.0,,,,,,,,,0.0,,,,,,,6937737560.0,2815541982.0,,,1721292613.0,,,0.0,,0.0,,121343493.0,,1272504596.0,838928972.0,,,405598111.0,,,,,0.0,,,,,,6494822718.0,,,,,,,11205807085.0,,,,,6808059383.0,,,,,4857126378.0,40072291.0,179175709.0,,0.0,,,,,,137980317.0,376308.0,,61709437.0,11937027.0,1820621032.0,4919680573.0,17299301067.0,43563880.0,0.0,,115602514.0,0.0,,3809474845.0,3605712146.0,,2187848.0,,84192433.0,,412014132.0,380706507.0,239307635.0,,,727254198.0,,557020590.0,,,0.0,,,,,511336073.0,,,,337181472.0,,,,,,,,1212441394.0,,,5676837.0,,,3037521108.0,,607845633.0,683715038.0,57601486436,27103483151,11559104617,42013579642.0,57601486436.0,15587906794,30498003285,4028802177.0,1803769981.0,187617642.0,37093899069,,360966434.0,,,324770514.0,28576452563.0,,277408505.0,,48.091611504,-0.4785304661,,-15.3684268805,,,,,,,,,,,,,,,,-6.7835376904,36.4070241967,,,-8.8896200664,,,,,,,,21.3321860536,53.7900015519,404.760129772,,,37.5993553562,,,,,,,,,,,,23.4381743137,,,,,,148.6070114224,,,,,234.7056020247,,,,,20.6198864054,-4.492839017,11.0864426234,,,,,,,,105.6540898406,,,-19.4386221531,-14.4242089258,-15.2249236344,,-12.0401309614,12.7726189274,,,15.9189925559,,,48.091611504,-1.8043836212,,-95.7199520296,,-6.5073002929,,15.7115317218,-1.1652606123,45.5880121022,,,-85.0999519449,,194.056770645,,,,,,,,86.4266695742,,,,7.8166275671,,,,,,,,0.0,,,,,,14.0366393583,,0.0,-19.8428520676,15.2197527348,-4.0947647251,14.0789232095,14.101101206,15.2197527348,18.3470140688,40.3366756064,32.5784760454,8.1514362596,0.2135110887,0.7401599165,,,,,-51.6176651337,1.5521902798,,11.6538061646,,,0
300760.SZ,300760,迈瑞医疗,10091420,通用,2024-06-30 00:00:00,中报,2024中报,058001001,2024-08-30 00:00:00,2024-08-30 00:00:00,CNY,,3879780865.0,3955741319.0,,4383668.0,,,,,,,,,0.0,,,,,,,6909416567.0,2602100550.0,,,2082529532.0,,,0.0,,0.0,,132379964.0,,1279757129.0,860837421.0,,,342377011.0,,,100187885.0,,0.0,,,,,,6434125200.0,,,,,,,11147493818.0,,,,,6650020729.0,,,,,4519609607.0,40543560.0,183917990.0,,0.0,,,,,,138093465.0,385539.0,,70298966.0,10971550.0,1810996775.0,4804910212.0,20598620790.0,41130694.0,0.0,,110110895.0,0.0,,3879780865.0,4024509771.0,,68768452.0,,24214272.0,,377826001.0,410162896.0,245773184.0,,,1061721103.0,,556953140.0,,,0.0,,,,,522375529.0,,,,323723017.0,,,,,,,,1212441394.0,,,3484519.0,,,3332501056.0,,607845633.0,1007618732.0,60625701221,30326679983,12905350994,43652503869.0,60625701221.0,16973197352,30299021238,4067846358.0,2074778831.0,252592309.0,38847593657,,188667794.0,,,328444489.0,30422120280.0,,275744973.0,,29.2204491361,6.7626366712,,27924.9840173891,,,,,,,,,,,,,,,,-6.5533518969,44.6328068207,,,-16.5381107825,,,,,,,,31.7988365698,65.1036405738,385.392459677,,,-3.214574297,,,,,,,,,,,,33.89565771,,,,,,140.3812155401,,,,,235.3364242911,,,,,2.1191210829,-4.4429355579,29.9521205426,,,,,,,,112.1178721528,,,-2.498147923,-22.4254344711,-15.3277112074,,1.9741429793,12.9014724953,,,9.0966463888,,,29.2204491361,8.5771132331,,4751.83145415,,-88.637055719,,13.4208367405,-0.8415125131,48.7067988507,,,-53.4778108537,,182.8129408216,,,,,,,,93.7736033305,,,,0.60248274,,,,,,,,0.0,,,,,,31.2454022919,,0.0,34.6394537507,27.5235100397,3.8230109171,17.1862121943,30.2925449473,27.5235100397,20.9145528834,65.2900110664,34.4893117679,21.1238156126,35.52078535,15.9510083966,,,,,-51.0703386953,22.9307791098,,19.7190302258,,,0
300760.SZ,300760,迈瑞医疗,10091420,通用,2024-03-31 00:00:00,一季报,2024一季报,058001001,2024-04-27 00:00:00,2024-04-27 00:00:00,CNY,,2832391732.0,3649845513.0,,3875727.0,,,,,,,,,0.0,,,,,,,7129816542.0,2386916824.0,,,2061131262.0,,,0.0,,0.0,,116720681.0,,1180461610.0,170623011.0,,,324433916.0,,,,,0.0,,,,,,5740807068.0,,,,,,,4976781054.0,,,,,2220909908.0,,,,,3958314314.0,41014830.0,176101959.0,,0.0,,,,,,63464700.0,973903.0,,67679552.0,8401127.0,1796115464.0,256222021.0,21194260690.0,40688908.0,0.0,,101024168.0,0.0,,2832391732.0,3698055684.0,,48210171.0,,47328018.0,,325217328.0,390158035.0,133294250.0,,,2282159589.0,1396564968.0,568512489.0,,,0.0,,,,,501952327.0,,,,251340112.0,,,,,,,,1212441394.0,,,4909063.0,,,2993994531.0,,607845633.0,824761374.0,50832900575,29747714773,11071292169,36430608572.0,50832900575.0,14402292003,21085185802,3330999834.0,1859046277.0,279837737.0,36174386551,,,,,663276980.0,27840231944.0,,262296406.0,,-2.775980145,36.1797760242,,2129.9668588394,,,,,,,,,,,,,,,,-6.2395657954,35.8180095246,,,-47.0505508669,,,,,,,,34.2333026511,65.3285028446,-2.9505917907,,,2.3434202661,,,,,,,,,,,,29.5544918689,,,,,,12.6638188288,,,,,13.3779228658,,,,,-18.7143945942,-4.3941261783,24.2749072072,,,,,,,,-1.8494457255,,,-13.7962401436,-52.4604930374,22.9602701611,1213.368403031,-11.3398462949,25.8623044283,,,2.7462987127,,,-2.775980145,37.8559386366,,1922.4066847834,,145.5370617545,,-6.8347499383,-24.9070660597,1224.8239786588,,,2.8794765507,,245.5830412213,,,,,,,,104.9930400499,,,,-27.2395226515,,,,,,,,0.0,,,,,,28.785909932,,0.0,180.2466654488,4.6833737077,-7.9051122782,-4.6577313064,5.0721528827,4.6833737077,3.7126803992,29.6946758359,46.4454333552,18.4781367113,139.028658567,4.3919022526,,,,,-33.671690851,5.7284405912,,14.2429131434,,,0
300760.SZ,300760,迈瑞医疗,10091420,通用,2023-12-31 00:00:00,年报,2023年报,058001001,2024-04-27 00:00:00,2025-04-29 00:00:00,CNY,,2690406796.0,3295124769.0,,793435.0,,,,,,,,,0.0,,,,,,,7090776055.0,2461281940.0,,,1973361518.0,,,0.0,,0.0,,109312997.0,,1312871391.0,168363292.0,,,342350719.0,,,,,0.0,,,,,,5489583887.0,,,,,,,5061690541.0,,,,,2224958682.0,,,,,3978631580.0,41486099.0,181072723.0,,0.0,,,,,,66563405.0,1381066.0,,74879161.0,10941987.0,2943193520.0,260650078.0,18787180188.0,41627611.0,0.0,,104731156.0,0.0,,2690406796.0,3296829681.0,,1704912.0,,157270314.0,,308070066.0,364516991.0,142823775.0,,,2294430825.0,1270537191.0,575374771.0,,,0.0,,,,,512615401.0,,,,267793995.0,,,,,,,,1212441394.0,,,7746194.0,,,2266759077.0,,607845633.0,653243590.0,47940003061,26875230013,10102649527,33346039764.0,47940003061.0,14593963297,21064773048,4491313770.0,2041090770.0,195096892.0,33085389686,,,,,663276980.0,24680333270.0,,270373445.0,,17.4533264289,23.9369046073,,163.7302186132,,,,,,,,,,,,,,,,-5.5682118701,36.5344388499,,,-52.3661032453,,,,,,,,17.6133017245,73.8720839398,-8.0625532865,,,15.3076519408,,,,,,,,,,,,28.8335595185,,,,,,14.9549996665,,,,,12.5575301579,,,,,-1.1499434003,-4.3463798248,29.9804945332,,,,,,,,9.4780961259,,,-9.2949283014,-56.7207799952,36.2182765989,1325.3267778711,-18.9707021065,30.8225701526,,,7.7293976436,,,17.4533264289,23.9034344021,,-18.5889422319,,244.1928832084,,16.6662935835,-39.4363463094,,,,4.008880968,,241.7766607806,,,,,,,,121.0119495967,,,,-7.4766739422,,,,,,,,0.0,,,,,,4.8349549319,,0.0,13.9241850958,2.5559101495,-12.1891110281,-14.1647392304,4.2092655388,2.5559101495,-1.0318734763,30.5174440948,50.901989915,7.3457790887,30.8444792284,3.4538338481,,,,,-33.671690851,3.8703460832,,19.7114672937,标准无保留意见,,0
300760.SZ,300760,迈瑞医疗,10091420,通用,2023-09-30 00:00:00,三季报,2023三季报,058001001,2023-10-28 00:00:00,2023-10-28 00:00:00,CNY,,2572377197.0,3620851174.0,,1589447.0,,,,,,,,,0.0,,,,,,,7442609801.0,2064074045.0,,,1889238761.0,,,0.0,,0.0,,100009319.0,,827429991.0,166203494.0,,,294767450.0,,,,,0.0,,,,,,5261599788.0,,,,,,,4507438073.0,,,,,2034044050.0,,,,,4026803973.0,41957368.0,161293948.0,,0.0,,,,,,67093398.0,,,76599282.0,13949070.0,2147589964.0,,19667265602.0,38629838.0,0.0,,99726983.0,0.0,,2572377197.0,3671968545.0,,51117371.0,,90052414.0,,356070070.0,385195033.0,164373173.0,,,4880884916.0,1249361579.0,189426208.0,,,0.0,,,,,274282684.0,,,,312736059.0,,,,,,,,1212441394.0,,,,,,2663636113.0,,607845633.0,852968270.0,49992718322,28260691998,10132550599,36821362106.0,49992718322.0,13171356216,21732026324,3038805617.0,1667818795.0,187217911.0,36821362106,,,,,671258456.0,28139671320.0,,248454141.0,,-6.1201271743,18.9061713698,,300.7127100377,,,,,,,,,,,,,,,,0.4379794305,38.2919604671,,,11.678162107,,,,,,,,20.1694117872,26.1415864386,-8.1097962678,,,33.2740005631,,,,,,,,,,,,32.3210163564,,,,,,6.1878202595,,,,,6.7245335964,,,,,-3.0080714595,-4.2996599368,8.1229810518,,,,,,,,8.9259137064,,,-12.7079469185,-64.1750356495,79.1265184636,,27.3887386103,27.1977780631,,,1.8564551656,,,-6.1201271743,18.2715311217,,-14.1755920023,,131.6119131123,,48.7737466211,12.3597125905,,,,-6.8965971387,,11.3524145802,,,,,,,,23.7878809357,,,,2.7703808468,,,,,,,,0.0,,,,,,7.7816449325,,0.0,48.0623818594,20.0116090887,20.5319448452,7.4155898555,21.8457635608,20.0116090887,15.1652425599,19.341637987,51.6457672549,10.2516393718,5.4948450047,21.919170324,,,,,-32.8735358968,26.4370678274,,4.111855276,,,0
300760.SZ,300760,迈瑞医疗,10091420,通用,2023-06-30 00:00:00,中报,2023中报,058001001,2023-08-30 00:00:00,2023-08-30 00:00:00,CNY,,3002451153.0,3705173872.0,,15642.0,,,,,,,,,0.0,,,,,,,7393969401.0,1799108105.0,,,2495186188.0,,,0.0,,0.0,,100440920.0,,775123507.0,177348742.0,,,353748520.0,,,,,0.0,,,,,,4805327753.0,,,,,,,4637423017.0,,,,,1983089294.0,,,,,4425821099.0,42428637.0,141527502.0,,0.0,,,,,,65102230.0,,,72100134.0,14143231.0,2138830544.0,,20199846930.0,36430609.0,0.0,,100929679.0,0.0,,3002451153.0,3706591243.0,,1417371.0,,213098572.0,,333118686.0,413643760.0,165273670.0,,,2282182164.0,1105447103.0,196933400.0,,,0.0,,,,,269580335.0,,,,321784322.0,,,,,,,,1212441394.0,,,,,,2539137370.0,,607845633.0,748382962.0,47540803419,29209979286,11012687203,33503454773.0,47540803419.0,14037348646,18330824133,3024661443.0,1712940449.0,186386397.0,33503454773,,,,,671258456.0,24747358229.0,,230326768.0,,9.3360978964,18.221131725,,-92.2387230263,,,,,,,,,,,,,,,,1.1647290677,27.0625268544,,,24.2097555711,,,,,,,,21.6720444636,26.9502136343,-5.2481126623,,,65.2465015382,,,,,,,,,,,,25.7709011646,,,,,,10.7597590635,,,,,6.5487342954,,,,,12.2484669281,-4.2539337654,-4.676243848,,,,,,,,7.9989708764,,,-20.751963328,-69.6915478001,133.939507135,,67.7023064371,27.6927328873,,,10.7755494086,,,9.3360978964,15.1693495569,,-98.3182366254,,156.3283074287,,77.7189674154,33.381693055,,,,-63.1664344701,,83.5908744502,,,,,,,,27.6721284361,,,,16.3516839738,,,,,,,,0.0,,,,,,5.6370658781,,0.0,5.3825815429,23.0467424066,47.1031073334,12.6489549161,23.1319643002,23.0467424066,22.843816181,-2.3895463256,83.2154191871,13.7445971156,18.0041057283,23.2106505992,,,,,-32.8735358968,27.2934353026,,-0.7247175759,,,0
300760.SZ,300760,迈瑞医疗,10091420,通用,2023-03-31 00:00:00,一季报,2023一季报,058001001,2023-04-28 00:00:00,2023-04-28 00:00:00,CNY,,2913263344.0,2680167070.0,,173802.0,,,,,,,,,0.0,,,,,,,7604291301.0,1757437642.0,,,3892639670.0,,,0.0,,0.0,,86953594.0,,714009738.0,175810460.0,,,317005153.0,,,,,0.0,,,,,,4431191065.0,,,,,,,4417372947.0,,,,,1958855703.0,,,,,4869637489.0,42899906.0,141703553.0,,0.0,,,,,,64660562.0,,,78511137.0,17671885.0,1460728300.0,19508770.0,23905057463.0,32328113.0,0.0,,98323900.0,0.0,,2913263344.0,2682550872.0,,2383802.0,,-103932964.0,,349075785.0,519566908.0,10061280.0,,,2218284604.0,,164508214.0,,,0.0,,,,,244863107.0,,,,345434941.0,,,,,,,,1212441394.0,,,,,,2324784235.0,,607845633.0,294298372.0,48558714507,32301157544,11612155155,34671992124.0,48558714507.0,13886722383,16257556963,2274567228.0,1569104924.0,117072881.0,34652483354,,,,,999990786.0,26331828776.0,,229595341.0,,16.670447761,21.2317070406,,-54.4627557838,,,,,,,,,,,,,,,,5.4385404471,40.9321484563,,,78.6582593858,,,,,,,,-16.0983673224,50.3841713458,-7.4560230525,,,77.4906823386,,,,,,,,,,,,17.9723687357,,,,,,6.2580376941,,,,,2.6194965078,,,,,25.2846742474,-4.20916994,-1.3073323422,,,,,,,,4.8256742789,,,-2.5588801873,-45.6633626628,83.8447247759,13.7965391421,60.4601387064,22.5989343547,,,15.6499375724,,,16.670447761,17.3358450213,,-96.8399425204,,78.8436081531,,101.9885611226,64.1398984334,,,,-50.6350250373,,227.6749594834,,,,,,,,27.0667338432,,,,42.765439127,,,,,,,,0.0,,,,,,4.5633455387,,0.0,-14.5099038312,26.6645723151,49.0122929247,31.7752600939,23.6090322266,26.6645723151,34.9963740209,-2.4134002939,54.2448793229,34.484431086,-20.4676545794,23.6150331368,,,,,0.0,28.501327383,,2.5811674544,,,0
300760.SZ,300760,迈瑞医疗,10091420,通用,2022-12-31 00:00:00,年报,2022年报,058001001,2023-04-28 00:00:00,2024-04-27 00:00:00,CNY,,2290617795.0,2658711527.0,,300851.0,,,,,,,,,0.0,,,,,,,7508886780.0,1802682137.0,,,4142767341.0,,,0.0,,0.0,,92942716.0,,755078884.0,183128092.0,,,296901995.0,,,,,0.0,,,,,,4260989068.0,,,,,,,4403193037.0,,,,,1976730192.0,,,,,4024915834.0,43371175.0,139307612.0,,0.0,,,,,,60800660.0,,,82552342.0,25282311.0,2160645101.0,18287040.0,23185663305.0,31819900.0,0.0,,97216877.0,0.0,,2290617795.0,2660805729.0,,2094202.0,,-109069401.0,,264060901.0,601874175.0,,,,2205995107.0,,168348175.0,,,0.0,,,,,231940129.0,,,,289434034.0,,,,,,,,1212441394.0,,,,,,2162216866.0,,607845633.0,573402030.0,46745236809,30605805644,11769812821,31999112163.0,46745236809.0,14746124646,16139431165,2976311825.0,1901416886.0,149105941.0,31980825123,,,,,999990786.0,23760711503.0,,225854257.0,,0.4168795455,60.2912353899,,29.7963216229,,,,,,,,,,,,,,,,-7.8956309079,60.0521045569,,,72.0281032122,,,,,,,,-11.5626294461,26.6000614132,-8.6348158053,,,111.9801485959,,,,,,,,,,,,12.9698143778,,,,,,4.3824386134,,,,,-4.0985624785,,,,,12.8904245554,-4.1653383971,-8.4421630679,,,,,,,,130.6865125738,,,-1.9267956988,-26.8138554066,19.2585861491,19.9718791306,50.9378854202,20.6716219804,,,14.2586413341,,,0.4168795455,48.6173768632,,-98.4098414003,,73.3808038187,,21.1345247659,100.1493289795,,,,-50.2085005607,,238.5703436234,,,,,,,,24.1869698739,,,,21.6772916343,,,,,,,,-0.267327083,,,,,,22.0870962031,,0.0,21.0598238711,22.6811762974,43.454516084,36.3971818766,18.6556570457,22.6811762974,32.4306700169,-3.7496150991,18.7719959721,45.2519747025,18.3050169008,18.6549126751,,,,,0.0,29.2297352005,,-3.1684474633,标准无保留意见,,0
300760.SZ,300760,迈瑞医疗,10091420,通用,2022-09-30 00:00:00,三季报,2022三季报,058001001,2022-10-28 00:00:00,2022-10-28 00:00:00,CNY,,2740073159.0,3045133093.0,,396655.0,,,,,,,,,0.0,,,,,,,7410154847.0,1492548112.0,,,1691681458.0,,,0.0,,0.0,,83223607.0,,655953373.0,180871831.0,,,221174009.0,,,,,0.0,,,,,,3976390095.0,,,,,,,4244778791.0,,,,,1905882351.0,,,,,4151689768.0,43842444.0,149176379.0,,0.0,,,,,,61595442.0,,,87750579.0,38936731.0,1198923522.0,18195060.0,15438778825.0,30369900.0,0.0,,97909340.0,0.0,,2740073159.0,3104693505.0,,59560412.0,,-284868599.0,,239336629.0,342823085.0,,,,5242434504.0,,170114145.0,,,0.0,,,,,221574747.0,,,,304305634.0,,,,,,,,1212441394.0,,,,,,2471326277.0,,607845633.0,576087092.0,41656568645,23446640668,9433035384,30219649030.0,41656568645.0,11436919615,18209927977,2003884231.0,1512738318.0,177466407.0,30201453970,,,,,999990786.0,22255871481.0,,238641546.0,,50.4319397821,57.9144397261,,,,,,,,,,,,,,,,,,-9.1066815822,32.3750781645,,,-14.9059074019,,,,,,,,-5.7210553981,35.0167817823,-21.544173146,,,-20.9034357602,,,,,,,,,,,,14.5627562289,,,,,,-2.4697681406,,,,,-7.0109144538,,,,,25.767698182,15.9280368174,-0.1699120163,,,,,,,,162.606825682,,,-0.5563898438,21.3425457946,-0.8564523759,19.7515100191,20.089643445,19.6136274124,,,29.5268781593,,,50.4319397821,50.5965106944,,-55.3029534502,,-27.6932204666,,90.6662064611,17.1213489793,,,,17.8135897181,,240.7167210483,,,,,,,,15.9632098911,,,,32.1698739991,,,,,,,,-0.267327083,,,,,,21.3815465762,,0.0,15.8769363868,16.9348864578,23.3739764247,19.5685740435,17.0579273974,16.9348864578,16.6110179334,9.5716057648,4.4491649102,28.8760720881,-56.1434326948,17.0563411538,,,,,0.0,30.5502631361,,7.4552635373,,,0
300760.SZ,300760,迈瑞医疗,10091420,通用,2022-06-30 00:00:00,中报,2022中报,058001001,2022-08-20 00:00:00,2022-08-20 00:00:00,CNY,,2746074911.0,3134104553.0,,201539.0,,,,,,,,,0.0,,,,,,,7308841203.0,1415923443.0,,,2008848803.0,,,0.0,,0.0,,82550532.0,,610572826.0,187171725.0,,,214073228.0,,,,,0.0,,,,,,3820699151.0,,,,,,,4186920463.0,,,,,1861203990.0,,,,,3942878883.0,44313713.0,148470337.0,,0.0,,,,,,60280417.0,,,90980341.0,46664313.0,914266500.0,17376794.0,12045062086.0,28529900.0,0.0,,91111874.0,0.0,,2746074911.0,3218383413.0,,84278860.0,,-378315241.0,,187441268.0,310120340.0,,,,6195930617.0,,107267532.0,,,0.0,,,,,211150498.0,,,,276561809.0,,,,,,,,1212441394.0,,,,,,2403642461.0,,607845633.0,710158122.0,38636377111,19856806437,9776111293,27209388694.0,38636377111.0,11426988417,18779570674,1650877124.0,1505953243.0,157949078.0,27192011900,,,,,999990786.0,19441189697.0,,232008172.0,,60.5637562101,67.6084090909,,,,,,,,,,,,,,,,,,-10.3493996488,24.2799455563,,,-12.1841853443,,,,,,,,-46.2714850843,37.3626708392,340.2514417767,,,-22.986091477,,,,,,,,,,,,13.3278332586,,,,,,244.951602239,,,,,71.5891806594,,,,,17.0698736945,15.8905384102,-0.9062866065,,,,,,,,150.994747176,,,201.1652283306,143.2299885594,-2.3568370007,25.7208414374,-22.9675828836,15.0399193548,,,35.9211870845,,,60.5637562101,67.4614922593,,62.175154615,,-151.3053975714,,39.5019439193,4.6957335401,,,,41.0115454455,,148.3950099034,,,,,,,,15.1599054372,,,,46.2669010455,,,,,,,,-0.267327083,,,,,,34.4169041864,,0.0,74.9899069938,13.9550529266,-8.2965454638,24.8964103067,10.7482212574,13.9550529266,22.39396383,53.2820224491,9.4122460901,19.0032062411,-58.3078049966,10.7397932958,,,,,,31.9900166512,,8.1678352647,,,0
300760.SZ,300760,迈瑞医疗,10091420,通用,2022-03-31 00:00:00,一季报,2022一季报,058001001,2022-04-20 00:00:00,2022-04-20 00:00:00,CNY,,2497001940.0,2210780608.0,,381670.0,,,,,,,,,0.0,,,,,,,7212060475.0,1247009757.0,,,2178818759.0,,,0.0,,0.0,,103637547.0,,474790486.0,189975043.0,17600000.0,,178603828.0,,,,,0.0,,,,,,3756126212.0,,,,,,,4157212991.0,,,,,1908853356.0,,,,,3886858084.0,44784982.0,143580629.0,,0.0,,,,,,61683898.0,,,80572901.0,32522964.0,794544582.0,17143553.0,14897816776.0,26369000.0,0.0,,85018550.0,0.0,,2497001940.0,2286216008.0,,75435400.0,,-491260347.0,,172819581.0,316539070.0,,,,4493640695.0,,50204695.0,,,0.0,,,,,192704337.0,,,,241959779.0,,,,,,,,1212441394.0,,,,,,2223326179.0,,607845633.0,344248498.0,38336461111,21676840823,8812090484,28049723794.0,38336461111.0,10286737317,16659620288,1474646833.0,1166755818.0,147201595.0,28032580241,,,,,999990786.0,20491483872.0,,223818218.0,,24.1721298984,26.9928832571,,,,,,,,,,,,,,,,,,-11.536516748,30.1680557809,,,-32.8892027492,,,,,,,,-35.2442600088,12.4642773976,323.6265794149,,,-19.6884272744,,,,,,,,,,,,13.370729255,,,,,,237.2625742622,,,,,71.8376329986,,,,,0.4785888754,-24.4517197543,29.1599653646,,,,,,,,160.8534282022,,,147.7170728318,1549.7411481598,-1.956107636,29.4179678252,-10.5063541978,10.3305439331,,,29.5257683967,,,24.1721298984,31.2959173631,,18758.85,,-327.8633992672,,-26.9678359772,-7.4722990983,,,,2.0431708836,,16.8219838785,,,,,,,,10.7555348387,,,,23.8918116685,,,,,,,,-0.267327083,,,,,,37.9650368383,,0.0,43.152282657,9.4065879289,-6.0794753831,1.4835687741,12.1375599228,9.4065879289,2.5936039128,39.2901021052,9.7683945619,0.0633295875,-59.9720521479,12.1284037746,,,,,,35.3544987157,,24.2674276322,,,0
300760.SZ,300760,迈瑞医疗,10091420,通用,2021-12-31 00:00:00,年报,2021年报,058001001,2022-04-20 00:00:00,2023-04-28 00:00:00,CNY,,2281108321.0,1658675548.0,,231787.0,,,,,,,,,0.0,,,,,,,8152584784.0,1126309549.0,,,2408192187.0,,,0.0,,0.0,,105094391.0,,596428529.0,200435312.0,9820000.0,,140061226.0,,,,,0.0,,,,,,3771794343.0,,,,,,,4218327427.0,,,,,2061210179.0,,,,,3565329699.0,45256251.0,152152581.0,,0.0,,,,,,26356400.0,,,84174207.0,34545215.0,1811731273.0,15242772.0,15361062758.0,26369000.0,0.0,,85084923.0,0.0,,2281108321.0,1790373229.0,,131697681.0,,-409739649.0,,217989794.0,300712562.0,,,,4430465304.0,,49723249.0,,,0.0,,,,,186766880.0,,,,237870214.0,,,,,,,,1215691266.0,,,,,,1771044552.0,,607845633.0,473651796.0,38103022990,21334849874,8629073313,26968045991.0,38103022990.0,11134976999,16768173116,2505903686.0,1309047185.0,126035180.0,26952803219,,,,,999990786.0,18386411971.0,,233244486.0,,52.1150279816,14.936959755,,,,,,,,,,,,,,,,,,0.0,21.12933919,,,-26.8781948449,,,,,,,,-32.9701223472,18.8358969567,329.903494446,,,-19.6928214812,,,,,,,,,,,,17.9013371898,,,,,,244.4773569633,,,,,80.0059457385,,,,,0.6950037625,-26.084646591,,,,,,,,,3.1766826115,,,182.9238179059,940.5435974361,30.4127531765,19.546389838,-3.1748911659,10.1968322955,,,,,,52.1150279816,16.3189055557,,37.0765340388,,-234.2706519196,,34.1086533969,-11.5781952117,,,,1.1486215556,,17.2753125771,,,,,,,,29.0418026285,,,,15.7353892121,,,,,,,,0.0,,,,,,16.7126606336,,0.0,36.4300674195,14.4015432965,-1.37139543,4.7696246876,15.7904862217,14.4015432965,11.1718122119,43.6260159767,40.799166454,5.692841261,-57.2517549853,15.7884288955,,,,,,36.9658332424,,,标准无保留意见,,0
300760.SZ,300760,迈瑞医疗,10091420,通用,2021-09-30 00:00:00,三季报,2021三季报,058001001,2021-10-20 00:00:00,2021-10-20 00:00:00,CNY,,1821470336.0,1928343664.0,,,,,,,,,,,0.0,,,,,,,8152584784.0,1127514433.0,,,1988012806.0,,,0.0,,0.0,,88273800.0,,485830994.0,230539704.0,,4500000.0,279625305.0,,,,,0.0,,,,,,3470927399.0,,,,,,,4352269763.0,,,,,2049576399.0,,305009733.0,,,3301077962.0,37818672.0,149430279.0,,0.0,,,,,,23455385.0,,,88241546.0,32088276.0,1209280433.0,15194013.0,12856045186.0,25390000.0,0.0,,75589979.0,0.0,,1821470336.0,2061597238.0,,133253574.0,,-223088272.0,,125526507.0,292707596.0,,,,4449770622.0,,49928323.0,,,0.0,,,,,191073313.0,,,,230238272.0,,,,,,,,1215691266.0,,,,,,2035998343.0,,607845633.0,497154231.0,35623730357,19004527006,7889226295,25815978210.0,35623730357.0,9807752147,16619203351,1918525852.0,1173793004.0,404651841.0,25800784197,,,,,999990786.0,17047741572.0,,222084557.0,,35.5540293247,22.4885645035,,,,,,,,,,,,,,,,,,0.0615693636,-6.0275729357,,,-11.7509037536,,,,,,,,-40.4560780388,-14.0670189211,361.5762024667,,,43.9627094335,,,,,,,,,,,,23.2023111323,,,,,,241.9071921025,,,,,97.3561813939,,36.2588103029,,,-5.9667500367,-40.1359998917,,,,,,,,,-1.4043771198,,,215.8920787798,19.2581706085,-9.5555254677,27.1397325047,-26.1684607139,11.6043956044,,,,,,35.5540293247,27.6971583602,,231.9929003011,,-332.7162222163,,-3.6096861838,51.1631043151,,,,1147.9547412979,,-9.763962937,,,,,,,,41.8303090754,,,,7.2719294025,,,,,,,,0.0,,,,,,12.5103571988,,0.0,32.7215425517,15.7114105236,-18.0846107184,12.6976062128,17.0205333397,15.7114105236,12.4015497816,119.0624634064,11.2003021797,14.3973206573,37.205589517,17.0150487246,,,,,,40.5469994475,,,,,0
300760.SZ,300760,迈瑞医疗,10091420,通用,2021-06-30 00:00:00,中报,2021中报,058001001,2021-08-26 00:00:00,2021-08-26 00:00:00,CNY,,1710270721.0,1869896964.0,,,,,,,,,,,0.0,,,,,,,8152584784.0,1139301628.0,,,2287570651.0,,,0.0,,0.0,,153643800.0,,444496909.0,42514733.0,,6790000.0,277966970.0,,,,,0.0,,,,,,3371368746.0,,,,,,,1213770406.0,,,,,1084686099.0,,280989796.0,,,3367970562.0,38237559.0,149828210.0,,0.0,,,,,,24016605.0,,,30209444.0,19185263.0,936334375.0,13821729.0,15636354845.0,24800000.0,0.0,,67032871.0,0.0,,1710270721.0,1921864764.0,,51967800.0,,-150540038.0,,134364628.0,296211058.0,,,,4393917248.0,,43184254.0,,,0.0,,,,,183354178.0,,,,189080241.0,,,,,,,,1215691266.0,,,,,,1788199539.0,,607845633.0,405828047.0,33904926652,21653280716,7827375718,24568691384.0,33904926652.0,9336235268,12251645936,1508859550.0,1265472831.0,378845676.0,24554869655,,,,,,14729288010.0,,214489059.0,,-25.086426319,-3.4146617138,,,,,,,,,,,,,,,,,,0.0615693636,5.1226401568,,,5.0807794372,,,,,,,,2.2997001735,-17.7582336061,-20.2708946281,,,23.8320581095,,,,,,,,,,,,22.6083529088,,,,,,-7.9527846789,,,,,14.6147413947,,43.6158345243,,,-7.8969379276,-41.282741357,,,,,,,,,-1.9092497991,,,7.5107671114,-36.7285073132,-19.6120099469,24.3541858753,-3.3086476808,22.7115289461,,,,,,-25.086426319,-0.7358865803,,48300.6705783739,,-1532.8891669932,,45.3329948692,41.2148656097,,,,1455.9465818252,,-4.1530468682,,,,,,,,49.241668148,,,,12.8343361919,,,,,,,,0.0,,,,,,10.0031565353,,0.0,-21.1989647541,14.4218889249,-3.0636692416,-0.6998768705,21.5503752931,14.4218889249,-0.8759564542,67.9717663953,-1.7794580136,18.0218263499,29.2405096896,21.5488326559,,,,,,44.1216476291,,,,,0
300760.SZ,300760,迈瑞医疗,10091420,通用,2021-03-31 00:00:00,一季报,2021一季报,058001001,2021-04-29 00:00:00,2021-04-29 00:00:00,CNY,,2010919795.0,1740869686.0,,,,,,,,,,,0.0,,,,,,,8152584784.0,957999833.0,,,3246599427.0,,,0.0,,0.0,,160043800.0,,422170041.0,44844930.0,,,222388657.0,,,,,0.0,,,,,,3313135795.0,,,,,,,1232633950.0,,,,,1110847096.0,,262273531.0,,,3868344617.0,59279949.0,111164964.0,,0.0,,,,,,23646957.0,,,32526180.0,1971398.0,810396816.0,13246656.0,16646787202.0,23900000.0,0.0,,65638329.0,0.0,,2010919795.0,1741269686.0,,400000.0,,-114817100.0,,236634890.0,342101951.0,,,,4403666268.0,,42975383.0,,,0.0,,,,,173990706.0,,,,195299250.0,,,,,,,,1215691266.0,,,,,,1611514214.0,,607845633.0,240477128.0,35040358937,23079982689,8683268228,25013674110.0,35040358937.0,10026684827,11960376248,1343416599.0,1166017384.0,367747044.0,25000427454,,,,,,15139122871.0,,180110124.0,,5.4218798326,-0.6413131335,,,,,,,,,,,,,,,,,,-0.2286650284,-9.2419639486,,,87.8620253066,,,,,,,,12.2191566496,-15.6696334831,-26.0828784554,,,20.6077782568,,,,,,,,,,,,24.6126945231,,,,,,-6.5895472537,,,,,20.7921805589,,41.5884442927,,,35.0298763656,-11.6130700168,,,,,,,,,58.748336872,,,60.4203081536,-90.7031090949,-14.3084944366,-45.7904808035,7.5357877721,24.739039666,,,,,,5.364089917,-0.7570271543,,-83.6464292592,,-2105.6173376915,,118.5203545754,89.0216869019,,,,1696.8377836477,,13.3717959497,,,,,,,,41.9981332451,,,,31.7128001682,,,,,,,,0.0,,,,,,7.8469908043,,0.0,1.4880538655,26.4299612063,11.453452102,34.0506169377,25.5190350096,26.4299612063,28.7611561433,70.6905497089,2.5949347509,25.5563059078,23.0556956797,25.60658239,,,,,,52.8706415901,,,,,0
300760.SZ,300760,迈瑞医疗,10091420,通用,2020-12-31 00:00:00,年报,2020年报,058001001,2021-04-29 00:00:00,2022-04-20 00:00:00,CNY,,1499594321.0,1443117646.0,,,,,,,,,,,0.0,,,,,,,8152584784.0,929840414.0,,,3293398162.0,,,0.0,,0.0,,156787383.0,,501892563.0,46623327.0,,,174406857.0,,,,,0.0,,,,,,3199110742.0,,,,,,,1224558695.0,,,,,1145078942.0,,238811598.0,,,3540721551.0,61227132.0,,,0.0,,,,,,25544919.0,,,29751545.0,3319920.0,1389228606.0,12750508.0,15864751347.0,23929000.0,0.0,,,0.0,,1499594321.0,1539193668.0,,96076022.0,,-122577213.0,,162547150.0,340088695.0,,,,4380153912.0,,42398735.0,,,0.0,,,,,144733626.0,,,,205529368.0,,,,,,,,1215691266.0,,,,,,1517439961.0,,607845633.0,347175520.0,33306388963,21631503322,8236235778,23290381508.0,33306388963.0,10016007455,11674885641,1779771677.0,1238539119.0,294831238.0,23277631000,,,,,,13424086530.0,,,,20.7662788735,-13.4673364857,,,,,,,,,,,,,,,,,,-0.2286650284,-4.6486279406,,,,,,,,,,,-58.6887992829,9.777932575,-18.5649225392,,,19.7224359557,,,,,,,,,,,,19.1774673381,,,,,,-5.8839363472,,,,,20.0944197573,,66.8574975169,,,56.350945079,-11.2854240108,,,,,,,,,410.89838,,,38.6969531517,-78.7529376212,-2.4423909673,-46.7399351155,11.152433041,22.130352677,,,,,,20.5505120436,-9.2076890685,,248.3991578023,,-9265.2820383131,,81.7508056269,98.2364119549,,,,1453.1825803702,,2528.6013377748,,,,,,,,29.3698097061,,,,49.5184759879,,,,,,,,0.0,,,,,,15.7672460276,,0.0,19.2013914612,29.9297621363,15.5276907507,63.3259331122,25.1024257076,29.9297621363,42.7371583806,68.9548158492,-9.8519777221,19.3519495596,20.4672780368,25.1949283948,,,,,,56.101062552,,,标准无保留意见,,0
300760.SZ,300760,迈瑞医疗,10091420,通用,2020-09-30 00:00:00,三季报,2020三季报,058001001,2020-10-30 00:00:00,2020-10-30 00:00:00,CNY,,1343722754.0,1574305056.0,,,,,,,,,,,0.0,,,,,,,8147568378.0,1199835386.0,,,2252728799.0,,,0.0,,0.0,,148249892.0,,565360340.0,49946185.0,,,194234539.0,,,,,0.0,,,,,,2817258351.0,,,,,,,1272938933.0,,,,,1038516445.0,,223845880.0,,,3510543306.0,63174315.0,,,0.0,,,,,,23789479.0,,,27934080.0,26906564.0,1337041803.0,11950641.0,17412673920.0,22750000.0,0.0,,,0.0,,1343722754.0,1614442533.0,,40137477.0,,-51555329.0,,130227304.0,193636931.0,,,,356565064.0,,55330802.0,,,0.0,,,,,134719662.0,,,,214630494.0,,,,,,,,1215691266.0,,,,,,1809609705.0,,607845633.0,374584428.0,30786704782,23200191286,7000349484,22061066954.0,30786704782.0,8725637828,7586513496,1725288344.0,1026066867.0,294923729.0,22049116313,,,,,,12129566365.0,,,,-12.9219213998,-11.1603707707,,,,,,,,,,,,,,,,,,-0.2900558065,24.6612126255,,,,,,,,,,,-40.8871000606,8.5477072944,-20.7623573443,,,3.510146182,,,,,,,,,,,,8.3740224473,,,,,,-9.8479255667,,,,,16.6280221502,,89.2876874706,,,62.5217045858,87.4361471481,,,,,,,,,,,,27.5778097272,329.2083341176,-10.9176861708,-46.265712277,32.5507172693,26.4380592453,,,,,,-13.347875743,-9.1144627247,,839.5918909106,,-356.6783695922,,119.1133634712,10.4029369106,,,,37.2645069038,,742.7166304739,,,,,,,,46.852741213,,,,38.7316445765,,,,,,,,0.0,,,,,,29.393821584,,0.0,16.7656921527,25.7670794994,31.9352168398,41.7410473859,25.1529846513,25.7670794994,27.3469154878,10.0354010298,-9.8140360439,12.6442294775,5.5592820261,25.2432071016,,,,,,59.8067260376,,,,,0
300760.SZ,300760,迈瑞医疗,10091420,通用,2020-06-30 00:00:00,中报,2020中报,058001001,2020-08-28 00:00:00,2020-08-28 00:00:00,CNY,,2282991769.0,1936004985.0,,,,,,,,,,,0.0,,,,,,,8147568378.0,1083783309.0,,,2176963916.0,,,0.0,,0.0,,150189883.0,,540475878.0,53323981.0,,,224470928.0,,,,,0.0,,,,,,2749705600.0,,,,,,,1318638920.0,,,,,946375733.0,,195653771.0,,,3656741140.0,65121499.0,,,0.0,,,,,,24484067.0,,,28098994.0,30322128.0,1164768984.0,11114808.0,16171409821.0,20210000.0,0.0,,,0.0,,2282991769.0,1936112355.0,,107370.0,,10506049.0,,92452941.0,209759119.0,,,,282395122.0,,45055427.0,,,0.0,,,,,122857229.0,,,,167573318.0,,,,,,,,1215691266.0,,,,,,1625589297.0,,607845633.0,515003446.0,29631504051,22337631873,7882543819,20212764728.0,29631504051.0,9418739323,7293872178,1536195504.0,1072236272.0,293132298.0,20201649920,,,,,,10220038594.0,,,,57.134382465,8.4814351581,,,,,,,,,,,,,,,,,,-0.2900558065,17.7733478152,,,,,,,,,,,-39.4785761972,9.7192945803,-17.5029247764,,,40.9198715483,,,,,,,,,,,,6.2575226353,,,,,,-4.3333769854,,,,,5.658542297,,135.1470438728,,,95.1430263152,84.346476776,,,,,,,,,,,,33.6596616824,323.2986076938,-14.8826923434,-46.6980003756,33.3818554813,20.1331510432,,,,,,56.3145349846,8.1938850503,,-97.7826808312,,-24.7393217516,,82.04744224,12.7180123479,,,,87.9218279073,,601.1720067336,,,,,,,,39.1202278172,,,,8.8377744462,,,,,,,,0.0,,,,,,34.5921118914,,0.0,45.8292543182,29.3323024182,37.3490721138,63.6230040101,23.870372653,29.3323024182,42.8496262819,9.7196216224,-13.5006071431,14.3748991247,15.2606798428,23.9606680549,,,,,,62.5309642264,,,,,0
300760.SZ,300760,迈瑞医疗,10091420,通用,2020-03-31 00:00:00,一季报,2020一季报,058001001,2020-04-29 00:00:00,2020-04-29 00:00:00,CNY,,1907497569.0,1752106173.0,,,,,,,,,,,0.0,,,,,,,8171269620.0,1055553728.0,,34020340.0,1728182916.0,,,0.0,,0.0,,142617183.0,,500614498.0,60669205.0,,,184389979.0,,,,,0.0,,,,,,2658746613.0,,,,,,,1319588883.0,,,,,919634939.0,,185236537.0,,,2864806457.0,67068682.0,,,0.0,,,,,,14895877.0,,,20275600.0,21204917.0,945714293.0,24436033.0,15480229928.0,19160000.0,0.0,,,0.0,,1908543790.0,1754552122.0,1046221.0,2445949.0,,5724776.0,,108289633.0,180985556.0,,,,245078677.0,,37906591.0,,,0.0,,,,,122530277.0,,,,148276591.0,,,,,,,,1215691266.0,,,,,,1494259786.0,,607845633.0,236951167.0,27715233480,20708181087,6477604077,19928191854.0,27715233480.0,7787041626,7007052393,1309437549.0,928680862.0,298846016.0,19903755821,,,,,,9903224526.0,,,,,7.1026633177,,,,,,,,,,,,,,,,,,0.0,19.6753106402,,,,,,,,,,,-42.761459196,7.7618579611,-8.5413365562,,,54.0137744911,,,,,,,,,,,,3.6178426192,,,,,,-2.5713902247,,,,,-0.0205605624,,343.4541824432,,,60.4586593235,81.5279366212,,,,,,,,,,,,-4.7283282391,131.9473535967,-25.6246896277,20.7530033662,31.4031905638,20.1781346045,,,,,,50.8327765847,6.9163744529,,-52.3958652436,,-66.0001262647,,171.180547156,12.4675450863,,,,84.5168249,,504.989304404,,,,,,,,30.138883248,,,,13.323509342,,,,,,,,0.0,,,,,,74.9139364687,,0.0,-38.4231068213,25.1345280902,32.3907959147,51.0406100739,23.2246920016,25.1345280902,30.3028266097,7.6907517806,-22.4018809344,7.7022166503,20.5799913169,23.2277887087,,,,,,61.2808825026,,,,,0
300760.SZ,300760,迈瑞医疗,10091420,通用,2019-12-31 00:00:00,年报,2019年报,058001001,2020-04-02 00:00:00,2021-04-29 00:00:00,CNY,,1241732655.0,1667714349.0,,987570277.0,,,,,,,,,0.0,,,,,,,8171269620.0,975172558.0,,,,,,0.0,,0.0,,379527538.0,,457188937.0,57252143.0,,,145676001.0,,,,,0.0,,,,,,2684325161.0,,,,,,,1301115503.0,,,,,953482222.0,,143123085.0,,,2264598752.0,69015865.0,,,0.0,,,,,,5000000.0,,,21450756.0,15625313.0,1424008460.0,23940091.0,14272968133.0,19593000.0,0.0,,,0.0,,1243955165.0,1695290771.0,2222510.0,27576422.0,,-1308847.0,,89434074.0,171557128.0,,,,282011527.0,,1612977.0,,,0.0,,,,,111875890.0,,,,137460850.0,,,,,,,,1215691266.0,,,,,,1310767953.0,,607845633.0,291251231.0,25634149109,18724085266,5042821811,18617050290.0,25634149109.0,7017098819,6910063843,1974277008.0,1037720057.0,244739686.0,18593110199,,,,,,8599612527.0,,,,32.8733475036,6.0383393339,,6.1392974234,,,,,,,,,,,,,,,,0.0,16.4572546199,,,,,,,,,,,38.0363662154,8.8143977499,-17.474289735,,,7.2565273496,,,,,,,,,,,,4.3984516791,,,,,,-5.470904754,,,,,5.8663888189,,1382.7140935712,,,33.2940949582,78.9463442536,,,,,,,,,,,,-5.3604635541,67.2693201562,-4.6517324446,19.7437004374,23.6421372971,17.7817853922,,,,,,32.283596908,4.1760406564,-61.9851772791,-49.4808918648,,-107.2633192188,,84.1242850454,2.5962292013,,,,129.8710904642,,-74.3938291582,,,,,,,,30.9732364364,,,,12.2989827144,,,,,,,,0.0,,,,,,16.1937263385,,0.0,-30.0330553919,18.5263417669,23.2456455761,11.5780184704,22.6555695828,18.5263417669,8.8079279019,7.3842788277,2.3195030219,10.730713509,81.5260991572,22.6594101362,,,,,,67.1288988578,,,标准无保留意见,,0
300760.SZ,300760,迈瑞医疗,10091420,通用,2019-09-30 00:00:00,三季报,2019三季报,058001001,2019-10-30 00:00:00,2019-10-30 00:00:00,CNY,,1543124028.0,1772075221.0,,582509046.0,,,,,,,,,0.0,,,,,,,8171269620.0,962476909.0,,,,,,0.0,,0.0,,250791100.0,,520840425.0,63033406.0,,,187647826.0,,,,,0.0,,,,,,2599569793.0,,,,,,,1411990729.0,,,,,890451905.0,,118256968.0,,,2160045832.0,33704446.0,,,0.0,,,,,,,,,21895720.0,6268882.0,1500906011.0,22240252.0,13136612369.0,17993000.0,0.0,,,0.0,,1550709536.0,1776347020.0,7585508.0,4271799.0,,20085576.0,,59433757.0,175391105.0,,,,259764940.0,,6565766.0,,,0.0,,,,,91737928.0,,,,154709111.0,,,,,,,,1215691266.0,,,,,,1398528680.0,,607845633.0,320800075.0,24479144228,17584532653,4938830080,17627279937.0,24479144228.0,6851864291,6894611575,1913034211.0,910891638.0,279391564.0,17605039685,,,,,,7590147590.0,,,,,3.7461557614,,-15.5378724879,,,,,,,,,,,,,,,,221.5680446396,29.8053556722,,,,,,,,,,,16.9432088564,19.3346358052,-12.4615493238,,,70.1314168677,,,,,,,,,,,,1.9041323955,,,,,,2.3825510709,,,,,-0.9892953429,,,,,15.041481094,-16.1352820724,,,,,,,,,,,,-2.4419802838,-29.8951449154,2.9492509478,17.7136063584,119.0871075936,15.3027875681,,,,,,25.9067397163,1.6200766204,,-89.3044682936,,58.0978613834,,71.3629052085,12.8217919975,,,,63.1463345488,,7.2475358404,,,,,,,,24.6034921114,,,,4.9934445737,,,,,,,,11.1142464782,,,,,,22.889683501,,11.1142464782,8.2361645755,49.7585262087,75.893822462,-16.6318642099,105.0278605995,49.7585262087,-11.5687492376,8.602207631,4.8745588532,4.463338788,57.0635382233,105.2201614496,,,,,,73.1447932878,,,,,0
300760.SZ,300760,迈瑞医疗,10091420,通用,2019-06-30 00:00:00,中报,2019中报,058001001,2019-08-29 00:00:00,2019-08-29 00:00:00,CNY,,1452891298.0,1784641752.0,,672480304.0,,,,,,,,,0.0,,,,,,,8171269620.0,920227988.0,,,,,,0.0,,0.0,,248159864.0,,492598754.0,64637420.0,,,159289762.0,,,,,0.0,,,,,,2587774994.0,,,,,,,1378368838.0,,,,,895692589.0,,83204861.0,,,1873877437.0,35325600.0,,,0.0,,,,,,,,,21022793.0,7163295.0,1368427898.0,20852516.0,12124145194.0,16823000.0,0.0,,,0.0,,1460511506.0,1789484086.0,7620208.0,4842334.0,,13959546.0,,50785081.0,186091925.0,,,,150272656.0,,6425731.0,,,0.0,,,,,88310112.0,,,,153966138.0,,,,,,,,1215691266.0,,,,,,1207789427.0,,607845633.0,353155098.0,22911139365,16263402096,4817503423,16317674917.0,22911139365.0,6593464448,6647737269,1775961025.0,937475163.0,254321160.0,16296822401,,,,,,6288056336.0,,,,,,,,,,,,,,,,,,,,,,,,,,,,,,,,,,,,,,,,,,,,,,,,,,,,,,,,,,,,,,,,,,,,,,,,,,,,,,,,,,,,,,,,,,,,,,,,,,,,,,,,,,,,,,,,,,,,,,,,,,,,,,,,,,,,,,,,51.8126302887,82.4988982896,-15.6279866577,,,-12.4312299158,7.5648325243,,,,116.0038044361,,,,,,,,,,,0
300760.SZ,300760,迈瑞医疗,10091420,通用,2019-03-31 00:00:00,一季报,2019一季报,058001001,2019-04-29 00:00:00,2019-04-29 00:00:00,CNY,,,1635912795.0,,761035217.0,,,,,,,,,0.0,,,,,,,8171269620.0,882014613.0,,,,,,0.0,,0.0,,249162856.0,,464556298.0,66335110.0,,,119723044.0,,,,,0.0,,,,,,2565915817.0,,,,,,,1354416209.0,,,,,919824060.0,,41771291.0,,,1785386011.0,36946755.0,,,0.0,,,,,,,,,21281877.0,9142125.0,1271543323.0,20236377.0,11780710850.0,15943000.0,0.0,,,0.0,,1265337570.0,1641050897.0,,5138102.0,,16837639.0,,39932670.0,160922474.0,,,,132821859.0,,6265663.0,,,0.0,,,,,94153472.0,,,,130843628.0,,,,,,,,1215691266.0,,,,,,854282864.0,,607845633.0,384805330.0,22148350182,15641707525,4288650631,16172239127.0,22148350182.0,5976111055,6506642657,1687460424.0,862267176.0,247840469.0,16152002750,,,,,,6140358592.0,,,,,19.3530839851,,-7.3447494871,,,,,,,,,,,,,,,,216.1333015174,24.9470387035,,,,,,,,,,,18.907492997,50.2528447308,-10.2078014219,,,-13.8342155745,,,,,,,,,,,,3.6952485547,,,,,,5.9080696866,,,,,11.1059279945,,791.2357133591,,,7.5446099188,-15.1134529653,,,,,,,,,,,,-6.9357696986,-44.7390172263,3.1863736473,-44.076101402,125.523903676,-2.9493227819,,,,,,13.5856289894,19.6856335462,,960.248486937,,180.5197321091,,15.1827412236,14.0778202653,,,,18.7851571465,,14.1602385068,,,,,,,,36.9137441338,,,,3.8278655361,,,,,,,,11.1142464782,,,,,,61.8147849534,,11.1142464782,21.63914558,52.6614850558,82.3439168723,-21.7795299482,117.5027672958,52.6614850558,-15.5048620595,9.7239692644,6.1325924372,5.0906312497,69.706215364,118.2929604009,,,,,,92.2315071311,,,,,0
300760.SZ,300760,迈瑞医疗,10091420,通用,2018-12-31 00:00:00,年报,2018年报,058001001,2019-04-23 00:00:00,2020-04-02 00:00:00,CNY,,934523498.0,1572746574.0,,930447347.0,,,,,,,,,0.0,,,,,,,8171269620.0,837365230.0,,,,,,0.0,,0.0,,274947500.0,,420154820.0,69374917.0,,,135820173.0,,,,,0.0,,,,,,2571230816.0,,,,,,,1376418022.0,,,,,900646780.0,,9652777.0,,,1698949044.0,38567910.0,,,0.0,,,,,,,,,22665745.0,9341410.0,1493481210.0,19992777.0,11543773381.0,16635000.0,0.0,,,0.0,,940369928.0,1627332696.0,5846430.0,54586122.0,,18019957.0,,48572666.0,167215822.0,,,,122682468.0,,6299173.0,,,0.0,,,,,85418894.0,,,,122406140.0,,,,,,,,1215691266.0,,,,,,1128088404.0,,607845633.0,416269758.0,21627385716,15192492342,4519547739,15178316283.0,21627385716.0,6449069433,6434893374,1929521694.0,937156480.0,134823415.0,15158323506,,,,,,5145497030.0,,,,-3.6542957271,10.561216481,,-18.4135923636,,,,,,,,,,,,,,,,216.1333015174,37.3512532952,,,,,,,,,,,9.1418271781,48.9767511921,-10.9528669463,,,23.9867634668,,,,,,,,,,,,3.0250573458,,,,,,4.2261076654,,,,,6.1317383563,,118.3781950681,,,8.3899914881,-14.3934646955,,,,,,,,,,,,11.8258084989,-63.0142788075,29.4483331997,-41.5355207475,119.0324353151,-6.0302217201,,,,,,-5.8484379302,14.3622176397,-79.7098330835,11988.1021505019,,158.2397522498,,63.7468522938,16.5772997746,,,,34.9691942422,,11.8557638319,,,,,,,,44.8922095376,,,,14.0816456667,,,,,,,,11.1142464782,,,,,,27.4829575847,,11.1142464782,108.1064006796,49.7903317357,76.8463317807,-27.5269150092,128.1038074269,49.7903317357,-17.1529977677,10.0423512864,24.6349707698,5.8071486471,-10.1052465409,128.9801101647,,,,,,115.5578483175,,,标准无保留意见,,0
300760.SZ,300760,迈瑞医疗,10091420,通用,2018-09-30 00:00:00,三季报,2018三季报,058001001,2018-10-30 00:00:00,2018-10-30 00:00:00,CNY,0.0,,1708087599.0,,689668924.0,,,,,,,,,0.0,0.0,,,,,,2541070158.0,741477040.0,,,,,,0.0,0.0,0.0,0.0,214455463.0,,436453693.0,72006536.0,,,110295811.0,,,,,0.0,,,,,,2550995462.0,,,,,,,1379132200.0,,,,,899349124.0,,,,,1877623455.0,40189065.0,,,0.0,,,0.0,,,,,,22443793.0,8942151.0,1457908627.0,18893527.0,5996068191.0,15605000.0,0.0,0.0,,0.0,0.0,1231633461.0,1748027633.0,,39940034.0,,12704521.0,,34682977.0,155458535.0,,,,159222051.0,,6122067.0,871972549.0,177884420.0,0.0,0.0,,,,73623882.0,,,,147351210.0,,,,,,,,1094091266.0,,,1540963678.0,,,1138035871.0,,547045633.0,296388990.0,16345743276,9997242886,5924122008,8597504693.0,16345743276.0,7748238583,6348500390,1824116575.0,871972549.0,177884420.0,8578611166,,,,,,4383699588.0,,,,,,,,,,,,,,,,,,,,,,,,,,,,,,,,,,,,,,,,,,,,,,,,,,,,,,,,,,,,,,,,,,,,,,,,,,,,,,,,,,,,,,,,,,,,,,,,,,,,,,,,,,,,,,,,,,,,,,,,,,,,,,,,,,,,,,,,,,,,,,,,,,,,,,,,,,,,,0
300760.SZ,300760,迈瑞医疗,10091420,通用,2018-06-30 00:00:00,中报,2018中报,058001001,2018-09-14 00:00:00,2018-09-14 00:00:00,CNY,,,,,,,,,,,,,,,,,,,,,,,,,,,,,,,,,,,,,,,,,,,,,,,,,,,,,,,,,,,,,,,,,,,,,,,,,,,,,,,,,,,,,,,,,,,,,,,,,,,,,,,,,,,,,,,,,,,,,,,,,,,,,,,,,,,,,,15091721500,8911507000,5709835800,,,7529470200,6180214400,,,,7544692300,,,,,,,,,,,,,,,,,,,,,,,,,,,,,,,,,,,,,,,,,,,,,,,,,,,,,,,,,,,,,,,,,,,,,,,,,,,,,,,,,,,,,,,,,,,,,,,,,,,,,,,,,,,,,,,,,,,,,,,,,,,,,,,,,,,,,,,,,,,,,,,,,,,,,,,,,,,,,,,,,,,0
300760.SZ,300760,迈瑞医疗,10091420,通用,2018-03-31 00:00:00,一季报,2018一季报,058001001,2018-09-14 00:00:00,2018-09-26 00:00:00,CNY,0.0,1077506026.0,1370649790.0,,821362214.0,,,,,,,,,0.0,0.0,,,,,,2584754463.0,705910778.0,,,,,,0.0,0.0,0.0,0.0,209543444.0,,309183030.0,73876251.0,,,138944994.0,,,,,0.0,,,,,,2474477715.0,,,,,,,1278860254.0,,,,,827880273.0,10073378.0,4686896.0,,,1660135280.0,43524865.0,,,0.0,,,0.0,,,,,,22867945.0,16543544.0,1232278331.0,36185562.0,5223708289.0,16427500.0,0.0,0.0,,0.0,0.0,1113994421.0,1371134403.0,36488395.0,484613.0,,-20911196.0,,34668970.0,141063770.0,,,,111816882.0,,5488481.0,810425239.0,141353995.0,0.0,0.0,,,,68768459.0,,,,126019761.0,,,,,,,,1094091266.0,,,1741565139.0,,,527938695.0,,547045633.0,316349912.0,14508145374,8578135094,5482772768,7435417640.0,14508145374.0,7072727734,5930010280,1589954966.0,820498617.0,146040891.0,7399232078,,,,,,3194251912.0,,,,,,,,,,,,,,,,,,,,,,,,,,,,,,,,,,,,,,,,,,,,,,,,,,,,,,,,,,,,,,,,,,,,,,,,,,,,,,,,,,,,,,,,,,,,,,,,,,,,,,,,,,,,,,,,,,,,,,,,,,,,,,,,,,,,,,,,,,,,,,,,,,,,,,,,,,,标准无保留意见,,0
300760.SZ,300760,迈瑞医疗,10091420,通用,2017-12-31 00:00:00,年报,2017年报,058001001,2018-03-30 00:00:00,2019-04-23 00:00:00,CNY,0.0,969969035.0,1422512002.0,,1140444069.0,,,,,,,,,0.0,0.0,,,,,,2584754463.0,609652413.0,,,,,,0.0,0.0,0.0,0.0,251917626.0,,282027106.0,77908086.0,,,109544091.0,,,,,0.0,,,,,,2495733448.0,,,,25392181.0,138961920.0,,1320607718.0,,,,,848612106.0,6725977.0,4420211.0,,,1567440887.0,45052530.0,,,0.0,,,0.0,,,,,,20268796.0,25256801.0,1153727648.0,34196451.0,5270348825.0,17702500.0,0.0,0.0,42785033.0,0.0,0.0,998783140.0,1422963571.0,28814105.0,451569.0,,6977995.0,,29663267.0,143437721.0,,,,90896644.0,,5631514.0,878995349.0,145558970.0,0.0,0.0,,,,58953407.0,,,,107296962.0,,,,,,,,1094091266.0,,,1801120000.0,,,884893499.0,,547045633.0,200027369.0,14438439027,8590787374,6236174077,6654126669.0,14438439027.0,7784312358,5847651653,1548138281.0,885721326.0,149979181.0,6619930218,,,,,,2387060861.0,,,,51.7311003238,38.5876800573,,30.6581958288,,,,,,,,,,,,,,,,-4.0037858427,-23.3850065666,,,,,,,,,,,-9.3330269899,42.9845753534,-35.856788129,,,13.1831944174,,,,,,,,,,,,14.5152049799,,,,2894.6630824303,,-4.9335218531,,,,,1.1566477806,-10.1497109178,47.742719339,,,52.0053453166,-12.5824170056,,,,,,,,,,,,32.0475769557,186.5954928682,83.6706282051,-57.7492401796,17.9875751412,-17.6921918124,,,,,,46.6465185905,35.3230190284,-31.0892029965,-98.2006609558,,-88.0117533693,,-94.864264768,-19.8644618578,,,,0.3533573274,,-32.814084872,1.2507897618,116.4935424945,,,,,,66.1230768702,,,,17.0546722544,,,,,,,,0.0,,,-3.4231209669,,,30.7998222818,,45.8289961712,-9.4806621013,11.2871728895,17.5120703224,11.846653136,44.6314841754,11.2871728895,-7.0340208113,3.2519236834,-44.6628016259,-17.6550053024,113.5645849716,46.464831099,,,,,,696.1551433141,,,标准无保留意见,,0
300760.SZ,300760,迈瑞医疗,10091420,通用,2016-12-31 00:00:00,年报,2016年报,058001001,2017-05-26 00:00:00,2018-09-26 00:00:00,CNY,0.0,639268438.0,1026434674.0,,872845413.0,,,,,,,,,0.0,0.0,,,,,,2692558749.0,795735124.0,,,,,,0.0,0.0,0.0,0.0,277849384.0,,197243028.0,121459596.0,,,96784767.0,,,200000000.0,,0.0,,,,,,2179390456.0,,,,,4640319.0,,1389141308.0,,,,,838908885.0,7485760.0,2991830.0,,,1031174847.0,51537149.0,,,0.0,,,0.0,,,,1677800000.0,48515771.0,15349616.0,8812700.0,628150325.0,80936890.0,4466867650.0,21507680.0,0.0,0.0,,0.0,0.0,681082067.0,1051531056.0,41813629.0,25096382.0,,58206969.0,,577585597.0,178993895.0,,,,90576585.0,,8381986.0,868136783.0,67234786.0,0.0,0.0,,,,35487789.0,,,,91663972.0,,,,,,,,1094091266.0,,,1864959831.0,,,676525001.0,,375128162.0,220977499.0,12974037036,7310557418,5575646568,4600745617.0,12974037036.0,8373291419,5663479618,2797644851.0,1075622543.0,70226616.0,4519808727,,,,,,299823581.0,,,,8.7850399228,-15.4106105225,,143.9135216852,,,,,,,,,,,,,,,,924.9711202368,-20.7275139263,,,,,,,,,,,-6.695699049,76.4549213577,-6.0924078985,,,,,,,,,,,,,,,16.2143545414,,,,,,5.7245813516,,,,,-5.7781595995,122.9361145153,-63.1874083939,,,2.963262927,,,,,,,,,,,439.1463433538,9511.3466171133,-48.0164934415,-45.4948638618,,-50.8359372032,121.1270999861,-48.1298454597,,,,,,5.4215351991,-14.8574115419,-28.4162914968,16.2318913206,,109.2556234221,,-77.0789399429,5.0030676021,,,,-24.5644412901,,-14.0846121409,-32.595764433,-25.4727245709,,,,,,6.7205057899,,,,6.7907031712,,,,,,,,212.5975045714,,,474.3993565973,,,-6.9896277607,,114.3589497143,-19.1575869868,4.9420890479,4.4052279492,10.5577899319,-29.6308006921,4.9420890479,43.7466554551,5.6433001769,257.829486132,-16.7032305568,-28.5895399653,-29.0830666781,,,,,,-94.6054249446,,,标准无保留意见,,0
300760.SZ,300760,迈瑞医疗,10091420,通用,2015-12-31 00:00:00,年报,2015年报,058001001,2017-05-26 00:00:00,2018-09-26 00:00:00,CNY,0.0,587643704.0,1213431945.0,,357850359.0,,,,,,,,,0.0,0.0,,,,,,262696060.0,1003797362.0,,,,,,0.0,0.0,0.0,0.0,297788399.0,,111780973.0,129339485.0,,,,,,,,0.0,,,,,,1875319503.0,,,,,,,1313924624.0,,,,,890355019.0,3357805.0,8127192.0,,,1001497833.0,,,,0.0,,,0.0,,,,311195656.0,504776.0,29527858.0,16168568.0,,164626122.0,2020045327.0,41464461.0,0.0,0.0,1252122531.0,0.0,0.0,646055918.0,1235023594.0,58412214.0,21591649.0,,27816203.0,,2519890422.0,170465396.0,,,,120071471.0,,9756094.0,1287955832.0,90215006.0,0.0,0.0,,,,33253018.0,,,,85835161.0,,,,,,,,350000000.0,,,324680000.0,,,727365115.0,,175000000.0,273343522.0,12363044374,7002098996,5043196478,6538010468.0,12363044374.0,5825033906,5360945378,781837428.0,1291313637.0,98342198.0,6373384346,,,,,,5557872083.0,,,,2.6727352526,-11.4922123002,,86.1574911083,,,,,,,,,,,,,,,,-62.567172414,49.3921254457,,,,,,-100.0,,-100.0,,,40.7986968285,21.430179341,-16.3314791287,,,,,,,,,,,,,,,3.7777579235,,,,,,0.3573448873,,,,,-24.6244540309,1.7516666667,-92.1369818217,,,8.8639033039,,,,,,,,,,,-74.1155727529,-58.3964394626,-28.9616827174,37.2951895725,,-51.3053416012,13.1860039681,3.5852762851,100.0,,2090.0706648453,-100.0,,2.7366316783,-9.95862667,3.3839006165,3332.6945945946,,-55.9745513365,,-48.4252770113,90.5328917587,,,,-32.7201034821,,1048.7217708701,10.8394007651,-25.16004045,,,,,,-58.6065967005,,,,38.5826141991,,,,,,,,0.0,,,6.1219153456,,,3.7150586544,,0.0,112.6572966093,-15.2133977164,-24.6118063994,54.2820071604,-32.3314547424,-15.2133977164,18.4058447387,1.2777960745,-52.6369340444,10.8136653526,-56.0783310317,-31.6434622818,,,,,,-30.8186807628,,,标准无保留意见,,0
300760.SZ,300760,迈瑞医疗,10091420,通用,2014-12-31 00:00:00,年报,2014年报,058001001,2017-05-26 00:00:00,2017-05-26 00:00:00,CNY,,572346400.0,1370988900.0,,192229900.0,,,,,,,,,0.0,,,,,,,701779900.0,671921200.0,,,,,,100.0,,100.0,,211499400.0,,92053700.0,154585600.0,,,,,,,,0.0,,,,,,1807053400.0,,,,,,,1309246100.0,,,,,1181225300.0,3300000.0,103359700.0,,,919954000.0,,,,0.0,,,,,,,1202250500.0,1213300.0,41566100.0,11776500.0,,338078400.0,1784713000.0,40029300.0,-200.0,,57172700.0,100.0,,628846700.0,1371617900.0,56500300.0,629000.0,,63182100.0,,4885902000.0,89467700.0,,,,178465600.0,,849300.0,1162001800.0,120543900.0,0.0,,,,,80334100.0,,,,61937900.0,,,,,,,,350000000.0,,,305950000.0,,,701311000.0,,175000000.0,128537100.0,14581365500,9288057800,3268817000,9661816200.0,14581365500.0,4919549300,5293307700,1650732300.0,1165301800.0,223903600.0,9323737800,,,,,,8033775800.0,,,,,,,,,,,,,,,,,,,,,,,,,,,,,,,,,,,,,,,,,,,,,,,,,,,,,,,,,,,,,,,,,,,,,,,,,,,,,,,,,,,,,,,,,,,,,,,,,,,,,,,,,,,,,,,,,,,,,,,,,,,,,,,,,,,,,,,,,,,,,,,,,,,,,,,,,,,,,0
