选项,指标,20260331,20251231,20250930,20250630,20250331,20241231,20240930,20240630,20240331,20231231,20230930,20230630,20230331,20221231,20220930,20220630,20220331,20211231,20210930,20210630,20210331,20201231,20200930,20200630,20200331,20191231,20190930,20190630,20190331,20181231,20180930,20180630,20180331,20171231,20170930,20170630,20170331,20161231,20160930,20160630,20160331,20151231,20150930,20150630,20150331,20141231,20140930,20140630,20140331,20131231,20130930,20130630,20130331,20121231,20120930,20120630,20120331,20111231,20110930,20110630,20110331,20101231,20100930,20100630,20100331,20091231,20090930,20090630,20090331,20081231,20080930,20080630,20080331,20071231,20070930,20070630,20070331,20061231,20060930,20060630,20060331,20051231,20050930,20050630,20050331,20041231,20040930,20040630,20040331,20031231,20030930,20030630,20030331,20021231,20020930,20020630,20020331,20011231,20010630,20001231,20000630,19991231,19990630,19981231,19980630,19971231,19970630,19961231,19951231,19941231
常用指标,归母净利润,111046230.14,1167210009.73,901434290.7,633915377.07,207580192.56,1116925147.02,894693268.75,627858221.25,237156160.87,1005384610.79,810337039.85,568993076.76,160905037.71,785264078.19,648182455.86,454476944.78,100626515.83,724373048.45,579021879.54,429445014.42,82668322.32,715964046.95,511781743.15,354342405.4,62895317.36,470535732.73,304505687.0,196073418.74,25177652.87,199660750.0,155402305.17,131979840.73,27687221.44,613777306.9,301298780.99,160468565.49,49673263.96,868925025.23,244657784.36,109572701.07,35868116.16,720636725.3,165064012.44,75329815.92,10559004.1,1062277611.68,592765891.06,313318957.73,98863148.76,728891214.53,374422257.45,185023309.06,63815257.23,332016305.49,138941539.55,107989469.59,13450970.72,156502890.47,94264120.38,73706732.17,10572452.57,146671788.73,89048620.29,68846512.75,9982043.03,130197663.3,82466455.38,57145326.39,7618911.17,38206911.55,57192391.4,42459873.4,10257635.03,115985129.7,81039294.12,71115023.03,12209595.33,129755452.74,78862761.35,61399566.59,11431846.76,116840478.31,96878300.34,63729438.07,15453297.91,144027661.9,124138882.13,80319226.16,17589084.41,168771693.78,119513631.7,78748510.95,15977507.31,151185469.88,115586848.19,79407062.18,14767289.42,170900640.57,87066860.61,201164553.81,76659311.67,193037296.51,93178622.85,110501119.4,44088777.09,89704232.0,45341696.09,65122242.0,57530342.0,55490657.0
常用指标,营业总收入,2377751582.79,14991906066.24,9453514648.58,6447195257.35,2348151832.86,17089133346.79,9586051242.34,6835568793.06,2809529576.01,17060896563.04,10829982223.34,7203037896.77,3308766910.14,15029743118.34,9115767552.72,6129583494.94,2469027456.71,11990697379.23,7534667071.54,4954453652.36,1814943352.29,11191201681.05,6592176520.75,4142287076.41,1023327826.27,10852446112.05,5658881083.68,3317460801.45,1032565184.73,8216558727.72,4159547005.91,2656859126.96,894875724.02,10329489384.43,5265993576.56,3257280026.78,1133526479.56,9607009637.5,4807327635.02,2898387408.39,945517584.68,7346300438.49,3427782251.38,2180134925.77,815599976.53,8359193647.88,5015224569.81,3257414685.18,1277423413.94,8774280193.13,4385427361.87,2661919731.64,1145993105.1,6611806304.29,3917775474.03,2542147958.68,990623675.44,4362305057.28,2377598763.07,1409365604.34,550694359.19,3855526070.22,1981741667.23,1187997427.24,418061089.95,3039605457.33,1811720593.97,1062881631.14,364419279.41,2601378596.96,1697954768.61,949935882.53,327406579.18,2454629797.64,1476002337.7,886481695.52,346308122.43,2375266020.9,1384161577.02,817929159.37,294153635.02,1866275589.33,1219577539.88,760354407.25,308157377.54,1726390400.59,1138568547.8,708993910.69,289175456.18,1561742075.88,1046637156.02,574244379.81,256331678.25,1311954805.1,850922544.78,542892434.79,191709197.8,1227327371.52,467585169.52,981362772.15,375015955.66,747529970.65,297153935.05,459876653.0,170353242.77,357081117.0,141976194.9,345672454.0,287138342.0,285018905.0
常用指标,营业成本,2252437674.04,13670560173.17,8415277796.08,5700057285.45,2114398659.15,15767193852.42,8618112662.12,6092214126.49,2561629169.45,15924095279.45,9804993305.88,6459766747.28,3101873803.26,13935383111.05,8208955861.24,5474853683.83,2328125814.24,11139694656.57,6789365376.34,4420323762.25,1716854358.27,10380978413.41,6004614245.24,3746798107.86,954586845.26,10253290033.81,5370257589.45,3189651125.96,1006778931.57,7967406135.62,4004750333.7,2526918059.18,867689409.25,9621165663.9,4900179852.62,3060911142.51,1078845240.62,8643286788.34,4541653901.1,2777384131.24,911412475.29,6557944403.41,3262196397.15,2099514254.73,810477385.03,7037335234.47,4232487005.27,2802298098.81,1088489191.16,7769699647.76,3864425156.41,2381717940.81,1006250115.16,6086321871.51,3625578488.08,2312143200.32,930299971.2,4062711185.71,2211847693.84,1305573062.63,536543833.6,3664412326.12,1852044318.11,1089379528.72,408064781.75,2825287928.43,1684400505.65,979003203.41,361588146.86,2500683467.39,1622289034.89,902805920.84,318037940.73,2282547045.6,1347631390.93,785370992.91,325275645.89,2199410741.22,1272950938.12,743909499.92,279620336.84,1723985282.67,1110935901.79,690055555.52,293624016.11,1561540164.12,963336951.7,585941148.83,261251329.54,1302930152.4,859616395.26,453028858.07,234602542.23,1136505490.02,703741803.94,442776014.91,168363817.97,1010344818.93,365680329.98,744985803.43,265792166.85,519200143.69,187097359.01,330174287.0,118513425.57,275114920.0,,269486083.0,225613288.0,225847707.0
常用指标,净利润,126564731.5,1311849908.05,998494590.09,709580074.56,236322518.2,1292177503.62,1022607020.18,722920797.4,263546497.94,1186017918.33,944229039.1,666351888.93,189738361.04,995402138.28,801231186.84,551496119.42,129170693.97,857129616.47,688562216.65,478052896.59,96012571.88,802630209.78,577636735.15,395942047.68,67203172.71,538618843.85,347659141.91,219505019.18,28325767.63,273709728.34,198428706.14,154963748.57,24515558.77,681789050.49,313675945.56,162957623.19,50691481.41,940486134.87,261564093.39,111291108.17,20385109.66,805861125.26,184357037.25,94214777.83,12700163.99,1289266667.29,737639980.28,421115468.09,158098711.83,995323856.32,546888009.05,290511694.8,123777242.97,569535842.82,238535864.6,183948699.66,45735374.39,304182644.36,160878005.03,112012973.26,17303156.02,247218959.61,143789041.72,103363290.89,15016284.13,230518051.26,135861421.67,86560549.91,9973683.3,102834968.61,80366962.86,51116598.01,11585778.77,164143597.28,108046940.84,84425080.07,14088938.05,180442439.72,103607912.23,76890954.14,13448231.92,160908430.31,120916332.07,79009021.16,21130316.92,176471537.11,142275770.04,86503598.32,18298520.83,200727501.67,130575246.27,84586741.72,17303908.23,158282759.97,121338539.39,81789881.41,14778009.86,171139916.96,85719224.18,208022418.68,77054385.04,195051845.21,93178622.85,110501119.4,44088777.09,89704232.0,45341696.09,65122242.0,57530342.0,55490657.0
常用指标,扣非净利润,107363358.36,1121788879.27,877249933.38,618126035.56,203580368.02,1061890917.4,864423710.54,611214091.4,226092356.59,869065456.59,719025360.01,527405160.97,143928296.79,712939702.87,623963275.39,437798684.35,93645197.61,668198586.91,548066936.88,410297507.91,72375378.27,604954931.23,437454484.16,288698515.95,34119318.54,370725276.35,254368092.9,168277126.04,20864668.92,163732643.71,138821242.66,119063348.73,25557734.14,602535864.24,298360299.6,158831077.53,48200914.32,825286914.21,244537845.82,109179785.1,35319206.77,693855492.03,157106474.22,67826395.98,10165320.2,1069681825.85,599533745.3,320484231.15,103152271.33,522738510.63,287629208.2,180050086.96,66900239.88,323254601.8,138981767.67,107978147.76,13269537.59,151222336.11,90623345.03,69956936.12,10300151.59,132424977.81,87339132.17,66628908.21,9787894.13,133736249.36,81237954.89,55515479.28,7600858.51,38075772.45,55077268.45,42460006.66,9969017.9,113808247.14,81520422.88,71382273.15,11613480.61,128598670.53,87729380.68,57784453.73,12469418.9,99606603.89,83960392.54,52861861.84,10922793.08,125937187.07,123007890.8,79675682.05,17546890.96,163633217.8,119368770.25,78334007.96,14891333.61,151325099.61,115788417.62,79596799.09,,169163786.67,87267823.98,200932910.31,76659300.0,,,,,,,,,
常用指标,股东权益合计(净资产),13519152868.19,13380166364.57,13026738387.46,12973017288.07,12634468766.82,12381841145.91,12454037323.31,12144295528.31,11972957796.66,11693336512.91,11754611366.71,11481954243.97,11147435767.02,11097515143.81,10812183655.13,10558741117.4,10284894674.29,10156608202.38,9988546822.55,9573946040.88,9292760290.52,9199203036.74,9034209562.11,8852514874.64,8719634665.29,8952811425.46,8584970040.49,8476816237.69,8381349958.17,8353024190.54,8306378626.18,8264933957.64,8149262314.02,8124746755.25,7759916912.77,7612663048.64,7601227578.04,7550536096.63,6970132270.8,6867345813.37,6892021515.9,6871636406.24,6300032318.23,6328376576.76,6246861962.92,6234161798.93,5653817309.71,5351402892.13,5155607956.47,4749132252.96,3499333816.37,3340227241.96,3224135062.41,3187339320.13,2985449967.44,2977662802.5,2922332689.96,2966597315.57,2834941765.49,2839903933.72,2745194116.48,2757890960.46,2658086762.57,2628352505.26,2543755498.5,2534739214.37,2476250817.6,2432949945.84,2363168079.23,2359194395.93,2345376449.94,2360629972.67,2328415677.92,2328333824.15,2308678189.4,2283128903.75,2226200462.82,2203583244.84,2184253524.01,2143119375.91,2075411377.16,2059255292.35,2033693045.61,2041319173.51,1984458351.55,1966742234.92,1940845190.13,1886026880.78,1862684532.18,1858405117.79,1742989194.56,1688333055.01,1635735191.04,1656258482.84,1625517055.56,1585968397.56,1505221806.37,1490443796.51,1489527018.23,1435313969.43,1375661080.56,1299453209.3,882798251.14,789619628.0,750807285.98,706718508.0,662355972.23,169937221.0,141283435.0,115970084.0
常用指标,商誉,,,,,,,,,,,,,,,,,,,,,,,,,,,,,,,,,,,,,,,,,,,0.0,,,,,,,,,,,,,,,,,,,,,,,,,,,,,,,,,,,,,,,,,,,,,,,,,,,,,,,,,,,,,,,,,,,
常用指标,经营现金流量净额,-193514143.65,2670382574.97,1914872417.28,1119563491.35,162863495.54,1298911206.62,795831410.52,332136297.51,260311577.56,2748163854.51,1490572013.93,942258219.05,-86250502.7,1755734065.95,571079113.28,-249916326.92,-376005870.54,1304357104.76,241668743.32,-45908267.07,-22641799.1,783466700.18,-147569272.64,-151611269.93,-206123418.04,171968659.19,12787482.79,-26001219.9,-225911361.56,463240385.46,-447451968.07,-483896912.83,-305832966.12,-34942131.03,-677886387.59,-683950010.2,-662564777.03,1247015876.52,15097870.49,-65819964.94,-215339554.63,503307372.02,141505020.52,-103203885.44,-202430291.68,-208308549.23,-384957245.25,-234667986.35,-412633894.71,751405639.23,541903941.54,768565494.57,23717831.31,497672225.54,-75580041.68,-206914444.68,-173849164.46,472569052.7,-116940904.99,-171159921.78,-286083644.76,171303621.25,-341828427.73,-282492258.14,-208104166.17,197290473.75,-164695383.11,-135488310.57,-250535742.3,275856771.42,-222450007.65,-228917256.55,-212370633.71,235782122.26,-308459222.7,-191317919.87,-207080312.87,113580578.39,-290488852.7,-172023384.05,-176286412.16,127375615.29,-100902516.2,-213698159.58,-174017156.19,202147664.97,114569239.31,96925273.11,-80138702.26,143106487.46,-36976876.23,24376204.88,-75798209.37,103941658.96,,26514170.26,,102208435.74,8761897.66,60834703.9,-42118468.75,109474237.6,,11801064.68,-27822923.13,,,,,
常用指标,基本每股收益,0.1101,1.1531,0.8908,0.6271,0.2054,1.1018,0.8842,0.6195,0.2352,0.9971,0.8036,0.5643,0.1596,0.7788,0.6428,0.4507,0.0998,0.7184,0.5742,0.4259,0.082,0.7101,0.5076,0.3514,0.0624,0.4666,0.2642,0.1945,0.025,0.198,0.1541,0.1309,0.0275,0.6087,0.2988,0.1591,0.0493,0.8617,0.2426,0.1087,0.0356,0.7147,0.1637,0.0747,0.0105,1.0573,0.5921,0.3141,0.1503,0.7726,0.3969,0.1961,0.1015,0.6752,0.2825,0.2196,0.0356,0.4137,0.2492,0.1949,0.0279,0.3877,0.2354,0.182,0.0264,0.3442,0.218,0.1511,0.0201,0.101,0.1512,0.1122,0.0271,0.3066,0.2142,0.188,0.032,0.343,0.2085,0.1623,0.03,0.31,,0.17,,0.3808,,0.21,,0.4462,,0.21,,0.3997,,0.21,,0.452,0.2302,0.532,,0.91,,0.8,,0.71,,,,
常用指标,每股净资产,12.048473,11.928458,11.627585,11.594689,11.304879,11.08603,11.129662,10.852745,10.752752,10.505303,10.539278,10.414247,10.15182,9.997166,9.899051,9.701905,9.441776,9.342858,9.199209,8.922586,8.678695,8.596666,8.39417,8.238031,8.102477,8.064302,7.903605,7.811465,7.71599,7.69102,7.647321,7.624092,7.54066,7.513202,7.198731,7.059063,7.049181,6.999918,6.381719,6.246925,6.273828,6.238256,5.687272,5.698278,5.633139,5.622668,5.122851,4.843658,7.049541,6.687399,6.206713,5.993279,7.591726,7.41125,6.952233,6.858635,6.70896,6.673401,6.515233,6.560887,6.393985,6.366036,6.213703,6.160297,6.004683,5.978294,5.852112,5.785173,5.654245,5.634104,5.684294,5.745347,5.660217,5.6331,5.573123,5.546887,5.396198,5.356648,5.280424,5.201531,5.05697,5.021241,4.966366,4.998734,4.871111,4.830259,4.757738,4.641896,4.596063,4.549564,4.426124,4.318358,4.158013,4.115775,4.138848,4.043203,3.872322,3.833283,3.864414,3.721003,3.585566,5.412655,4.264725,5.721881,5.440632,5.121148,4.79968,,,
常用指标,每股现金流,-0.189976,2.621563,1.879865,1.098958,0.159846,1.274849,0.781088,0.32594,0.255455,2.696897,1.441585,0.913382,-0.090764,1.717208,0.566362,-0.247852,-0.3729,1.293585,0.239672,-0.045529,-0.022454,0.776996,-0.14635,-0.150359,-0.199695,0.075403,0.025656,-0.054863,-0.224045,0.459414,-0.443756,-0.4799,-0.303307,-0.034653,-0.672288,-0.678301,-0.657092,1.236717,0.014973,-0.065276,-0.213561,0.49915,0.140336,-0.102351,-0.200758,-0.206588,-0.381778,-0.232729,-0.613839,1.651034,0.799807,1.031555,0.334042,1.315646,-0.199803,-0.546999,-0.459587,1.249283,-0.309145,-0.452478,-0.75629,0.452858,-0.903657,-0.746796,-0.550144,0.521557,-0.435388,-0.358176,-0.662316,0.729255,-0.588068,-0.605165,-0.561423,0.623313,-0.815442,-0.505768,-0.547437,0.317401,-0.775502,-0.456923,-0.469129,0.33673,-0.266745,-0.564932,-0.460031,0.534397,0.302875,0.256231,-0.211854,0.378316,-0.097752,0.06444,-0.20038,0.27478,,0.070092,,0.270198,0.023162,0.160822,-0.111344,0.463049,,0.085514,-0.201615,,,,,
常用指标,净资产收益率(ROE),0.91,9.94,7.76,5.49,1.82,10.08,8.02,5.7,2.19,9.41,7.59,5.39,1.55,7.91,6.65,4.71,1.06,8.04,6.49,4.84,0.95,8.42,5.92,4.13,0.75,5.73,3.23,2.42,0.32,2.61,2.03,1.61,0.36,8.4,4.18,2.25,0.7,13.02,3.82,1.73,0.57,11.95,2.88,1.32,0.19,22.79,13.47,6.43,2.19,19.09,9.78,4.68,1.83,12.42,5.39,4.19,0.53,6.34,3.87,3.01,0.44,6.25,3.86,3.0,0.44,5.93,,2.65,,1.78,,1.97,,5.58,,3.45,,6.63,,3.53,,6.2,,3.43,,8.04,,4.56,,10.05,,4.93,,9.9,,5.33,,11.85,6.14,14.55,,,,13.99,,,,,,
常用指标,总资产报酬率(ROA),0.593901,5.7927,4.417914,3.141363,1.078757,6.030643,4.963995,3.57201,1.373615,5.998609,5.149782,3.658921,1.129233,6.092875,5.273561,3.722704,0.92701,5.761824,4.884391,3.434363,0.724956,5.706179,4.320392,2.995629,0.369996,3.809584,2.595305,1.780442,0.255744,2.475158,1.827665,1.411762,0.305733,5.707387,2.977082,1.674091,0.521534,8.472,2.678894,1.322593,0.381753,8.407048,2.362618,1.244439,0.295712,13.684432,8.424695,5.063251,2.066681,12.417591,7.915478,5.00396,2.535389,11.003585,5.594032,4.206076,1.332725,7.078984,4.295691,2.916215,0.626339,7.068901,4.563955,3.196879,0.727817,8.239118,5.037934,3.609801,0.89962,6.489937,4.831065,2.737518,0.916062,7.831082,5.245752,3.448752,1.01803,8.556018,5.415483,3.129312,1.093969,6.833206,5.055104,3.525669,1.168071,7.989777,6.807845,4.733353,1.203951,10.608221,7.560268,5.098509,1.057237,8.058263,7.024019,5.116861,1.22391,10.151962,5.478505,13.496909,6.373467,17.203126,12.026185,16.777335,6.849351,17.505794,,24.731676,27.578775,29.023352
常用指标,毛利率,19.011778,23.357208,23.881471,23.751099,23.469289,20.77406,21.941061,20.903386,18.270049,17.997595,18.725987,18.734363,13.209065,19.037926,20.842428,20.390177,15.373963,20.584941,22.549455,22.005991,17.805739,20.180504,21.764398,21.43781,24.151293,18.040763,18.764265,18.126355,22.121924,17.414497,17.778225,18.619316,23.40256,20.622189,19.779572,19.446164,20.635396,23.269683,18.855262,18.647318,26.599332,27.962004,25.08836,23.227935,23.868817,34.377717,31.425996,29.043753,31.472361,26.812458,26.622578,27.342991,31.812803,26.761842,26.533128,29.387203,35.700192,32.71807,33.556811,36.559983,36.754125,28.753499,33.453243,36.785111,38.529116,32.399022,33.107727,37.779623,39.039963,30.353734,31.280453,35.727781,40.392684,30.547787,35.463009,40.948074,38.49446,33.26046,35.468728,36.228438,37.850971,25.54737,28.683939,30.941651,34.057536,31.336213,36.047663,38.76112,34.026968,35.250159,35.436469,41.600765,29.38077,33.368708,37.043625,39.605873,36.297883,39.473186,44.175647,43.049994,47.386108,47.335568,46.183925,42.044023,46.074656,42.956797,,50.05474,48.222383,42.566399
常用指标,销售净利率,5.322874,8.750387,10.562152,11.006027,10.064192,7.561398,10.667656,10.575868,9.380449,6.951674,8.497461,9.078696,5.461395,6.498856,8.788582,8.997252,5.231642,7.148288,9.138588,9.648952,5.290113,7.171975,8.762458,9.558537,4.665335,4.868612,5.910052,6.448232,2.743242,3.331196,4.77044,5.832591,2.739548,6.599626,5.956633,5.002874,4.472015,9.789582,5.440945,3.839759,2.155973,10.969618,5.378318,4.321511,1.557156,15.423337,14.708014,12.927904,12.376374,10.76469,10.836314,11.108544,11.455052,8.613922,6.088553,7.235955,4.616826,6.972979,6.766406,7.947758,3.142061,6.412068,7.25569,8.700632,3.591887,7.583814,7.499027,8.14395,2.73687,3.953095,4.733162,5.381057,3.538651,6.687101,7.320241,9.523612,4.068324,8.935014,10.368863,11.863761,5.83272,8.80827,10.099012,10.60412,6.991545,10.367455,12.723312,12.487613,6.42447,13.146846,12.720889,15.092084,6.882811,12.288481,14.493355,15.403669,7.951291,14.008196,18.407923,21.239894,20.602288,26.357546,31.97295,24.45254,26.432027,25.335676,32.128561,19.31376,20.183058,19.536551
常用指标,期间费用率,13.269129,14.018742,12.422974,11.695942,13.06657,12.54436,11.383834,9.616965,9.030192,10.864484,9.043736,8.182508,6.931794,11.145602,10.355106,9.146669,9.221301,12.901982,12.17349,10.829663,11.910412,12.456798,12.362347,11.356928,19.174764,12.161763,13.518017,14.095862,18.947508,13.756574,13.484291,13.254336,19.974249,10.625104,10.952821,12.002016,15.58622,11.543211,12.570426,13.649421,22.67235,13.804867,20.0269,19.493779,22.965478,16.009893,15.273371,14.510313,16.41182,15.114516,15.582686,16.122515,18.200213,16.927887,18.171063,19.317274,28.760148,24.288294,25.98143,28.480672,33.277908,21.722935,26.336243,27.972951,35.761877,23.364693,25.458964,29.196631,37.668097,23.479808,26.445539,30.352046,37.116177,22.981176,26.343863,29.119868,32.165127,25.275044,26.206914,27.01858,34.015158,19.584207,21.167217,23.265911,30.864334,22.702657,21.850795,23.07788,25.394892,20.08131,18.597881,21.706608,21.829638,21.075167,20.443423,22.220759,26.41737,21.579047,21.996134,18.535107,17.924718,16.777915,9.646259,14.476747,16.501111,20.018009,,29.049427,26.493951,21.299983
常用指标,资产负债率,47.592771,49.030664,50.472915,50.475476,49.165584,50.991379,47.18032,46.27624,46.502722,46.613322,43.943249,43.649685,41.176829,42.466337,39.87002,39.877649,40.602251,42.514909,40.342207,40.876972,42.796971,45.262853,43.999714,44.318519,42.301903,42.498036,41.185281,40.267936,41.467221,42.696875,43.299466,44.600174,43.812729,46.927331,46.348289,48.29136,45.485355,47.202137,47.264554,46.906507,44.335985,44.971161,40.754509,40.027373,40.188816,42.234537,43.494975,45.989186,48.779849,53.961929,52.916096,54.338337,54.342483,53.977228,56.011416,57.113671,57.969718,58.049206,53.317805,51.868234,52.632848,52.076934,49.777036,48.719542,46.586913,44.957275,49.517858,47.893801,49.30651,50.229042,52.481294,51.777442,48.932065,49.965995,51.726052,53.166973,53.970196,52.108354,52.512601,51.903093,51.075136,48.356084,46.628462,43.863091,41.529142,46.444746,43.057322,44.079666,40.756311,39.924478,40.187713,38.955687,42.969076,41.056288,37.223079,35.171526,43.230203,42.240028,30.038832,30.956811,28.585906,28.671919,24.750046,22.057807,19.956432,16.190547,21.44642,60.731761,62.129557,60.738152
每股指标,基本每股收益,0.1101,1.1531,0.8908,0.6271,0.2054,1.1018,0.8842,0.6195,0.2352,0.9971,0.8036,0.5643,0.1596,0.7788,0.6428,0.4507,0.0998,0.7184,0.5742,0.4259,0.082,0.7101,0.5076,0.3514,0.0624,0.4666,0.2642,0.1945,0.025,0.198,0.1541,0.1309,0.0275,0.6087,0.2988,0.1591,0.0493,0.8617,0.2426,0.1087,0.0356,0.7147,0.1637,0.0747,0.0105,1.0573,0.5921,0.3141,0.1503,0.7726,0.3969,0.1961,0.1015,0.6752,0.2825,0.2196,0.0356,0.4137,0.2492,0.1949,0.0279,0.3877,0.2354,0.182,0.0264,0.3442,0.218,0.1511,0.0201,0.101,0.1512,0.1122,0.0271,0.3066,0.2142,0.188,0.032,0.343,0.2085,0.1623,0.03,0.31,,0.17,,0.3808,,0.21,,0.4462,,0.21,,0.3997,,0.21,,0.452,0.2302,0.532,,0.91,,0.8,,0.71,,,,
每股指标,稀释每股收益,0.1096,1.1526,0.8897,0.6265,0.2047,1.1018,0.8827,0.6195,0.2346,0.996,0.8036,0.5643,0.1596,0.7788,0.6428,0.4507,0.0998,0.7184,0.5742,0.4259,0.082,0.7101,0.5076,0.3514,0.0624,0.4666,0.2642,0.1945,0.025,0.198,0.1541,0.1309,0.0275,0.6087,0.2988,0.1591,0.0493,0.8617,0.2426,0.1087,0.0356,0.7147,0.1637,0.0747,0.0105,1.0573,0.5921,0.3141,0.1503,0.7726,0.3969,0.1961,0.1015,0.6752,0.2825,0.2196,0.0356,0.4137,0.2492,0.1949,0.0279,0.3877,0.2354,0.182,0.0264,0.3442,0.218,0.1511,0.0201,0.101,0.1512,0.1122,0.0271,0.3066,0.2142,0.188,0.032,0.343,0.2085,0.1623,0.03,,,,,,,,,,,,,,,,,,,,,,,,,,,,,
每股指标,摊薄每股收益_最新股数,0.109016,1.145871,0.884954,0.622326,0.203785,1.096505,0.878336,0.616379,0.23282,0.987004,0.757959,0.538305,0.146677,0.745337,0.636232,0.446186,0.098786,0.71113,0.568436,0.421593,0.081156,0.702874,0.502425,0.347864,0.037788,0.418522,0.261558,0.17035,0.024717,0.19601,0.152561,0.129567,0.027181,0.602556,0.29579,0.157534,0.048765,0.853039,0.240184,0.107569,0.035212,0.707462,0.162046,0.073952,0.010365,1.042857,0.581929,0.30759,0.097055,0.513351,0.281294,0.178256,0.067021,0.325946,0.136401,0.106015,0.013205,0.153641,0.09254,0.072359,0.010379,0.14399,0.08742,0.067587,0.009799,0.127817,0.080958,0.0561,0.007479,0.037508,0.056146,0.041683,0.01007,0.113864,0.079557,0.069814,0.011986,0.125605,0.096249,0.066952,0.013387,0.114704,0.095107,0.062564,0.01517,0.141394,0.121869,0.07885,0.017267,0.165686,0.117328,0.077308,0.015685,0.148421,0.113473,0.077955,0.014497,0.167776,0.085475,0.197486,0.075257,0.189508,0.091475,0.10848,0.043282,0.088064,0.044512,0.063931,0.056478,0.054476
每股指标,摊薄每股净资产_期末股数,12.048473,11.928458,11.627585,11.594689,11.304879,11.08603,11.129662,10.852745,10.752752,10.505303,10.539278,10.414247,10.15182,9.997166,9.899051,9.701905,9.441776,9.342858,9.199209,8.922586,8.678695,8.596666,8.39417,8.238031,8.102477,8.064302,7.903605,7.811465,7.71599,7.69102,7.647321,7.624092,7.54066,7.513202,7.198731,7.059063,7.049181,6.999918,6.381719,6.246925,6.273828,6.238256,5.687272,5.698278,5.633139,5.622668,5.122851,4.843658,7.049541,6.687399,6.206713,5.993279,7.591726,7.41125,6.952233,6.858635,6.70896,6.673401,6.515233,6.560887,6.393985,6.366036,6.213703,6.160297,6.004683,5.978294,5.852112,5.785173,5.654245,5.634104,5.684294,5.745347,5.660217,5.6331,5.573123,5.546887,5.396198,5.356648,5.280424,5.201531,5.05697,5.021241,4.966366,4.998734,4.871111,4.830259,4.757738,4.641896,4.596063,4.549564,4.426124,4.318358,4.158013,4.115775,4.138848,4.043203,3.872322,3.833283,3.864414,3.721003,3.585566,5.412655,4.264725,5.721881,5.440632,5.121148,4.79968,,,
每股指标,调整每股净资产_期末股数,10.949522,10.832339,10.644937,10.580628,10.250426,10.00201,10.09382,9.800975,9.697451,9.421075,9.592303,9.478726,9.202677,9.02425,8.951778,8.746443,8.44577,8.322547,8.160246,7.865473,7.602479,7.498707,7.292466,7.14222,7.074685,7.024008,6.947388,6.889679,6.806087,6.772194,6.796763,6.822994,6.771228,6.733319,6.510251,6.448501,6.456215,6.413572,5.942132,5.858586,5.953143,5.919348,5.497953,5.566981,5.49885,5.48608,5.045984,4.76514,6.926216,6.53795,6.062684,5.836776,7.394543,7.21409,6.704815,6.605855,6.455589,6.421146,6.284167,6.335667,6.169962,6.151337,6.067954,6.010558,5.856584,5.825355,5.729999,5.663704,5.545257,5.521632,5.54267,5.602089,5.513762,5.48317,5.43376,5.405202,5.247663,5.300017,5.235482,5.160611,5.013458,4.975687,4.918484,4.948336,4.817931,4.776022,4.701978,4.584605,4.536052,4.492096,4.367305,4.257537,4.087503,4.04215,4.072896,3.983894,3.816088,3.775585,3.818362,3.673121,3.553417,5.360164,4.254357,5.720022,5.438675,5.121148,4.79968,,,
每股指标,每股净资产_最新股数,12.048473,11.928458,11.627585,11.596136,11.307677,11.088773,11.132416,10.856869,10.756838,10.509295,10.543282,10.308993,10.049218,9.896127,9.799004,9.60385,9.346351,9.248432,9.106235,8.832408,8.590982,8.509782,8.309332,8.154771,8.020587,7.982799,7.823725,7.732517,7.638006,7.613289,7.570031,7.547037,7.464449,7.437268,7.125975,6.987719,6.977937,6.929172,6.317221,6.183789,6.21042,6.175208,5.629792,5.640687,5.576207,5.565841,5.071076,4.794705,4.652195,3.228432,2.996374,2.893336,2.819237,2.752215,2.581757,2.546998,2.491416,2.47821,2.419474,2.436428,2.374448,2.364069,2.307499,2.287666,2.229878,2.220078,2.17322,2.148361,2.09974,2.092261,2.110899,2.133572,2.101958,2.091888,2.069615,2.059872,2.003913,1.989226,1.960919,1.931622,1.877938,1.86467,1.844292,1.856312,1.808919,1.793748,1.766817,1.723798,1.706778,1.68951,1.64367,1.60365,1.544105,1.52842,1.536988,1.50147,1.438012,1.423514,1.435075,1.381818,1.331523,1.256265,0.866659,0.775183,0.737081,0.693798,0.650246,0.16683,0.1387,0.113849
每股指标,每股经营现金流,-0.189976,2.621563,1.879865,1.098958,0.159846,1.274849,0.781088,0.32594,0.255455,2.696897,1.441585,0.913382,-0.090764,1.717208,0.566362,-0.247852,-0.3729,1.293585,0.239672,-0.045529,-0.022454,0.776996,-0.14635,-0.150359,-0.199695,0.075403,0.025656,-0.054863,-0.224045,0.459414,-0.443756,-0.4799,-0.303307,-0.034653,-0.672288,-0.678301,-0.657092,1.236717,0.014973,-0.065276,-0.213561,0.49915,0.140336,-0.102351,-0.200758,-0.206588,-0.381778,-0.232729,-0.613839,1.651034,0.799807,1.031555,0.334042,1.315646,-0.199803,-0.546999,-0.459587,1.249283,-0.309145,-0.452478,-0.75629,0.452858,-0.903657,-0.746796,-0.550144,0.521557,-0.435388,-0.358176,-0.662316,0.729255,-0.588068,-0.605165,-0.561423,0.623313,-0.815442,-0.505768,-0.547437,0.317401,-0.775502,-0.456923,-0.469129,0.33673,-0.266745,-0.564932,-0.460031,0.534397,0.302875,0.256231,-0.211854,0.378316,-0.097752,0.06444,-0.20038,0.27478,,0.070092,,0.270198,0.023162,0.160822,-0.111344,0.463049,,0.085514,-0.201615,,,,,
每股指标,每股现金流量净额,-0.242722,1.93364,1.392927,0.902041,0.02053,0.546847,0.344361,-0.060748,0.227992,1.325064,0.750552,0.584379,-0.376632,0.845728,0.334998,-0.454634,-0.404443,1.13177,0.181864,-0.266927,-0.122852,0.314056,-0.497276,-0.442719,0.073607,0.243415,-0.123876,-0.16176,-0.260058,-0.307941,-0.52779,-0.535975,-0.330076,-0.468185,-0.970999,-0.826764,-0.727228,0.885076,-0.213742,-0.274274,-0.261317,0.077672,-0.109704,-0.19576,-0.247275,-0.574796,-0.646507,-0.464903,-0.842672,1.28555,-0.233242,0.303311,0.009711,-1.670756,-2.684766,-1.530404,-0.769565,0.447068,-1.377602,-1.396063,-0.92974,1.079427,0.305244,0.313757,0.038294,-0.923643,-0.285928,-0.534438,-0.406009,-0.13762,-0.373336,-0.243455,-0.682305,0.637759,0.27239,0.112163,0.196876,1.156649,0.958004,1.120324,0.110886,0.118902,0.888372,0.465477,0.172084,-0.294379,0.158651,0.202387,-0.090213,-0.255645,-0.245765,0.019084,0.150742,-0.117413,,-0.378771,,0.670526,-0.101956,-0.136301,-0.176308,0.895263,,-1.185319,-1.231791,,,,,
每股指标,每股企业自由现金流量,,0.550416,,0.226715,,1.000254,,0.63596,,1.216568,,0.357649,,1.14003,,0.558764,,0.459299,,0.073734,,0.473024,,0.227434,,-0.132358,,0.089357,,0.319696,,0.060733,,1.029267,,0.131742,,0.627084,,0.218306,,0.383887,,-0.018158,,-0.128022,,-0.153742,,0.419511,,0.32139,,1.787642,,0.594327,,-0.50559,,0.253443,,-1.023549,,-0.765504,,0.565149,,0.316869,,0.516105,,0.127308,,0.817676,,-0.142379,,0.345286,0.03496,0.136032,-0.021023,0.449016,0.321545,0.133507,0.064765,0.663351,0.482161,0.421812,0.06817,0.067335,-0.056106,-0.029089,-0.066762,0.137459,,-0.081639,,0.17934,-0.124891,0.506134,-0.115334,-1.002766,,0.066218,,,,,,
每股指标,每股股东自由现金流量,,0.611577,,0.226715,,1.214638,,0.63596,,0.922165,,0.060126,,0.644159,,0.558764,,0.459299,,0.073734,,0.680298,,0.434708,,0.264338,,0.089357,,-0.275348,,0.060733,,0.910258,,0.052402,,0.746093,,0.218306,,0.383887,,-0.018158,,-0.524719,,-0.550439,,0.60863,,-0.091418,,0.066927,,0.102819,,-0.404652,,-0.265565,,0.707986,,0.648798,,0.514921,,1.176039,,-0.499036,,-1.067598,,1.700242,,0.410984,,0.728449,-0.156859,-0.334687,0.689946,1.24823,1.784415,1.28572,0.761894,0.521321,0.774411,0.821139,0.442239,-0.082761,0.014213,0.116837,0.290652,0.108364,,-0.300926,,1.009731,-0.0422,0.535214,0.019488,-0.512114,,0.299986,,,,,,
每股指标,每股未分配利润,9.857585,9.748569,9.487634,9.461755,9.19203,8.988295,9.043719,8.780663,8.69325,8.460518,8.195487,8.060412,7.804899,7.656724,7.546506,7.35452,7.103573,7.003777,6.859627,6.711285,6.467372,6.385387,6.183918,6.027779,5.764515,5.72634,5.565643,5.473503,5.374383,5.349414,5.305521,5.282292,5.19886,5.171402,4.865272,4.725605,4.715725,4.666461,4.145927,4.011957,4.038861,4.003289,3.495646,3.506653,3.442417,3.431945,2.973213,2.69402,4.125084,3.956029,3.475342,3.261909,4.340944,4.160468,3.695054,3.613229,3.463307,3.427748,3.270298,3.315952,3.149051,3.121101,2.974156,2.920749,2.765135,2.738747,2.620052,2.553113,2.422185,2.402044,2.084325,2.145378,2.060248,2.033131,2.042211,2.015975,1.865221,1.825736,1.841736,1.762844,1.618604,1.582553,1.703564,1.735932,1.608309,1.567457,1.612383,1.496541,1.450708,1.40421,1.380985,1.273219,1.107277,1.065039,1.159661,1.064016,0.893135,0.854096,0.960356,0.827305,0.774009,1.114164,1.012113,1.342963,1.181824,0.86234,0.638377,,,
每股指标,每股资本公积金,0.655264,0.650703,0.645815,0.642835,0.636553,0.628036,0.619513,0.612596,0.604234,0.595656,0.921096,0.806083,0.805182,0.805182,0.816461,0.816461,0.816461,0.816461,0.816461,0.689038,0.689038,0.689038,0.689038,0.689038,0.823561,0.823561,0.823561,0.823561,0.827205,0.827205,0.827399,0.827399,0.827399,0.827399,0.822826,0.822826,0.822824,0.822824,0.823736,0.822912,0.822911,0.822911,0.822911,0.822911,0.822008,0.822008,0.813565,0.813565,1.420348,1.211211,1.211211,1.211211,1.574574,1.574574,1.580971,1.569198,1.569445,1.569445,1.573311,1.573311,1.573311,1.573311,1.573311,1.573311,1.573311,1.573311,1.573311,1.573311,1.573311,1.573311,1.573311,1.573311,1.573311,1.573311,1.573311,1.573311,1.573311,1.573311,1.573311,1.573311,1.573311,1.573311,1.573311,1.573311,1.573311,1.573311,1.577274,1.577274,1.577274,1.577274,1.560276,1.560276,1.565564,1.565564,1.565564,1.565564,1.565564,1.565564,1.560276,1.560276,1.560276,2.896443,1.918246,2.877369,2.877369,2.877369,2.877369,,,
每股指标,每股盈余公积金,0.529202,0.529202,0.529202,0.529136,0.529072,0.529072,0.523896,0.523826,0.523826,0.523826,0.516766,0.52224,0.52224,0.52224,0.52224,0.52224,0.52224,0.52224,0.52224,0.52224,0.52224,0.52224,0.521213,0.521213,0.5144,0.5144,0.5144,0.5144,0.5144,0.5144,0.5144,0.5144,0.5144,0.5144,0.510632,0.510632,0.510632,0.510632,0.412055,0.412055,0.412055,0.412055,0.368714,0.368714,0.368714,0.368714,0.336072,0.336072,0.504109,0.520159,0.520159,0.520159,0.676207,0.676207,0.676207,0.676207,0.676207,0.676207,0.671623,0.671623,0.671623,0.671623,0.666236,0.666236,0.666236,0.666236,0.658748,0.658748,0.658748,0.658748,1.026657,1.026657,1.026657,1.026657,0.9576,0.9576,0.957665,0.9576,0.865375,0.865375,0.865053,0.865375,0.68949,0.68949,0.68949,0.68949,0.56808,0.56808,0.56808,0.56808,0.484861,0.484861,0.485172,0.485172,0.413622,0.413622,0.413622,0.413622,0.343781,0.333421,0.251279,0.402047,0.334365,0.501548,0.381438,0.381438,0.283933,,,
每股指标,每股留存收益,10.386788,10.277772,10.016837,9.990892,9.721102,9.517367,9.567615,9.30449,9.217077,8.984345,8.712254,8.582653,8.32714,8.178965,8.068747,7.876761,7.625814,7.526018,7.381867,7.233526,6.989613,6.907627,6.705131,6.548992,6.278915,6.240741,6.080043,5.987904,5.888784,5.863814,5.819921,5.796692,5.713261,5.685802,5.375904,5.236237,5.226357,5.177094,4.557982,4.424013,4.450917,4.415345,3.86436,3.875367,3.811131,3.800659,3.309286,3.030093,4.629193,4.476188,3.995502,3.782068,5.017151,4.836675,4.371261,4.289436,4.139514,4.103955,3.941921,3.987575,3.820674,3.792724,3.640392,3.586985,3.431371,3.404983,3.2788,3.211861,3.080933,3.060792,3.110982,3.172035,3.086905,3.059788,2.999811,2.973575,2.822886,2.783336,2.707112,2.628219,2.483658,2.447929,2.393055,2.425422,2.297799,2.256947,2.180464,2.064622,2.018789,1.97229,1.865847,1.758081,1.592449,1.550211,1.573284,1.477639,1.306758,1.267719,1.304137,1.160726,1.025289,1.516212,1.346479,1.844511,1.563262,1.243778,0.92231,,,
每股指标,每股营业收入,2.334282,14.717827,9.280687,6.328539,2.304653,16.772562,9.408472,6.708053,2.757118,16.74263,10.464955,7.055507,3.236718,14.794253,9.040484,6.078962,2.448636,11.891671,7.472441,4.913537,1.799954,11.098778,6.537734,4.108077,0.909826,10.072208,5.194956,3.029262,1.024037,8.148701,4.125195,2.634917,0.887485,10.245404,5.222504,3.230379,1.124165,9.527669,4.767626,2.87445,0.937708,7.28563,3.399473,2.16213,0.808864,8.290158,4.973806,3.230513,1.90031,14.549208,8.492106,5.176061,2.926195,17.478973,10.357032,6.720423,2.618813,11.532191,6.28542,3.725799,1.455815,10.19247,5.238933,3.14059,1.105186,8.035502,4.789465,2.809834,0.963378,6.877005,4.488713,2.51125,0.865532,6.48906,3.90196,2.343503,0.9155,5.291081,3.182426,1.864869,0.709472,4.829297,3.165205,1.969689,0.798966,4.499852,2.95615,1.831262,0.752964,4.036278,2.713558,1.481661,0.664621,3.40511,2.213225,1.403689,0.49133,3.22972,1.231031,2.589128,0.988729,3.130119,1.407872,3.27464,1.208699,2.565673,1.02265,,,
每股指标,每股营业总收入,2.334282,14.717827,9.280687,6.328539,2.304653,16.772562,9.408472,6.708053,2.757118,16.74263,10.464955,7.055507,3.236718,14.794253,9.040484,6.078962,2.448636,11.891671,7.472441,4.913537,1.799954,11.098778,6.537734,4.108077,0.909826,10.072208,5.194956,3.029262,1.024037,8.148701,4.125195,2.634917,0.887485,10.245404,5.222504,3.230379,1.124165,9.527669,4.767626,2.87445,0.937708,7.28563,3.399473,2.16213,0.808864,8.290158,4.973806,3.230513,1.90031,14.549208,8.492106,5.176061,2.926195,17.478973,10.357032,6.720423,2.618813,11.532191,6.28542,3.725799,1.455815,10.19247,5.238933,3.14059,1.105186,8.035502,4.789465,2.809834,0.963378,6.877005,4.488713,2.51125,0.865532,6.48906,3.90196,2.343503,0.9155,5.370362,3.237286,1.90102,0.728257,4.933686,3.224075,2.010073,0.814644,4.563886,3.00992,1.874296,0.764464,4.128621,2.76689,1.518072,0.677638,3.468284,2.249499,1.43519,0.506802,3.244563,1.236108,2.59433,0.991392,3.161872,1.435526,3.332439,1.234443,2.587544,1.028813,,,
每股指标,每股息税前利润,0.15173,1.464806,1.118265,0.793393,0.265322,1.395911,1.107938,0.780089,0.298469,1.215678,1.020054,0.721666,0.214743,1.106526,0.932238,0.650345,0.160811,0.984974,0.812571,0.56198,0.118814,0.928784,0.688788,0.47411,0.057116,0.560419,0.375444,0.253986,0.036644,0.366803,0.271507,0.211607,0.045197,0.837987,0.424632,0.240929,0.073043,1.125375,0.341454,0.166725,0.047076,0.970479,0.251016,0.131711,0.03114,1.437142,0.851914,0.509544,0.314395,1.921207,1.155538,0.72455,0.468747,2.035826,1.024723,0.779163,0.247055,1.20017,0.671581,0.449263,0.095625,0.967992,0.597087,0.411174,0.090117,1.017729,0.642294,0.448959,0.111798,0.805821,0.612337,0.345518,0.111555,0.969922,0.658656,0.437245,0.12855,0.97152,0.614677,0.34924,0.118998,0.69184,0.499988,0.340601,0.1091,0.714529,0.585077,0.404557,0.099263,0.818765,0.565595,0.371429,0.078451,0.567308,0.479978,0.339987,0.084639,0.625221,0.304717,0.695886,0.315757,1.031402,0.635075,1.128414,0.442041,0.809328,,,,
盈利能力,净资产收益率(ROE),0.91,9.94,7.76,5.49,1.82,10.08,8.02,5.7,2.19,9.41,7.59,5.39,1.55,7.91,6.65,4.71,1.06,8.04,6.49,4.84,0.95,8.42,5.92,4.13,0.75,5.73,3.23,2.42,0.32,2.61,2.03,1.61,0.36,8.4,4.18,2.25,0.7,13.02,3.82,1.73,0.57,11.95,2.88,1.32,0.19,22.79,13.47,6.43,2.19,19.09,9.78,4.68,1.83,12.42,5.39,4.19,0.53,6.34,3.87,3.01,0.44,6.25,3.86,3.0,0.44,5.93,,2.65,,1.78,,1.97,,5.58,,3.45,,6.63,,3.53,,6.2,,3.43,,8.04,,4.56,,10.05,,4.93,,9.9,,5.33,,11.85,6.14,14.55,,,,13.99,,,,,,
盈利能力,摊薄净资产收益率,0.904812,9.606197,7.610818,5.366669,1.802184,9.888431,7.889901,5.677325,2.164395,9.391727,7.189024,5.221705,1.459588,7.531605,6.492831,4.645917,1.056956,7.689197,6.242275,4.773261,0.944676,8.259611,6.046519,4.265777,0.471142,5.242801,3.343149,2.203042,0.32361,2.574584,2.015332,1.716793,0.36414,8.10185,4.150877,2.254453,0.698847,12.310843,3.802067,1.73954,0.566988,11.456491,2.878371,1.311057,0.185896,18.73674,11.475454,6.41522,2.086235,15.900967,9.38782,6.160921,2.37728,11.843055,5.283279,4.16,0.530022,6.199703,3.82,2.969889,0.437119,6.09,3.788544,2.954446,0.439465,5.76,3.73,2.61,0.36,1.79,2.66,1.95,0.48,5.44,3.84,3.39,0.6,6.31,4.91,3.47,0.71,6.15,5.16,3.37,0.84,7.88,6.9,4.57,1.01,9.81,7.138,4.82,1.02,9.7108,7.4,5.19,1.008149,11.79,5.96,14.29,5.65,15.08,10.55,13.99,5.86,12.69,6.85,38.32,40.72,47.85
盈利能力,净资产收益率_平均,0.909341,9.956638,7.79134,5.486698,1.819799,10.153738,8.117071,5.769681,2.189589,9.586036,7.349361,5.27951,1.457121,7.786413,6.680508,4.733505,1.062522,8.009028,6.45363,4.862061,0.949162,8.385772,6.066818,4.24005,0.464392,5.367016,3.388722,2.220159,0.324134,2.604695,2.03316,1.729369,0.364804,8.388387,4.208998,2.263938,0.701298,13.01915,3.845288,1.740748,0.5686,12.051089,2.894813,1.319813,0.186069,21.605761,12.707614,6.925871,2.220989,17.167101,9.786546,6.314924,2.405877,12.463474,5.391395,4.219335,0.53143,6.345842,3.869131,3.014655,0.438076,6.282099,3.861695,2.998744,0.440433,5.927984,3.795999,2.645866,0.356852,1.792881,2.671883,1.972974,0.480232,5.587652,3.925569,3.453134,0.601181,6.518371,5.031864,3.527234,0.715425,6.27071,5.228483,3.428126,0.842197,8.118522,7.051958,4.620199,1.016846,10.180207,7.311962,4.878751,1.008817,10.05588,7.665839,5.330308,1.013257,11.961235,6.068748,14.971993,5.816381,18.657439,11.142983,14.769538,6.04981,20.465099,10.895606,41.849562,44.726573,47.849113
盈利能力,净资产收益率_平均_扣除非经常损益,0.879183,9.569183,7.582308,5.350037,1.784734,9.653433,7.842452,5.616731,2.08744,8.286274,6.844391,5.078041,1.403673,7.311798,6.4319,4.559606,0.988806,7.387935,6.108614,4.645278,0.830983,7.085571,5.18572,3.454557,0.411637,4.667167,3.235311,2.15304,0.268609,2.135991,1.816227,1.560121,0.336746,8.234752,4.167949,2.240835,0.680511,12.365318,3.843403,1.734506,0.559899,11.603231,2.755257,1.18835,0.179131,21.756356,12.852703,7.084258,2.317346,17.161414,9.824002,6.261865,2.357632,12.13457,5.392956,4.218893,0.524262,6.131727,3.719694,2.861286,0.426793,5.671894,3.787562,2.902152,0.431867,6.089098,3.73945,2.570403,0.356006,1.786727,2.57307,1.97298,0.46672,5.482779,3.948875,3.466111,0.571829,6.551688,4.5026,2.988602,0.654166,5.345785,4.531309,2.843539,0.595286,7.098802,6.98771,4.583181,1.014407,9.870257,7.3031,4.853071,0.940236,10.065168,7.679207,5.343044,,11.839673,6.082756,14.954752,5.81638,,,,,,,,,
盈利能力,摊薄净资产收益率_扣除非经常损益,0.874804,9.232379,7.406629,5.232998,1.767458,9.401198,7.622967,5.526823,2.063422,8.118311,6.695071,5.022442,1.406049,7.072522,6.251207,4.475235,0.983626,7.092907,5.908559,4.560438,0.827055,6.978971,5.168369,3.475518,0.417619,4.559149,3.191801,2.136441,0.268175,2.111299,1.8003,1.548775,0.336133,7.953463,4.110395,2.231448,0.678133,11.692582,3.800203,1.733302,0.558311,11.03073,2.739608,1.180466,0.178965,18.867338,11.606474,6.56193,2.176745,15.8957,9.423749,6.109156,2.329608,11.530524,5.284808,4.16,0.522873,5.990519,3.67,2.818798,0.42586,5.5,3.715815,2.85928,0.430918,5.91,3.67,2.54,0.36,1.79,2.56,1.95,0.47,5.34,3.87,3.4,0.57,6.35,4.392098,2.94,0.651855,5.244122,4.469217,2.8,0.59279,6.89,6.834837,4.54,1.009276,9.51,7.129562,4.8,0.946767,9.72,,5.2,,11.67,5.97,14.28,,,,,,,,,,
盈利能力,息税前利润率,6.500095,9.9526,12.049382,12.536753,11.512462,8.322589,11.775962,11.629144,10.825411,7.260975,9.747339,10.228407,6.634593,7.479433,10.311823,10.698291,6.567386,8.282895,10.874236,11.437382,6.600982,8.368344,10.535588,11.540925,6.277708,5.564015,7.227103,8.384438,3.578454,4.501378,6.58169,8.030899,5.092707,8.179158,8.130831,7.458255,6.497587,11.811658,7.161946,5.800239,5.020402,13.320457,7.383986,6.091755,3.849864,17.335527,17.128017,15.772877,16.544436,13.204896,13.607204,13.998111,16.019017,11.647285,9.893985,11.593969,9.433881,10.407133,10.684748,12.058185,6.568495,9.497134,11.397111,13.092281,8.154076,12.665415,13.410568,15.978151,11.604814,11.717615,13.641714,13.758808,12.888624,14.947036,16.880134,18.657782,14.041522,18.090408,18.987438,18.371194,16.340177,14.022796,15.507978,16.944732,13.392388,15.656167,19.438315,21.584516,12.984699,19.831451,20.441553,24.467197,11.577194,16.357035,21.337148,23.689339,16.700619,19.269825,24.651368,26.823349,31.849949,32.619977,44.239874,33.861513,35.808995,31.277865,,28.8272,32.101138,30.078013
盈利能力,总资产报酬率,0.593901,5.7927,4.417914,3.141363,1.078757,6.030643,4.963995,3.57201,1.373615,5.998609,5.149782,3.658921,1.129233,6.092875,5.273561,3.722704,0.92701,5.761824,4.884391,3.434363,0.724956,5.706179,4.320392,2.995629,0.369996,3.809584,2.595305,1.780442,0.255744,2.475158,1.827665,1.411762,0.305733,5.707387,2.977082,1.674091,0.521534,8.472,2.678894,1.322593,0.381753,8.407048,2.362618,1.244439,0.295712,13.684432,8.424695,5.063251,2.066681,12.417591,7.915478,5.00396,2.535389,11.003585,5.594032,4.206076,1.332725,7.078984,4.295691,2.916215,0.626339,7.068901,4.563955,3.196879,0.727817,8.239118,5.037934,3.609801,0.89962,6.489937,4.831065,2.737518,0.916062,7.831082,5.245752,3.448752,1.01803,8.556018,5.415483,3.129312,1.093969,6.833206,5.055104,3.525669,1.168071,7.989777,6.807845,4.733353,1.203951,10.608221,7.560268,5.098509,1.057237,8.058263,7.024019,5.116861,1.22391,10.151962,5.478505,13.496909,6.373467,17.203126,12.026185,16.777335,6.849351,17.505794,,24.731676,27.578775,29.023352
盈利能力,总资本回报率,1.222079,12.219483,9.523633,6.725664,2.287389,12.536272,10.063385,7.161069,2.76918,11.541405,9.753038,6.84822,2.080425,10.723564,8.909404,6.275847,1.572038,10.058674,8.370195,5.874813,1.258508,10.342913,7.76199,5.390189,0.6544,6.856689,4.755983,3.236498,0.46984,4.587277,3.280267,2.56132,0.549861,10.464677,5.400586,3.0888,0.934123,15.272461,4.86749,2.40506,0.677801,14.662031,3.957184,2.074645,0.493045,26.976032,16.778569,10.31963,4.307846,23.093738,15.062185,9.445962,4.68393,20.637225,10.631245,8.177428,2.579916,13.028457,7.065227,4.725882,1.088886,11.2441,6.965241,4.92578,1.017381,12.217142,7.172497,5.166707,1.335326,9.262636,7.070492,3.985422,1.211273,10.758114,7.222721,4.953721,1.536507,12.037739,8.358789,4.292988,1.53538,10.152929,7.018335,4.826606,1.627691,11.47866,9.149662,6.333589,1.562071,13.660263,9.374139,6.172503,1.298208,9.92858,8.386563,6.092744,1.475411,12.487661,6.708986,16.432883,7.553622,19.834805,13.186814,18.336555,7.524276,23.811503,,64.036681,71.660575,73.922534
盈利能力,投入资本回报率,0.900154,9.654661,7.630205,5.338876,1.778979,9.920595,8.029818,5.689678,2.175703,9.316958,7.208184,5.14045,1.445164,7.591437,6.349631,4.486404,1.040329,7.659139,6.147844,4.602869,0.943862,8.104046,5.862223,4.083167,0.477527,5.247674,3.389211,2.220035,0.331499,3.034799,2.303029,1.87886,0.45998,8.248311,4.213494,2.387098,0.760292,12.360416,3.93197,1.916923,0.691294,11.527836,3.125753,1.55741,0.367685,19.208615,11.3923,6.324347,2.159864,14.207325,8.784379,5.647905,2.231285,11.517839,5.885789,4.414088,1.025909,7.080439,4.396106,3.295723,0.718372,6.825054,4.443544,3.288099,0.720111,7.66519,4.76354,3.727969,1.147717,6.001396,5.668237,3.322348,1.0901,7.841264,5.047886,3.751641,1.229971,9.151534,6.591677,3.381768,1.351481,8.093873,5.892861,3.991544,1.328438,9.372939,6.988848,4.527165,1.115672,9.220297,6.416519,4.276066,0.969704,8.780549,6.937727,5.130212,1.099693,10.505017,5.800957,13.821091,5.257633,16.884934,9.558074,13.284923,5.412999,20.512019,10.895606,47.941802,55.874581,56.994102
盈利能力,息前税后总资产报酬率_平均,0.497084,5.138369,3.916017,2.787708,0.953682,5.51546,4.523378,3.265235,1.198417,5.760141,4.504395,3.261629,0.941971,5.461396,4.617131,3.211895,0.776655,5.157494,4.24056,2.985395,0.624455,5.067187,3.722945,2.565223,0.301901,3.375015,2.145295,1.384212,0.202231,2.133036,1.57042,1.187673,0.164465,4.957981,2.181005,1.310929,0.35895,7.390893,2.035161,1.067676,0.163941,7.342118,1.720874,1.11114,0.119606,12.681513,7.234377,4.438048,1.546019,10.889248,6.303618,4.412882,1.813033,9.535029,3.442451,2.62507,0.652219,6.149881,2.720363,2.691032,0.299611,6.23184,2.905529,2.843465,0.320605,7.316333,2.817151,3.229841,0.212165,5.580925,1.676198,2.46338,0.25151,6.73103,2.274873,2.887198,0.294959,7.689333,2.907229,2.832045,0.380426,6.598037,3.231844,3.333806,0.598059,7.483134,4.376458,3.574622,0.586721,8.314517,4.614111,3.773252,0.616468,7.393004,4.694161,4.403304,0.564923,8.550423,4.672963,10.666007,4.111635,13.760847,8.524105,11.905343,4.950339,14.060176,7.107127,16.162765,17.213148,18.786445
盈利能力,毛利率,19.011778,23.357208,23.881471,23.751099,23.469289,20.77406,21.941061,20.903386,18.270049,17.997595,18.725987,18.734363,13.209065,19.037926,20.842428,20.390177,15.373963,20.584941,22.549455,22.005991,17.805739,20.180504,21.764398,21.43781,24.151293,18.040763,18.764265,18.126355,22.121924,17.414497,17.778225,18.619316,23.40256,20.622189,19.779572,19.446164,20.635396,23.269683,18.855262,18.647318,26.599332,27.962004,25.08836,23.227935,23.868817,34.377717,31.425996,29.043753,31.472361,26.812458,26.622578,27.342991,31.812803,26.761842,26.533128,29.387203,35.700192,32.71807,33.556811,36.559983,36.754125,28.753499,33.453243,36.785111,38.529116,32.399022,33.107727,37.779623,39.039963,30.353734,31.280453,35.727781,40.392684,30.547787,35.463009,40.948074,38.49446,33.26046,35.468728,36.228438,37.850971,25.54737,28.683939,30.941651,34.057536,31.336213,36.047663,38.76112,34.026968,35.250159,35.436469,41.600765,29.38077,33.368708,37.043625,39.605873,36.297883,39.473186,44.175647,43.049994,47.386108,47.335568,46.183925,42.044023,46.074656,42.956797,,50.05474,48.222383,42.566399
盈利能力,销售净利率,5.322874,8.750387,10.562152,11.006027,10.064192,7.561398,10.667656,10.575868,9.380449,6.951674,8.497461,9.078696,5.461395,6.498856,8.788582,8.997252,5.231642,7.148288,9.138588,9.648952,5.290113,7.171975,8.762458,9.558537,4.665335,4.868612,5.910052,6.448232,2.743242,3.331196,4.77044,5.832591,2.739548,6.599626,5.956633,5.002874,4.472015,9.789582,5.440945,3.839759,2.155973,10.969618,5.378318,4.321511,1.557156,15.423337,14.708014,12.927904,12.376374,10.76469,10.836314,11.108544,11.455052,8.613922,6.088553,7.235955,4.616826,6.972979,6.766406,7.947758,3.142061,6.412068,7.25569,8.700632,3.591887,7.583814,7.499027,8.14395,2.73687,3.953095,4.733162,5.381057,3.538651,6.687101,7.320241,9.523612,4.068324,8.935014,10.368863,11.863761,5.83272,8.80827,10.099012,10.60412,6.991545,10.367455,12.723312,12.487613,6.42447,13.146846,12.720889,15.092084,6.882811,12.288481,14.493355,15.403669,7.951291,14.008196,18.407923,21.239894,20.602288,26.357546,31.97295,24.45254,26.432027,25.335676,32.128561,19.31376,20.183058,19.536551
盈利能力,成本费用利润率,6.771358,10.891733,13.475061,14.119551,12.722468,9.01422,13.095435,13.047173,11.856724,7.796456,10.760928,11.391308,7.001093,7.897324,11.252209,11.790928,6.709653,8.684248,11.795903,12.546365,6.59395,8.787829,11.279919,12.474224,6.125536,5.847063,7.559792,8.663332,3.606492,4.10349,5.952409,7.510258,4.065822,8.525931,8.235765,7.1533,5.888658,12.797564,6.899391,5.218516,3.844518,14.744307,6.70634,5.166977,2.294206,20.450076,19.468358,17.405073,17.952478,14.031307,14.08806,14.374971,16.849274,11.277402,8.68942,10.656757,7.565346,9.106559,8.656991,9.659262,4.304523,8.106606,9.280131,11.128657,4.906012,9.896422,9.805941,10.748305,3.772891,6.007255,6.382385,7.142861,4.572145,9.506034,11.644778,14.24676,6.765152,11.731778,13.475559,15.02669,7.373156,9.891129,11.488004,12.504988,7.875137,12.449168,18.38569,21.224372,10.882105,20.667989,21.766411,26.97449,10.026285,15.579136,21.046686,22.733595,13.684392,20.780621,28.331266,32.869351,42.818812,44.620957,69.940664,46.86539,52.1024,38.54948,,33.852427,34.88694,33.592201
盈利能力,营业利润率,6.339152,9.776346,11.874062,12.345697,11.247505,8.14338,11.538563,11.453699,10.515236,7.134099,9.649944,10.165847,6.55172,7.187511,9.902253,10.226646,6.076773,7.707075,10.330144,11.01645,6.032149,7.935553,10.020619,11.140852,5.540621,5.4245,7.172268,8.334524,3.432702,3.753584,5.535145,6.930364,3.615799,7.634008,7.427999,6.546812,4.823993,10.066089,5.526432,4.174848,3.60703,10.69258,4.830699,3.697967,0.628076,15.805624,15.585685,13.938543,14.790258,10.432193,10.055622,10.422091,12.807934,8.099289,7.531055,9.144216,6.288214,7.093914,7.217438,7.703634,2.74851,5.2314,6.785388,8.417545,2.601837,7.230451,7.238007,8.224749,1.459941,4.09518,4.737752,5.076048,2.892104,7.147749,8.806626,11.58127,6.080046,10.68363,12.123823,13.412294,6.927247,9.240318,10.483295,11.370103,7.509794,11.220648,15.562641,17.58795,9.804155,17.244586,17.901025,21.290756,9.150083,13.430909,17.305203,18.421269,12.182551,17.182921,22.252196,24.88911,30.124075,30.79654,43.846304,33.292101,35.911417,28.387959,44.334856,22.040047,21.488479,20.777275
盈利能力,总资产净利率_平均,0.426709,4.531444,3.496176,2.463732,0.828352,4.735972,3.934317,2.821316,1.071079,4.868397,3.82513,2.757129,0.779181,4.145959,3.635838,2.580139,0.575279,4.202383,3.451776,2.602744,0.500241,4.362348,3.183613,2.220395,0.24729,2.874053,1.826515,1.206348,0.174264,1.336165,1.037458,0.873245,0.185742,4.145805,2.094946,1.1058,0.35174,6.487377,1.903617,0.862038,0.288458,6.191161,1.540784,0.705854,0.099442,10.031442,5.81353,3.087679,0.966765,6.87296,3.991345,2.550088,0.976172,4.744044,2.005147,1.541081,0.19182,2.440316,1.593957,1.264797,0.183066,2.831537,1.799396,1.415068,0.213121,2.786424,1.709981,1.214654,0.162073,0.813466,1.19285,0.889325,0.222678,2.475614,1.706241,1.482837,0.255614,2.978776,2.283474,1.615465,0.331421,3.050755,2.589357,1.743937,0.43738,4.257514,3.81856,2.484297,0.563973,5.780672,4.223229,2.857621,0.569214,5.677119,4.471648,3.159337,0.564514,7.335935,4.138216,10.314381,4.090554,13.618722,8.524105,11.905343,4.950339,14.060176,7.107127,16.162765,17.213148,18.786445
盈利能力,总资产净利率_平均(含少数股东损益),0.48634,5.092978,3.87262,2.757805,0.943049,5.479075,4.496804,3.248485,1.190266,5.743082,4.489437,3.247645,0.92955,5.29408,4.494562,3.130791,0.738465,4.972558,4.104788,2.897342,0.58099,4.890403,3.593274,2.481069,0.274965,3.333454,2.122342,1.369287,0.196053,1.831714,1.3247,1.025319,0.164465,4.605195,2.181005,1.122952,0.35895,7.021651,2.035161,0.875557,0.163941,6.923344,1.720874,0.882809,0.119606,12.174975,7.234377,4.149986,1.546019,10.122876,6.303618,3.971015,1.813033,8.137864,3.442451,2.62507,0.652219,4.743055,2.720363,1.922128,0.299611,4.772626,2.905529,2.124524,0.320605,4.93343,2.817151,1.83989,0.212165,2.189467,1.676198,1.07064,0.25151,3.50352,2.274873,1.760369,0.294959,4.163508,2.907229,1.982418,0.380426,4.201389,3.231844,2.162058,0.598059,5.216568,4.376458,2.675582,0.586721,6.875204,4.614111,3.069478,0.616468,5.943627,4.694161,3.254142,0.564923,7.346206,4.074164,10.666007,4.111635,13.760847,8.524105,11.905343,4.950339,14.060176,7.107127,16.162765,17.213148,18.786445
成长能力,归母净利润,111046230.14,1167210009.73,901434290.7,633915377.07,207580192.56,1116925147.02,894693268.75,627858221.25,237156160.87,1005384610.79,810337039.85,568993076.76,160905037.71,785264078.19,648182455.86,454476944.78,100626515.83,724373048.45,579021879.54,429445014.42,82668322.32,715964046.95,511781743.15,354342405.4,62895317.36,470535732.73,304505687.0,196073418.74,25177652.87,199660750.0,155402305.17,131979840.73,27687221.44,613777306.9,301298780.99,160468565.49,49673263.96,868925025.23,244657784.36,109572701.07,35868116.16,720636725.3,165064012.44,75329815.92,10559004.1,1062277611.68,592765891.06,313318957.73,98863148.76,728891214.53,374422257.45,185023309.06,63815257.23,332016305.49,138941539.55,107989469.59,13450970.72,156502890.47,94264120.38,73706732.17,10572452.57,146671788.73,89048620.29,68846512.75,9982043.03,130197663.3,82466455.38,57145326.39,7618911.17,38206911.55,57192391.4,42459873.4,10257635.03,115985129.7,81039294.12,71115023.03,12209595.33,129755452.74,78862761.35,61399566.59,11431846.76,116840478.31,96878300.34,63729438.07,15453297.91,144027661.9,124138882.13,80319226.16,17589084.41,168771693.78,119513631.7,78748510.95,15977507.31,151185469.88,115586848.19,79407062.18,14767289.42,170900640.57,87066860.61,201164553.81,76659311.67,193037296.51,93178622.85,110501119.4,44088777.09,89704232.0,45341696.09,65122242.0,57530342.0,55490657.0
成长能力,营业总收入,2377751582.79,14991906066.24,9453514648.58,6447195257.35,2348151832.86,17089133346.79,9586051242.34,6835568793.06,2809529576.01,17060896563.04,10829982223.34,7203037896.77,3308766910.14,15029743118.34,9115767552.72,6129583494.94,2469027456.71,11990697379.23,7534667071.54,4954453652.36,1814943352.29,11191201681.05,6592176520.75,4142287076.41,1023327826.27,10852446112.05,5658881083.68,3317460801.45,1032565184.73,8216558727.72,4159547005.91,2656859126.96,894875724.02,10329489384.43,5265993576.56,3257280026.78,1133526479.56,9607009637.5,4807327635.02,2898387408.39,945517584.68,7346300438.49,3427782251.38,2180134925.77,815599976.53,8359193647.88,5015224569.81,3257414685.18,1277423413.94,8774280193.13,4385427361.87,2661919731.64,1145993105.1,6611806304.29,3917775474.03,2542147958.68,990623675.44,4362305057.28,2377598763.07,1409365604.34,550694359.19,3855526070.22,1981741667.23,1187997427.24,418061089.95,3039605457.33,1811720593.97,1062881631.14,364419279.41,2601378596.96,1697954768.61,949935882.53,327406579.18,2454629797.64,1476002337.7,886481695.52,346308122.43,2375266020.9,1384161577.02,817929159.37,294153635.02,1866275589.33,1219577539.88,760354407.25,308157377.54,1726390400.59,1138568547.8,708993910.69,289175456.18,1561742075.88,1046637156.02,574244379.81,256331678.25,1311954805.1,850922544.78,542892434.79,191709197.8,1227327371.52,467585169.52,981362772.15,375015955.66,747529970.65,297153935.05,459876653.0,170353242.77,357081117.0,141976194.9,345672454.0,287138342.0,285018905.0
成长能力,净利润,126564731.5,1311849908.05,998494590.09,709580074.56,236322518.2,1292177503.62,1022607020.18,722920797.4,263546497.94,1186017918.33,944229039.1,666351888.93,189738361.04,995402138.28,801231186.84,551496119.42,129170693.97,857129616.47,688562216.65,478052896.59,96012571.88,802630209.78,577636735.15,395942047.68,67203172.71,538618843.85,347659141.91,219505019.18,28325767.63,273709728.34,198428706.14,154963748.57,24515558.77,681789050.49,313675945.56,162957623.19,50691481.41,940486134.87,261564093.39,111291108.17,20385109.66,805861125.26,184357037.25,94214777.83,12700163.99,1289266667.29,737639980.28,421115468.09,158098711.83,995323856.32,546888009.05,290511694.8,123777242.97,569535842.82,238535864.6,183948699.66,45735374.39,304182644.36,160878005.03,112012973.26,17303156.02,247218959.61,143789041.72,103363290.89,15016284.13,230518051.26,135861421.67,86560549.91,9973683.3,102834968.61,80366962.86,51116598.01,11585778.77,164143597.28,108046940.84,84425080.07,14088938.05,180442439.72,103607912.23,76890954.14,13448231.92,160908430.31,120916332.07,79009021.16,21130316.92,176471537.11,142275770.04,86503598.32,18298520.83,200727501.67,130575246.27,84586741.72,17303908.23,158282759.97,121338539.39,81789881.41,14778009.86,171139916.96,85719224.18,208022418.68,77054385.04,195051845.21,93178622.85,110501119.4,44088777.09,89704232.0,45341696.09,65122242.0,57530342.0,55490657.0
成长能力,扣非净利润,107363358.36,1121788879.27,877249933.38,618126035.56,203580368.02,1061890917.4,864423710.54,611214091.4,226092356.59,869065456.59,719025360.01,527405160.97,143928296.79,712939702.87,623963275.39,437798684.35,93645197.61,668198586.91,548066936.88,410297507.91,72375378.27,604954931.23,437454484.16,288698515.95,34119318.54,370725276.35,254368092.9,168277126.04,20864668.92,163732643.71,138821242.66,119063348.73,25557734.14,602535864.24,298360299.6,158831077.53,48200914.32,825286914.21,244537845.82,109179785.1,35319206.77,693855492.03,157106474.22,67826395.98,10165320.2,1069681825.85,599533745.3,320484231.15,103152271.33,522738510.63,287629208.2,180050086.96,66900239.88,323254601.8,138981767.67,107978147.76,13269537.59,151222336.11,90623345.03,69956936.12,10300151.59,132424977.81,87339132.17,66628908.21,9787894.13,133736249.36,81237954.89,55515479.28,7600858.51,38075772.45,55077268.45,42460006.66,9969017.9,113808247.14,81520422.88,71382273.15,11613480.61,128598670.53,87729380.68,57784453.73,12469418.9,99606603.89,83960392.54,52861861.84,10922793.08,125937187.07,123007890.8,79675682.05,17546890.96,163633217.8,119368770.25,78334007.96,14891333.61,151325099.61,115788417.62,79596799.09,,169163786.67,87267823.98,200932910.31,76659300.0,,,,,,,,,
成长能力,营业总收入增长率,1.260555,-12.272285,-1.382598,-5.681656,-16.421885,0.165505,-11.485992,-5.101585,-15.088319,13.514225,16.98288,16.064347,32.184499,24.408522,20.984344,23.718656,36.038816,7.143966,14.297107,19.606718,77.356982,3.121467,16.492579,24.86318,-11.153024,23.605066,25.932379,14.966116,15.386433,-20.455325,-21.011164,-18.433198,-21.053831,7.53316,9.540975,12.382493,19.88423,30.773437,40.246004,32.945322,15.929084,-12.117116,-31.652467,-33.071618,-36.152729,-4.730719,14.361136,22.370883,11.468682,8.209847,6.591712,0.125826,11.737483,51.566802,64.778663,80.375337,79.886294,13.144224,19.975211,18.633725,31.72581,26.842977,9.384508,11.771376,14.719805,16.845947,6.700168,11.889828,11.304812,5.978449,15.037403,7.15798,-5.458013,3.341258,6.635118,8.381231,17.730356,8.8509,0.409771,-5.425286,-10.604281,8.102755,7.114985,7.244137,6.564153,10.542606,8.783501,23.465537,12.812999,19.039319,23.000285,5.774982,33.708596,6.895261,,16.105571,,25.063575,24.684073,31.280725,26.202587,62.550102,74.433976,28.787726,19.987187,3.300425,,20.385334,0.743612,
成长能力,归属母公司净利润增长率,-46.504418,4.502079,0.753445,0.964733,-12.471094,11.094315,10.410017,10.345493,47.388897,28.031402,19.113693,20.65073,48.478442,4.810243,11.926843,5.833329,21.723186,1.1745,13.138439,21.194925,31.43796,52.159336,68.069683,80.719246,52.881896,113.520248,71.445102,31.476884,-9.063995,-67.470164,-48.422524,-17.753461,-44.26132,-29.363605,23.151111,46.449402,38.488633,20.577399,48.219942,45.457279,239.692226,-32.161167,-72.153591,-75.957466,-89.319575,45.738841,58.314811,69.340262,54.920865,57.495801,106.225282,68.14206,407.541473,112.147075,47.395996,46.512355,27.226588,6.702789,5.856912,7.059499,5.914716,12.653165,7.981627,20.476191,31.016661,240.769923,44.191304,34.586662,-25.724485,-67.058784,-29.426345,-40.294087,-15.9871,-10.612519,2.759899,15.82333,6.80335,9.50376,1.200831,7.013152,-11.752826,-18.876362,-21.959744,-20.654815,-12.142681,-14.661245,3.87006,1.994596,10.086536,11.632218,3.397258,-0.829335,8.19526,-11.536042,,-8.797604,,-15.044356,13.576366,4.2102,-17.728649,74.692616,111.343178,23.183841,-2.763282,37.747456,,13.19634,3.675726,
收益质量,经营活动净现金/销售收入,-0.081385,0.178121,0.202556,0.173651,0.069358,0.076008,0.083019,0.048589,0.092653,0.161079,0.137753,0.129456,-0.028042,0.116072,0.062647,-0.040772,-0.152289,0.10878,0.032074,-0.009266,-0.012475,0.070007,-0.022385,-0.0366,-0.219487,0.007486,0.004938,-0.018111,-0.218786,0.056378,-0.107572,-0.182131,-0.34176,-0.003382,-0.128729,-0.209975,-0.584516,0.129802,0.00314,-0.022709,-0.227747,0.068511,0.041281,-0.047338,-0.248198,-0.024919,-0.076757,-0.072041,-0.32302,0.113479,0.094182,0.199293,0.114155,0.07527,-0.019291,-0.081393,-0.175494,0.10833,-0.049184,-0.121444,-0.519496,0.04443,-0.172488,-0.237788,-0.497784,0.064906,-0.090905,-0.127472,-0.687493,0.106042,-0.13101,-0.240981,-0.648644,0.096056,-0.208982,-0.215817,-0.597965,0.059988,-0.243682,-0.245016,-0.661237,0.069726,-0.084274,-0.286812,-0.575783,0.118758,0.102455,0.13992,-0.28136,0.093729,-0.036023,0.043492,-0.301495,0.080696,,0.049934,,0.083659,0.018815,0.062114,-0.112613,0.147933,,0.026114,-0.166803,,,,,
收益质量,经营性现金净流量/营业总收入,-0.081385,0.178121,0.202556,0.173651,0.069358,0.076008,0.083019,0.048589,0.092653,0.161079,0.137753,0.129456,-0.028042,0.116072,0.062647,-0.040772,-0.152289,0.10878,0.032074,-0.009266,-0.012475,0.070007,-0.022385,-0.0366,-0.219487,0.007486,0.004938,-0.018111,-0.218786,0.056378,-0.107572,-0.182131,-0.34176,-0.003382,-0.128729,-0.209975,-0.584516,0.129802,0.00314,-0.022709,-0.227747,0.068511,0.041281,-0.047338,-0.248198,-0.024919,-0.076757,-0.072041,-0.32302,0.113479,0.094182,0.199293,0.114155,0.07527,-0.019291,-0.081393,-0.175494,0.10833,-0.049184,-0.121444,-0.519496,0.04443,-0.172488,-0.237788,-0.497784,0.064906,-0.090905,-0.127472,-0.687493,0.106042,-0.13101,-0.240981,-0.648644,0.096056,-0.208982,-0.215817,-0.597965,0.059102,-0.239553,-0.240356,-0.644181,0.068251,-0.082735,-0.28105,-0.564702,0.117092,0.100625,0.136708,-0.277128,0.091632,-0.035329,0.042449,-0.295703,0.079226,,0.048838,,0.083277,0.018738,0.06199,-0.112311,0.146447,,0.025661,-0.163324,,,,,
收益质量,成本费用率,94.257351,90.661534,88.541502,87.944842,89.597281,91.7703,89.442773,88.713579,90.760143,92.866889,90.317748,89.448145,93.722728,92.107675,89.512677,88.756492,93.847337,92.317041,89.624035,88.823672,94.104672,92.276293,90.597948,89.919117,95.02347,94.121,94.753751,95.969507,96.825583,96.342076,95.706065,94.63502,96.571688,90.002915,91.173249,92.555851,94.950823,88.273528,93.715164,95.002103,96.073017,85.842862,94.938539,96.265844,99.09666,81.632175,83.847374,85.46656,84.939459,88.302058,88.960108,88.779523,86.38741,90.166045,91.637935,89.930071,93.059955,91.570224,92.424618,91.920688,96.523783,92.969436,92.883,91.18784,97.23276,90.965671,92.351237,91.417007,98.628133,93.126074,95.165085,94.624264,96.723493,92.433388,90.880854,88.171794,93.670666,92.014583,90.738186,90.790141,96.164187,94.036837,92.483278,92.324259,96.806798,91.366443,85.803132,84.31676,91.367923,84.83115,83.161411,80.105842,92.448868,87.706459,83.399798,82.614885,90.119487,82.10586,77.820487,75.485112,70.538609,69.442346,63.462334,72.432724,70.426454,77.061211,,78.994687,78.271568,78.733584
收益质量,期间费用率,13.269129,14.018742,12.422974,11.695942,13.06657,12.54436,11.383834,9.616965,9.030192,10.864484,9.043736,8.182508,6.931794,11.145602,10.355106,9.146669,9.221301,12.901982,12.17349,10.829663,11.910412,12.456798,12.362347,11.356928,19.174764,12.161763,13.518017,14.095862,18.947508,13.756574,13.484291,13.254336,19.974249,10.625104,10.952821,12.002016,15.58622,11.543211,12.570426,13.649421,22.67235,13.804867,20.0269,19.493779,22.965478,16.009893,15.273371,14.510313,16.41182,15.114516,15.582686,16.122515,18.200213,16.927887,18.171063,19.317274,28.760148,24.288294,25.98143,28.480672,33.277908,21.722935,26.336243,27.972951,35.761877,23.364693,25.458964,29.196631,37.668097,23.479808,26.445539,30.352046,37.116177,22.981176,26.343863,29.119868,32.165127,25.275044,26.206914,27.01858,34.015158,19.584207,21.167217,23.265911,30.864334,22.702657,21.850795,23.07788,25.394892,20.08131,18.597881,21.706608,21.829638,21.075167,20.443423,22.220759,26.41737,21.579047,21.996134,18.535107,17.924718,16.777915,9.646259,14.476747,16.501111,20.018009,,29.049427,26.493951,21.299983
收益质量,销售成本率,80.988221,76.642791,76.118528,76.2489,76.53071,79.225939,78.058938,79.096613,81.72995,82.002404,81.274012,81.265636,86.790934,80.962073,79.157571,79.609822,84.626036,79.415058,77.450544,77.994008,82.19426,79.819495,78.235601,78.562189,75.848706,81.959236,81.235734,81.873644,77.878075,82.585502,82.221774,81.380683,76.597439,79.37781,80.220427,80.553835,79.364603,76.730316,81.144737,81.352681,73.400667,72.037995,74.911639,76.772064,76.131182,65.622282,68.574003,70.956246,68.527638,73.187541,73.377421,72.657008,68.187196,73.238157,73.466871,70.612796,64.299807,67.281929,66.443188,63.440016,63.245874,71.2465,66.546756,63.214888,61.470883,67.600977,66.892272,62.220376,60.960036,69.646265,68.719546,64.272218,59.607315,69.452212,64.53699,59.051925,61.505539,66.739539,64.531271,63.771561,62.149028,74.452629,71.31606,69.058348,65.942463,68.663786,63.952336,61.238879,65.973031,64.74984,64.56353,58.399234,70.619229,66.631291,62.956374,60.394126,63.702116,60.526813,55.824352,56.950005,52.613891,52.664431,53.816074,57.955976,53.925343,57.043202,,49.945259,51.777616,57.4336
收益质量,经营活动净现金/归属母公司的净利润,-1.742644,2.287833,2.12425,1.766108,0.784581,1.162934,0.889501,0.528998,1.097637,2.733445,1.902653,1.679624,-0.612551,2.280649,0.881184,-0.549875,-3.736648,1.80067,0.417374,-0.106901,-0.273887,1.094282,-0.288344,-0.427866,-5.231172,0.178344,0.0971,-0.318809,-8.972693,2.320137,-2.879313,-3.666445,-11.045997,-0.056929,-2.24988,-4.262205,-13.338458,1.435124,0.06171,-0.600696,-6.003648,0.69842,0.857273,-1.370027,-19.171343,-0.196096,-0.649425,-0.748974,-4.173788,1.552655,1.372646,2.793716,1.85089,1.498939,-0.54397,-1.916061,-12.924655,3.019554,-1.240566,-2.322174,-27.059345,1.167938,-3.838671,-4.103218,-20.847853,1.515315,-1.997119,-2.370942,-32.883405,7.220075,-3.889503,-5.391378,-20.703664,2.032865,-3.806292,-2.69026,-16.960456,0.938406,-2.992104,-2.534372,-13.012938,1.090166,-1.041538,-3.353209,-11.260842,1.403533,0.922911,1.20675,-4.556161,0.847929,-0.309394,0.309544,-4.744057,0.68751,,0.333901,,0.598057,0.100634,0.302412,-0.549424,0.567114,,0.106795,-0.631065,,,,,
收益质量,所得税/利润总额,16.60209,11.385003,11.473199,11.366209,11.709758,8.594605,8.924029,8.628756,12.830662,3.986731,12.568818,10.899824,16.767527,10.656867,12.743764,14.02706,16.916265,10.83633,13.558276,13.416818,14.747293,11.556273,14.256422,14.783077,19.849187,11.533086,17.494091,22.442742,21.442237,15.738171,16.261308,17.935591,30.22805,13.99554,20.671455,24.436992,20.018742,13.342459,15.850076,22.549582,41.628614,13.331164,15.526911,13.118586,31.507876,7.610616,9.89783,13.09274,18.836728,13.117449,13.536042,12.956296,21.301688,15.28724,23.537584,24.496711,34.422947,16.38007,15.432504,10.486729,24.376766,14.921695,15.823978,14.26244,24.702347,15.75736,17.191878,17.116497,26.450612,29.337358,22.072497,20.385361,19.982339,23.895614,30.829356,24.184863,35.800092,17.229655,15.200311,13.039835,17.737036,5.300704,4.945851,8.150768,8.291585,8.85243,19.347637,30.220046,35.385406,25.016104,29.723714,30.155569,25.74526,10.066134,17.430392,17.984154,35.524688,17.898793,16.507999,14.394848,31.789071,14.936801,27.966101,27.966101,27.966101,14.713922,27.966101,27.776398,26.087133,26.133179
财务风险,流动比率,1.788148,1.733716,1.679211,1.682741,1.707421,1.659412,1.774394,1.801002,1.810276,1.808792,1.935475,1.956828,2.046578,1.991284,2.233541,2.222815,2.294605,2.169016,2.388415,2.335395,2.211804,2.068014,2.139911,2.12153,2.286604,2.151951,2.055139,2.092707,2.034303,1.975783,1.972466,1.925545,1.952145,1.834472,2.075555,1.99314,2.123537,2.0417,2.077013,2.094669,2.255094,2.219461,2.54069,2.62349,2.615408,2.456264,2.387527,2.237281,2.081549,1.876884,1.930824,1.867648,1.866311,1.877847,1.855821,1.856343,1.823552,1.81486,1.756879,1.818186,1.802539,1.829292,1.871853,1.92887,1.748718,1.801388,1.646685,1.685654,1.662278,1.633502,1.57196,1.585147,1.618358,1.58778,1.575705,1.550542,1.461302,1.506848,1.528695,1.493014,1.507252,1.556288,1.643011,1.719061,1.765566,1.618222,1.753791,1.701079,1.890641,1.969794,2.014163,2.040782,1.855535,1.850344,2.000035,2.107891,1.72342,1.70428,2.357936,2.16927,3.113687,2.743818,2.55157,3.460101,3.491284,5.045384,4.575657,1.465064,1.464968,1.39032
财务风险,速动比率,1.455521,1.452795,1.41216,1.452949,1.455439,1.446307,1.46151,1.523416,1.53641,1.53402,1.582266,1.612116,1.662658,1.635929,1.767228,1.788701,1.79608,1.758737,1.913948,1.900736,1.780233,1.704459,1.679348,1.740559,1.826164,1.82086,1.546634,1.633824,1.618382,1.697725,1.570542,1.565075,1.622782,1.590176,1.592985,1.553164,1.680285,1.722977,1.60596,1.669969,1.819427,1.851035,1.920631,2.037561,2.037632,1.975502,1.718728,1.680735,1.553542,1.402347,1.28338,1.362396,1.361722,1.393874,1.311673,1.343291,1.31429,1.376306,1.225126,1.293354,1.338556,1.41498,1.356036,1.392819,1.195198,1.296628,1.113014,1.144687,1.111637,1.127664,1.095377,1.124195,1.137869,1.172551,1.13566,1.122821,1.071136,1.15685,1.228622,1.203545,1.153663,1.229994,1.294785,1.326479,1.34387,1.27643,1.440851,1.391336,1.540982,1.673577,1.700449,1.669807,1.591964,1.556207,1.672023,1.742509,1.450368,1.453182,1.950004,1.880087,2.579403,2.39093,2.138108,2.996885,2.944507,4.556901,4.575657,1.465064,1.464968,1.39032
财务风险,保守速动比率,1.175074,1.193379,1.109106,1.138606,1.15526,1.175282,1.166847,1.256219,1.273286,1.266288,1.291547,1.322571,1.342964,1.296237,1.429221,1.374802,1.373645,1.352892,1.560953,1.647411,1.507848,1.484353,1.556001,1.614583,1.688389,1.706373,1.384295,1.449012,1.461708,1.582362,1.439384,1.463206,1.504582,1.506982,1.447748,1.427942,1.561049,1.634026,1.473312,1.539117,1.691357,1.752715,1.779613,1.89308,1.894906,1.863463,1.56218,1.526156,1.402349,1.303067,1.141871,1.219257,1.259336,1.312508,1.17569,1.196775,1.171028,1.224478,1.05913,1.100562,1.166618,1.28036,1.17788,1.218047,1.040473,1.172034,1.000044,1.024403,1.001769,1.024772,0.958678,0.953204,0.942285,0.998073,0.881752,0.861831,0.832776,0.887024,0.957962,0.964056,0.905649,0.93242,1.055567,1.027729,1.118063,0.928423,1.162977,1.094738,1.198215,1.314473,1.422905,1.381233,1.319497,1.32084,1.47096,1.566883,1.328772,1.29351,1.552502,1.599745,2.153716,2.08018,1.37124,1.875901,1.93942,3.520346,,,,
财务风险,资产负债率,47.592771,49.030664,50.472915,50.475476,49.165584,50.991379,47.18032,46.27624,46.502722,46.613322,43.943249,43.649685,41.176829,42.466337,39.87002,39.877649,40.602251,42.514909,40.342207,40.876972,42.796971,45.262853,43.999714,44.318519,42.301903,42.498036,41.185281,40.267936,41.467221,42.696875,43.299466,44.600174,43.812729,46.927331,46.348289,48.29136,45.485355,47.202137,47.264554,46.906507,44.335985,44.971161,40.754509,40.027373,40.188816,42.234537,43.494975,45.989186,48.779849,53.961929,52.916096,54.338337,54.342483,53.977228,56.011416,57.113671,57.969718,58.049206,53.317805,51.868234,52.632848,52.076934,49.777036,48.719542,46.586913,44.957275,49.517858,47.893801,49.30651,50.229042,52.481294,51.777442,48.932065,49.965995,51.726052,53.166973,53.970196,52.108354,52.512601,51.903093,51.075136,48.356084,46.628462,43.863091,41.529142,46.444746,43.057322,44.079666,40.756311,39.924478,40.187713,38.955687,42.969076,41.056288,37.223079,35.171526,43.230203,42.240028,30.038832,30.956811,28.585906,28.671919,24.750046,22.057807,19.956432,16.190547,21.44642,60.731761,62.129557,60.738152
财务风险,权益乘数,2.131057,2.197232,2.228532,2.226986,2.196889,2.14396,2.063146,2.045031,2.044283,1.969033,1.921336,1.914857,1.870065,1.878072,1.837405,1.834592,1.846968,1.905829,1.869654,1.868052,1.897408,1.922306,1.905639,1.909592,1.877924,1.867403,1.855293,1.840396,1.860019,1.94938,1.959752,1.980392,1.964031,2.023343,2.009119,2.047329,1.993796,2.006843,2.019989,2.01934,1.971168,1.946498,1.878791,1.869811,1.871133,2.153804,2.185868,2.243066,2.29734,2.497773,2.451941,2.476354,2.464603,2.627182,2.688777,2.737905,2.770457,2.600417,2.427374,2.383507,2.392991,2.218617,2.146106,2.119151,2.066582,2.127451,2.219906,2.178287,2.201788,2.204001,2.239914,2.218507,2.156616,2.257076,2.300711,2.328733,2.351908,2.188271,2.2036,2.183416,2.158654,2.055461,2.01922,1.965739,1.925546,1.906868,1.846758,1.85976,1.803003,1.761076,1.731367,1.707277,1.772297,1.771299,1.71432,1.687159,1.794919,1.630499,1.466512,1.451564,1.421905,1.369984,1.307232,1.24058,1.2221,1.455536,1.533053,2.589257,2.598395,2.547001
财务风险,权益乘数(含少数股权的净资产),1.908133,1.961963,2.019097,2.019201,1.967171,2.040457,1.893233,1.861373,1.869254,1.873126,1.783906,1.774613,1.70001,1.738112,1.663063,1.663274,1.683565,1.739581,1.676226,1.691388,1.748159,1.826912,1.785705,1.795929,1.733159,1.739071,1.700254,1.674142,1.708444,1.745105,1.763651,1.805059,1.779762,1.884208,1.863873,1.933912,1.834369,1.894016,1.896257,1.883469,1.796492,1.817228,1.687892,1.667427,1.671928,1.731138,1.769754,1.851481,1.952356,2.172115,2.123868,2.190021,2.190219,2.172837,2.273317,2.331745,2.379236,2.383745,2.142144,2.07763,2.111167,2.086677,1.991121,1.95006,1.8722,1.81677,1.980898,1.919157,1.972639,2.009203,2.104434,2.073718,1.958175,1.99864,2.07151,2.135245,2.172505,2.088046,2.105821,2.079135,2.04395,1.936336,1.873657,1.781359,1.710253,1.86723,1.756152,1.788258,1.687943,1.664571,1.671897,1.638154,1.753434,1.696533,1.592942,1.542532,1.7615,1.731302,1.429364,1.448368,1.400283,1.401972,1.328904,1.283002,1.249319,1.193182,1.273016,2.546587,2.640581,2.547001
财务风险,产权比率,100.035487,105.930943,112.085287,111.937254,106.089839,114.054608,98.100829,94.59022,94.983981,95.373751,85.799251,84.697615,76.231419,79.857809,71.824684,71.589146,73.845617,79.735817,72.818673,73.573386,79.447966,87.756314,83.863014,84.823496,78.248744,78.864066,75.434155,72.552193,76.317928,80.255726,82.261432,86.552155,83.573722,94.828341,92.352729,99.883626,89.228157,95.637583,97.08111,96.319201,86.774934,89.276913,75.571425,73.510792,73.897994,80.395839,84.252053,93.296979,103.611592,136.045886,128.85209,134.87099,133.627447,133.343073,144.549909,152.846264,158.821444,162.616001,131.380522,123.312337,126.117919,124.452775,112.08335,107.159095,97.678125,91.54862,109.724054,102.188608,107.465192,111.715531,120.468013,116.626644,104.200174,109.119617,117.34297,123.528339,127.875406,118.372799,120.924753,117.540357,113.263379,101.514222,94.576621,84.352391,76.493266,93.348495,81.544614,84.667505,73.705838,71.764231,69.947103,65.957008,78.355316,72.407,61.56304,56.258753,78.251877,75.168814,43.750846,45.721245,40.599206,40.818991,32.890447,28.300215,24.931962,19.318282,27.301645,154.658736,164.058172,154.700189
财务风险,现金比率,0.620482,0.612412,0.544283,0.50748,0.474122,0.447631,0.495236,0.487532,0.520328,0.508868,0.492452,0.490324,0.43327,0.468622,0.480364,0.368468,0.390516,0.428238,0.322977,0.250169,0.26205,0.256564,0.1467,0.151061,0.237255,0.213156,0.143066,0.145148,0.120754,0.157292,0.119562,0.113617,0.151612,0.187372,0.138988,0.152392,0.190597,0.298708,0.12859,0.121111,0.138538,0.187986,0.20231,0.186298,0.178302,0.214216,0.197214,0.234302,0.191376,0.309778,0.131025,0.209688,0.172592,0.176986,0.051738,0.191711,0.278931,0.362601,0.172114,0.18164,0.250173,0.393507,0.310523,0.331893,0.280648,0.294495,0.344239,0.331917,0.350305,0.403807,0.335791,0.363328,0.331923,0.42999,0.356665,0.318333,0.329011,0.324237,0.289265,0.321634,0.23719,0.242801,0.344703,0.282535,0.238969,0.158407,0.32542,0.359273,0.332006,0.372105,0.338801,0.464158,0.440922,0.436733,0.432171,0.465132,0.524134,0.483411,0.366731,0.543119,0.81346,0.830043,0.240527,0.53416,0.526361,1.966787,,,,
营运能力,应收账款周转率,0.350703,1.886451,1.18255,0.765865,0.283388,2.133501,1.345482,0.937926,0.386398,2.502667,1.578587,1.046384,0.490882,2.380835,1.481755,0.977557,0.407178,1.70804,1.003017,0.627843,0.237641,1.368567,0.812617,0.497989,0.114745,1.229774,0.672889,0.395704,0.1296,0.936293,0.484746,0.304372,0.106214,1.221087,0.682375,0.412639,0.147582,1.252594,0.647208,0.385173,0.127152,1.064375,0.57866,0.358733,0.134083,1.485437,1.013311,0.656013,0.25435,2.029621,1.270678,0.771583,0.329625,2.194403,1.31557,0.894938,0.368157,1.797107,1.034011,0.623704,0.245287,1.960454,1.073144,0.658095,0.249078,1.916129,1.209206,0.723982,0.253915,1.922085,1.196711,0.69668,0.250942,1.955884,1.190914,0.713879,0.286861,1.853364,1.119433,0.68006,0.275933,1.885168,1.171654,0.738156,0.319838,1.657554,1.010495,0.666167,0.262156,1.496785,0.954283,0.582623,0.248588,1.409716,0.922709,0.60222,0.213202,1.621175,0.693397,1.652117,0.6866,1.841546,1.038252,1.899918,0.699941,1.669311,,,,
营运能力,应收账款周转天数,256.626731,190.834527,228.320099,235.028298,317.584818,168.736686,200.671535,191.912724,232.920281,143.846496,171.038929,172.020937,183.343323,151.207406,182.216242,184.132302,221.03338,210.767879,269.187647,286.695832,378.721165,263.048739,332.259768,361.45319,784.34193,292.736612,401.254317,454.885345,694.442751,384.49484,556.992153,591.381414,847.342241,294.819234,395.676737,436.216583,609.827151,287.403393,417.176242,467.322199,707.811883,338.226514,466.594826,501.765555,671.224468,242.352883,266.453048,274.384685,353.84203,177.372972,212.484874,233.286611,273.037078,164.053682,205.234083,201.131107,244.460427,200.321852,261.118827,288.598145,366.91667,183.630855,251.597097,273.516403,361.332428,187.878753,223.286984,248.624624,354.448135,187.296542,225.618205,258.36797,358.648162,184.059945,226.716619,252.143472,313.739783,194.24131,241.19333,264.682388,326.164955,190.964323,230.443307,243.850691,281.392183,217.187409,267.19558,270.202417,343.305887,240.515416,282.934932,308.947594,362.044794,255.370568,292.616501,298.893781,422.134104,222.061035,259.591328,217.902202,262.161047,195.487823,173.368162,189.481844,257.164415,215.657712,,,,
营运能力,存货周转率,0.524148,3.769029,2.371714,1.762183,0.640973,5.058672,2.459102,1.95819,0.840268,5.071876,2.896266,1.993741,0.988059,4.360977,2.480447,1.762043,0.717887,3.662708,2.215051,1.551403,0.584007,4.013612,2.114475,1.49324,0.305637,4.529518,1.78557,1.153756,0.38459,3.908168,1.595419,1.045226,0.357511,4.464032,1.756106,1.108115,0.406793,3.947346,1.766328,1.154454,0.356292,2.886551,1.249215,0.853351,0.320146,2.750167,1.502533,1.079991,0.401769,3.203138,1.71512,1.180257,0.492914,3.34929,1.88424,1.195849,0.421299,2.374686,1.243068,0.737332,0.307983,2.649937,1.200888,0.692501,0.231735,1.868316,0.978766,0.553506,0.183366,1.690979,1.073699,0.579491,0.192419,1.880314,0.997634,0.544622,0.231904,1.869443,1.178356,0.702224,0.2426,2.277886,1.443811,0.865534,0.343901,2.486128,1.733437,1.026736,0.461745,2.865252,1.938416,0.916008,0.552689,2.891455,1.839348,1.125336,0.414742,3.248921,1.187809,3.29802,1.05883,3.201552,1.569197,3.321627,1.064204,3.028448,,,,
营运能力,存货周转天数,171.706981,95.515294,113.841719,102.145996,140.411319,71.164913,109.796147,91.921619,107.108567,70.979643,93.22347,90.282506,91.087665,82.550291,108.851332,102.154105,125.367873,98.287918,121.893334,116.023973,154.107488,89.694748,127.691243,120.543189,294.466331,79.478639,151.212183,156.012121,234.015219,92.114762,169.234482,172.211517,251.739876,80.644575,153.749217,162.437947,221.242468,91.2005,152.859448,155.917786,252.601261,124.716287,216.135645,210.932944,281.120915,130.901123,179.696519,166.667973,224.008888,112.389776,157.423356,152.509105,182.587415,107.485462,143.293827,150.520599,213.624938,151.598944,217.204467,244.123118,292.223906,135.852255,224.833551,259.927294,388.374623,192.686848,275.857288,325.199301,490.821528,212.894313,251.46693,310.617305,467.727329,191.457341,270.64031,330.50431,388.090078,192.570705,229.132609,256.328301,370.980993,158.04126,187.00503,207.964005,261.702929,144.803476,155.759852,175.312719,194.912429,125.643357,139.288937,196.504689,162.840047,124.504756,146.791088,159.952089,217.002273,110.806015,151.539411,109.156402,169.998872,112.445439,114.708349,108.380613,169.14035,118.872758,,,,
营运能力,总资产周转率,0.091368,0.582028,0.36665,0.250572,0.093703,0.724611,0.421536,0.30716,0.126888,0.826143,0.528326,0.357721,0.170203,0.814617,0.511409,0.347971,0.141153,0.695629,0.449171,0.300275,0.109825,0.681876,0.410076,0.259565,0.058938,0.684682,0.359107,0.21235,0.071467,0.549866,0.277689,0.175791,0.060033,0.697796,0.366147,0.224461,0.080265,0.717257,0.374045,0.228023,0.07604,0.631138,0.319965,0.204282,0.076811,0.789386,0.491866,0.32101,0.124917,0.940377,0.581712,0.357473,0.158273,0.944733,0.565397,0.362781,0.14127,0.680205,0.402039,0.241845,0.095355,0.744319,0.400448,0.24418,0.089258,0.65052,0.375668,0.225921,0.077521,0.553861,0.354139,0.198964,0.071075,0.523922,0.310764,0.184842,0.072501,0.472958,0.285214,0.170338,0.066949,0.487292,0.325967,0.208068,0.087219,0.510327,0.350228,0.219293,0.09272,0.534919,0.369848,0.208381,0.09132,0.492648,0.329192,0.215998,0.073285,0.526832,0.222239,0.503177,0.200109,0.52738,0.27184,0.495469,0.191274,0.559686,0.222541,0.857928,0.859121,0.964935
营运能力,总资产周转天数,985.026789,618.526031,736.395696,718.355488,960.476733,496.818001,640.514291,586.01349,709.28668,435.75947,511.047152,503.184661,528.777598,441.925331,527.952915,517.283166,637.60302,517.517046,601.107371,599.449817,819.480963,527.95461,658.414453,693.46583,1527.026376,525.791037,751.864388,847.653679,1259.309424,654.703933,972.3097,1023.941344,1499.159317,515.909807,737.408018,801.91929,1121.273623,501.911769,721.837237,789.39064,1183.580488,570.398106,843.841841,881.132334,1171.704907,456.050322,548.929608,560.730194,720.478238,382.824844,464.146914,503.533152,568.635132,381.059678,477.540298,496.166523,637.077472,529.252199,671.575639,744.2774,943.840757,483.663311,674.244097,737.159641,1008.311191,553.402599,718.717922,796.738286,1160.970949,649.981887,762.412048,904.682744,1266.262788,687.125105,868.824097,973.801547,1241.354888,761.165601,946.657476,1056.722432,1344.293216,738.775676,828.302233,865.098606,1031.884981,705.42888,770.926004,820.81611,970.656196,672.999012,730.029507,863.800536,985.537647,730.744621,820.189982,833.339103,1228.076714,683.329683,809.937312,715.453133,899.508963,682.619609,662.153239,726.584074,941.055402,643.217395,808.836319,419.61538,419.03274,373.081808
营运能力,流动资产周转率,0.11256,0.715597,0.44889,0.306398,0.115479,0.889583,0.518409,0.37886,0.155853,1.011748,0.640422,0.432788,0.207284,0.988851,0.623799,0.425441,0.172277,0.842071,0.535565,0.359763,0.131655,0.82042,0.493856,0.312962,0.070546,0.814675,0.426851,0.252897,0.08509,0.647462,0.325072,0.205229,0.070199,0.811369,0.425641,0.259922,0.093301,0.826965,0.429244,0.262011,0.087143,0.720567,0.366154,0.232714,0.087509,0.899269,0.562411,0.367255,0.142908,1.116113,0.697144,0.429415,0.190934,1.14141,0.684299,0.438324,0.17054,0.829189,0.49687,0.299698,0.117841,0.929934,0.501125,0.305617,0.112625,0.816124,0.463894,0.280448,0.096364,0.694495,0.442518,0.249446,0.090068,0.676329,0.400542,0.237566,0.095247,0.63086,0.375881,0.225855,0.089216,0.657653,0.436334,0.281063,0.119273,0.670147,0.454826,0.285784,0.119112,0.69839,0.481425,0.274274,0.11978,0.678318,0.462414,0.304803,0.102746,0.761775,0.328154,0.761026,0.304511,0.801559,0.439655,0.672034,0.253811,0.693309,0.273683,1.118739,1.222198,1.475593
营运能力,流动资产周转天数,799.572663,503.075818,601.483236,587.469611,779.356395,404.683575,520.823417,475.109051,577.465784,355.819589,421.596465,415.907878,434.185886,364.058557,432.831105,423.08975,522.412462,427.51734,504.139822,500.329187,683.601814,438.799329,546.717865,575.14834,1275.755766,441.89363,632.538338,711.751084,1057.697741,556.016468,830.583127,877.06833,1282.065305,443.694404,634.336607,692.515397,964.61173,435.326399,629.011834,686.992213,1032.780869,499.605867,737.392844,773.479673,1028.460162,400.324927,480.075115,490.121711,629.771475,322.547824,387.29421,419.174767,471.365508,315.399186,394.564156,410.654249,527.735422,434.158714,543.401436,600.604011,763.738779,387.124134,538.787283,588.971596,799.109804,441.108936,582.028523,641.828827,933.956425,518.362064,610.144082,721.597254,999.244018,532.284725,674.085539,757.683872,944.904365,570.64923,718.311068,796.968381,1008.782135,547.401116,618.791831,640.423765,754.569419,537.19487,593.632371,629.844985,755.586495,515.470748,560.834078,656.277655,751.37555,530.724074,583.891346,590.544576,875.939613,472.580416,548.52287,473.04556,591.111033,449.124648,409.411388,535.687125,709.188837,519.248475,657.693652,321.790738,294.551162,243.969571
营运能力,应付账款周转率,0.298638,1.438404,0.919799,0.606841,0.250494,1.67339,1.141271,0.762108,0.324945,2.133618,1.486863,0.989506,0.514982,2.236257,1.510713,0.994889,0.490192,1.870417,1.235217,0.77937,0.331526,1.756016,1.173664,0.699723,0.251873,1.62345,1.051098,0.65298,,1.207539,,0.501554,0.186695,1.486414,1.000129,0.651032,0.294047,1.614028,1.048529,0.62981,0.226264,1.417722,0.938466,0.597962,0.252812,1.547112,1.122898,0.683798,0.280218,2.356797,1.648509,0.917345,0.410746,2.819796,1.72789,1.176191,0.517716,2.619445,1.616891,1.034062,0.454202,3.231873,2.116315,1.267914,0.632073,3.025363,2.217301,1.213129,0.532217,4.08337,3.227209,1.879193,0.742756,4.031917,3.189479,1.742659,0.969757,3.343786,2.217824,1.289506,0.881756,3.009765,2.76862,1.638507,0.667067,3.728111,3.435604,2.157252,1.24921,4.368455,4.057969,2.48924,0.922939,4.526268,3.468809,2.142931,0.865639,6.578195,6.587954,9.790043,4.606578,12.686063,6.43701,14.956295,4.40371,12.456695,,,,
