code,name,subsector,purity,business_one_liner,price,quote_time,market_cap_yi,pe_dynamic_tencent,pb_tencent,revenue_2023_yi,net_profit_2023_yi,operating_cash_flow_2023_yi,roe_2023_pct,debt_asset_2023_pct,revenue_2024_yi,net_profit_2024_yi,operating_cash_flow_2024_yi,roe_2024_pct,debt_asset_2024_pct,revenue_2025_yi,net_profit_2025_yi,operating_cash_flow_2025_yi,roe_2025_pct,debt_asset_2025_pct,revenue_2025Q1_yi,net_profit_2025Q1_yi,operating_cash_flow_2025Q1_yi,roe_2025Q1_pct,debt_asset_2025Q1_pct,revenue_2026Q1_yi,net_profit_2026Q1_yi,operating_cash_flow_2026Q1_yi,roe_2026Q1_pct,debt_asset_2026Q1_pct,ocf_to_net_profit_2025,moat_stars,moat_rationale,valuation_status,roe_status,cash_status,debt_status,moat_status,cninfo_annual_title,cninfo_annual_date,cninfo_annual_detail_url,cninfo_annual_pdf_url,cninfo_annual_error,eastmoney_financial_url,tencent_quote_url,market_cap_crosscheck,source_note,pass_count,near_count,rule_eligible,coarse_score,input_layer1_rows,input_layer1_sha256,decision,decision_reason
300274,阳光电源,风光-逆变器,高,光伏逆变器、储能及新能源电站系统,113.42,20260724161427,2351.44,19.72,4.98,722.5067493946,94.3956180025,69.8183897728,40.96,64.459775,778.5696696463,110.3627892136,120.6832664466,33.99,65.066976,891.8435732577,134.6127995537,169.1777857911,31.26,58.061912,190.3644790121,38.2616091733,17.9026075702,9.39,64.156089,155.6064528403,22.9126956274,12.0840418603,4.81,57.51483,1.2567734000926953,5,全球逆变器头部份额，光储研发、认证和全球服务网络形成规模与转换成本,pass,pass,pass,pass,pass,2025年年度报告,2026-04-01,http://www.cninfo.com.cn/new/disclosure/detail?stockCode=300274&announcementId=1225066678&orgId=9900021300&announcementTime=2026-04-01 00:00:00,https://static.cninfo.com.cn/finalpage/2026-04-01/1225066678.PDF,,https://emweb.securities.eastmoney.com/PC_HSF10/NewFinanceAnalysis/ZYZBAjaxNew?type=0&code=SZ300274,https://qt.gtimg.cn/q=sz300274,一致,财务=东方财富F10(AkShare)并附巨潮2025年报；动态PE/PB=腾讯2026-07-24；市值已由腾讯/东方财富双源核对,5,0,True,13.5,63,0F708D0FC842B223DBB28D5C54AAD96D1D649728EF47CBB877D90CEDCAF8EBAF,保留,五项达标，进入第三层精细分析
003816,中国广核,核电-运营,高,核电站建设、运营和售电,4.06,20260724161448,2050.25,21.62,1.69,825.4864315032,107.2457011668,331.1989427261,9.76,60.191738,789.4466962305,108.3812042243,375.057280417,9.76,59.493188,756.9655897353,97.6535895988,299.7052939201,9.11,65.15135,188.1205206893,30.2268497361,24.1190119453,2.34,59.683674,163.1942506199,27.4073356401,34.775219808,2.2,65.988612,3.069065818792829,5,核电牌照、选址与运营资质稀缺，在运/在建机组规模和长周期运维记录难复制,pass,pass_relaxed_heavy_asset,pass,pass_relaxed_utility,pass,2025年年度报告,2026-03-26,http://www.cninfo.com.cn/new/disclosure/detail?stockCode=003816&announcementId=1225030278&orgId=9900027002&announcementTime=2026-03-26,https://static.cninfo.com.cn/finalpage/2026-03-26/1225030278.PDF,,https://emweb.securities.eastmoney.com/PC_HSF10/NewFinanceAnalysis/ZYZBAjaxNew?type=0&code=SZ003816,https://qt.gtimg.cn/q=sz003816,一致,财务=东方财富F10(AkShare)并附巨潮2025年报；动态PE/PB=腾讯2026-07-24；市值已由腾讯/东方财富双源核对,5,0,True,13.5,63,0F708D0FC842B223DBB28D5C54AAD96D1D649728EF47CBB877D90CEDCAF8EBAF,保留,五项达标，进入第三层精细分析
601985,中国核电,核电-运营,高,核电运营并拓展风光新能源,8.9,20260724161454,1830.55,22.24,1.57,749.5718026496,106.238267066,431.2607512059,12.19,69.811257,772.7205852664,87.7734205034,407.2053297106,9.44,68.26504,820.7549524495,93.0421153674,374.0839686853,8.21,69.006069,202.7270153769,31.369948724,57.3770445513,2.82,68.48473,189.2486129978,20.6441612786,81.3095516716,1.73,69.440745,4.020587528649108,5,核电牌照、堆址资源和大规模核电运营记录，资产寿命长且准入壁垒极高,pass,pass_relaxed_heavy_asset,pass,pass_relaxed_utility,pass,中国核电2025年年度报告,2026-04-30,http://www.cninfo.com.cn/new/disclosure/detail?stockCode=601985&announcementId=1225257680&orgId=9900022188&announcementTime=2026-04-30,https://static.cninfo.com.cn/finalpage/2026-04-30/1225257680.PDF,,https://emweb.securities.eastmoney.com/PC_HSF10/NewFinanceAnalysis/ZYZBAjaxNew?type=0&code=SH601985,https://qt.gtimg.cn/q=sh601985,一致,财务=东方财富F10(AkShare)并附巨潮2025年报；动态PE/PB=腾讯2026-07-24；市值已由腾讯/东方财富双源核对,5,0,True,13.5,63,0F708D0FC842B223DBB28D5C54AAD96D1D649728EF47CBB877D90CEDCAF8EBAF,保留,五项达标，进入第三层精细分析
600930,华电新能,风电-运营,中,风力发电、太阳能发电为主的新能源项目的开发、投资和运营,4.16,20260724161444,1735.31,27.1,1.59,295.80128992,96.19770057,184.75989422,12.98,73.178028,339.67750888,88.31054314,241.64290265,10.49,73.063859,389.80388748,72.6287012,318.30794795,7.18,70.351933,96.28119935,29.21573855,56.4447325,3.24,73.129572,105.8750312,20.61318117,59.4060322,1.74,70.97419,4.382674379285197,4,央企新能源运营规模、资源获取和低成本融资能力突出，发电端无定价权,near,near,pass,near,pass,华电新能源集团股份有限公司2025年年度报告,2026-04-21,http://www.cninfo.com.cn/new/disclosure/detail?stockCode=600930&announcementId=1225131379&orgId=fzqy1062763&announcementTime=2026-04-21,https://static.cninfo.com.cn/finalpage/2026-04-21/1225131379.PDF,,https://emweb.securities.eastmoney.com/PC_HSF10/NewFinanceAnalysis/ZYZBAjaxNew?type=0&code=SH600930,https://qt.gtimg.cn/q=sh600930,一致,财务=东方财富F10(AkShare)并附巨潮2025年报；动态PE/PB=腾讯2026-07-24；市值已由腾讯/东方财富双源核对,2,3,False,9.0,63,0F708D0FC842B223DBB28D5C54AAD96D1D649728EF47CBB877D90CEDCAF8EBAF,淘汰/观察,仅2项达标、3项接近（PE、ROE、负债率），不满足5项全过或4过1近
001248,华润新能源,风电-运营,中,投资、开发、运营和管理风力、太阳能发电站,12.7,20260724161409,1651.7,30.74,1.45,205.1170936561,82.802027892,137.2208922248,11.34,54.795269,228.7361077096,79.5329106311,157.195991579,9.85,57.497175,229.090520502,61.018083985,200.0591097275,6.94,59.980251,63.903234811,23.4558249869,33.0065208622,,,62.1076569224,16.1679510315,39.1268197119,,60.190894,3.278685541431951,4,大型风光运营规模、央企项目获取和融资能力，运营资产同质化,near,near,pass,pass,pass,,,,,"KeyError: ""None of [Index(['代码', '简称', '公告标题', '公告时间', 'announcementId', 'orgId'], dtype='str')] are in the [columns]""; KeyError: ""None of [Index(['代码', '简称', '公告标题', '公告时间', 'announcementId', 'orgId'], dtype='str')] are in the [columns]""",https://emweb.securities.eastmoney.com/PC_HSF10/NewFinanceAnalysis/ZYZBAjaxNew?type=0&code=SZ001248,https://qt.gtimg.cn/q=sz001248,一致,财务=东方财富F10(AkShare)并附巨潮2025年报；动态PE/PB=腾讯2026-07-24；市值已由腾讯/东方财富双源核对,3,2,False,10.0,63,0F708D0FC842B223DBB28D5C54AAD96D1D649728EF47CBB877D90CEDCAF8EBAF,淘汰/观察,仅3项达标、2项接近（PE、ROE），不满足5项全过或4过1近
001289,龙源电力,风电-运营,高,大型风电运营商,16.02,20260724161436,1339.24,31.55,1.76,380.524953196,63.0339218047,143.4579102675,9.08,64.089512,371.6403568023,63.5491190086,171.0939934045,8.67,66.508255,302.527128736,45.2621681409,218.3256609933,6.08,66.549429,81.6357571934,19.0544449721,27.0381338194,2.56,66.656749,78.6753043879,16.238322041,28.5057768781,2.14,65.941089,4.823579381209881,5,大型风电运营规模、优质风资源和项目开发能力，融资与运维规模效应突出,near,near,pass,pass_relaxed_utility,pass,2025年年度报告,2026-04-01,http://www.cninfo.com.cn/new/disclosure/detail?stockCode=001289&announcementId=1225067210&orgId=9900009768&announcementTime=2026-04-01,https://static.cninfo.com.cn/finalpage/2026-04-01/1225067210.PDF,,https://emweb.securities.eastmoney.com/PC_HSF10/NewFinanceAnalysis/ZYZBAjaxNew?type=0&code=SZ001289,https://qt.gtimg.cn/q=sz001289,一致,财务=东方财富F10(AkShare)并附巨潮2025年报；动态PE/PB=腾讯2026-07-24；市值已由腾讯/东方财富双源核对,3,2,False,11.5,63,0F708D0FC842B223DBB28D5C54AAD96D1D649728EF47CBB877D90CEDCAF8EBAF,淘汰/观察,仅3项达标、2项接近（PE、ROE），不满足5项全过或4过1近
600487,亨通光电,海上风电-海缆,中,通信网络与海洋能源系统,52.43,20260724161440,1293.13,40.05,4.07,476.217432631,21.5360533012,18.5742323198,8.71,55.003169,599.8421242178,27.6882152355,32.6208906689,10.28,53.490166,668.5485438079,26.8026933843,28.0779607931,8.96,51.733093,132.6795177719,5.5678336225,0.7664850075,1.92,53.026912,177.9056006979,11.0536423268,-1.9366304638,3.44,51.875626,1.0475798230616258,4,通信与海洋能源系统认证、制造和工程交付能力较强，但海缆并非唯一主业,fail,fail,pass,pass,pass,亨通光电2025年年度报告,2026-04-25,http://www.cninfo.com.cn/new/disclosure/detail?stockCode=600487&announcementId=1225195764&orgId=gssh0600487&announcementTime=2026-04-25,https://static.cninfo.com.cn/finalpage/2026-04-25/1225195764.PDF,,https://emweb.securities.eastmoney.com/PC_HSF10/NewFinanceAnalysis/ZYZBAjaxNew?type=0&code=SH600487,https://qt.gtimg.cn/q=sh600487,一致,财务=东方财富F10(AkShare)并附巨潮2025年报；动态PE/PB=腾讯2026-07-24；市值已由腾讯/东方财富双源核对,3,0,False,8.0,63,0F708D0FC842B223DBB28D5C54AAD96D1D649728EF47CBB877D90CEDCAF8EBAF,淘汰/观察,动态PE偏高；ROE不足且无明确改善
605117,德业股份,光伏-逆变器,中,"研发、设计、生产、销售、服务为一体的制造企业,拥有以逆变器为主的电路控制系列、环境电器系列和热交换器系列三大核心业务,致力于为全球客户提供“智能、健康、节能、环保”的产品和解决方案",88.45,20260724161441,1126.17,30.83,11.34,74.7970568743,17.9098683003,20.8097019992,38.6,51.638644,112.0646757484,29.6034714246,33.6665908855,39.24,37.445725,122.2374346254,31.7076970542,39.8626898468,32.66,48.111502,25.6632333858,7.0554373236,4.7660266967,7.16,39.727188,44.5943723986,11.8789427236,18.3065255584,10.87,47.134851,1.2571928443324076,4,储能/微型逆变器海外渠道与认证积累较强，热交换器和环境电器使主题纯度下降,near,pass,pass,pass,pass,2025年年度报告,2026-04-10,http://www.cninfo.com.cn/new/disclosure/detail?stockCode=605117&announcementId=1225089135&orgId=9900039788&announcementTime=2026-04-10,https://static.cninfo.com.cn/finalpage/2026-04-10/1225089135.PDF,,https://emweb.securities.eastmoney.com/PC_HSF10/NewFinanceAnalysis/ZYZBAjaxNew?type=0&code=SH605117,https://qt.gtimg.cn/q=sh605117,一致,财务=东方财富F10(AkShare)并附巨潮2025年报；动态PE/PB=腾讯2026-07-24；市值已由腾讯/东方财富双源核对,4,1,True,11.0,63,0F708D0FC842B223DBB28D5C54AAD96D1D649728EF47CBB877D90CEDCAF8EBAF,淘汰/观察,合格但在护城河/纯度/估值二次收紧中落后
600011,华能国际,海上风电/综合电力,低,大型综合发电商，风光为转型业务,7.09,20260724161457,1112.99,8.0,1.75,2543.96694532,84.45560446,454.97117051,11.25,68.334173,2455.50923498,101.35493813,505.30261245,13.14,65.39996,2292.88057955,144.09553809,672.12899994,19.04,65.262893,603.34914635,49.72738942,173.95885484,7.15,64.330258,567.82594376,44.8391867,124.36770516,5.78,66.323747,4.664467816624536,4,大型电源资产、燃料采购和调度规模优势，但风光海风主题纯度低,pass,pass,pass,pass_relaxed_utility,pass,华能国际2025年年度报告,2026-03-25,http://www.cninfo.com.cn/new/disclosure/detail?stockCode=600011&announcementId=1225029354&orgId=gssh0600011&announcementTime=2026-03-25,https://static.cninfo.com.cn/finalpage/2026-03-25/1225029354.PDF,,https://emweb.securities.eastmoney.com/PC_HSF10/NewFinanceAnalysis/ZYZBAjaxNew?type=0&code=SH600011,https://qt.gtimg.cn/q=sh600011,一致,财务=东方财富F10(AkShare)并附巨潮2025年报；动态PE/PB=腾讯2026-07-24；市值已由腾讯/东方财富双源核对,5,0,True,12.0,63,0F708D0FC842B223DBB28D5C54AAD96D1D649728EF47CBB877D90CEDCAF8EBAF,淘汰/观察,主题收入纯度低
600905,三峡能源,海上风电/风光-运营,高,风电和太阳能发电，海风装机重要,3.86,20260724161439,1103.48,47.82,1.25,265.0157411398,71.7412413149,144.2820715097,8.99,69.36714,297.1704435767,61.0950716597,188.949138781,7.22,70.956899,283.9942025156,37.143966192,209.3795745071,4.23,71.911985,76.2832060876,24.4678011692,41.4642667389,2.78,70.273446,69.4804420127,10.4008905728,38.811817061,1.17,71.971931,5.636974076080109,4,央企融资、资源获取和大基地开发能力突出，发电端缺少定价权,fail,fail,pass,near,pass,2025年年度报告,2026-04-30,http://www.cninfo.com.cn/new/disclosure/detail?stockCode=600905&announcementId=1225258316&orgId=9900016549&announcementTime=2026-04-30,https://static.cninfo.com.cn/finalpage/2026-04-30/1225258316.PDF,,https://emweb.securities.eastmoney.com/PC_HSF10/NewFinanceAnalysis/ZYZBAjaxNew?type=0&code=SH600905,https://qt.gtimg.cn/q=sh600905,一致,财务=东方财富F10(AkShare)并附巨潮2025年报；动态PE/PB=腾讯2026-07-24；市值已由腾讯/东方财富双源核对,2,1,False,8.0,63,0F708D0FC842B223DBB28D5C54AAD96D1D649728EF47CBB877D90CEDCAF8EBAF,淘汰/观察,动态PE偏高；ROE不足且无明确改善
600522,中天科技,海上风电-海缆,中,通信、电网与海洋系统多元化,31.39,20260724161447,1071.32,33.55,2.89,450.6523679784,31.1657502783,45.4026199887,9.84,36.732492,480.6054420757,28.3837705778,41.3833545316,8.36,38.592901,524.9985749334,29.0229427549,47.5132924408,8.0,38.106073,97.5583794324,6.2761341573,-11.3624754017,1.77,37.238154,131.4220808722,9.1895376369,-19.486086487,2.43,38.516104,1.6370942409958837,4,海缆、电网与通信一体化制造及工程能力，但主题收入被多元业务稀释,near,fail,pass,pass,pass,江苏中天科技股份有限公司2025年年度报告,2026-04-25,http://www.cninfo.com.cn/new/disclosure/detail?stockCode=600522&announcementId=1225177318&orgId=gssh0600522&announcementTime=2026-04-25,https://static.cninfo.com.cn/finalpage/2026-04-25/1225177318.PDF,,https://emweb.securities.eastmoney.com/PC_HSF10/NewFinanceAnalysis/ZYZBAjaxNew?type=0&code=SH600522,https://qt.gtimg.cn/q=sh600522,一致,财务=东方财富F10(AkShare)并附巨潮2025年报；动态PE/PB=腾讯2026-07-24；市值已由腾讯/东方财富双源核对,3,1,False,9.0,63,0F708D0FC842B223DBB28D5C54AAD96D1D649728EF47CBB877D90CEDCAF8EBAF,淘汰/观察,ROE不足且无明确改善
600089,特变电工,光伏-硅料/综合电气,中,输变电、硅料与新能源电站多元平台,20.39,20260724161440,1030.26,16.7,1.47,982.0643955202,107.0271066239,258.1207625551,18.4135,54.282101,979.0631394533,41.4392486981,129.1358896374,6.4511,56.631485,973.1807703024,59.5429495825,93.3063098881,8.7546,55.600237,233.8284417797,16.001816572,10.5331078167,2.4756,56.781363,249.6128468465,18.1452951469,5.2740526724,2.5539,56.576507,1.5670421190475126,4,输变电制造、硅料规模和能源资源协同，但多元业务使光伏主题利润波动复杂,pass,fail,pass,pass,pass,特变电工股份有限公司2025年年度报告,2026-04-16,http://www.cninfo.com.cn/new/disclosure/detail?stockCode=600089&announcementId=1225105816&orgId=gssh0600089&announcementTime=2026-04-16,https://static.cninfo.com.cn/finalpage/2026-04-16/1225105816.PDF,,https://emweb.securities.eastmoney.com/PC_HSF10/NewFinanceAnalysis/ZYZBAjaxNew?type=0&code=SH600089,https://qt.gtimg.cn/q=sh600089,一致,财务=东方财富F10(AkShare)并附巨潮2025年报；动态PE/PB=腾讯2026-07-24；市值已由腾讯/东方财富双源核对,4,0,False,10.0,63,0F708D0FC842B223DBB28D5C54AAD96D1D649728EF47CBB877D90CEDCAF8EBAF,淘汰/观察,ROE不足且无明确改善
601727,上海电气,核电设备/综合装备,中,电站设备、工业装备与能源工程,6.52,20260724161459,1013.22,78.28,1.85,1147.97077,8.03346,77.61466,1.42,72.843021,1161.86116,7.5248,176.38541,1.42,74.420151,1266.78586,12.06219,105.15888,2.24,75.441323,222.45441,2.92299,-38.70138,0.55,74.010449,243.18665,3.80437,-8.00468,0.69,75.498406,8.718058660989422,4,完整发电设备谱系、核电资质与长期客户关系，但业务庞杂且效率偏低,fail,fail,pass,fail,pass,上海电气2025年年度报告,2026-03-31,http://www.cninfo.com.cn/new/disclosure/detail?stockCode=601727&announcementId=1225052328&orgId=9900005766&announcementTime=2026-03-31,https://static.cninfo.com.cn/finalpage/2026-03-31/1225052328.PDF,,https://emweb.securities.eastmoney.com/PC_HSF10/NewFinanceAnalysis/ZYZBAjaxNew?type=0&code=SH601727,https://qt.gtimg.cn/q=sh601727,一致,财务=东方财富F10(AkShare)并附巨潮2025年报；动态PE/PB=腾讯2026-07-24；市值已由腾讯/东方财富双源核对,2,0,False,6.0,63,0F708D0FC842B223DBB28D5C54AAD96D1D649728EF47CBB877D90CEDCAF8EBAF,淘汰/观察,动态PE偏高；ROE不足且无明确改善；负债率越线
000958,电投产融,核电权益/产融,低,产融平台持有核电权益，非纯核电运营商,5.3,20260724161427,970.78,29.45,1.93,60.7681503389,12.7037307372,0.8982066929,6.72,36.755835,122.3863083576,33.1551289938,65.6118867824,7.2,37.721058,124.6625734559,32.931582483,35.357818315,6.85,60.272208,33.0026328134,11.1402311823,9.9600274129,2.36,37.437469,27.2879920883,11.1730484656,7.9516949977,2.5,60.105764,1.0736750453232085,3,核电股权与央企产融协同具一定资源壁垒，但核电仅为权益且金融业务占比高,near,near,pass,pass_relaxed_utility,pass,2025年年度报告,2026-04-24,http://www.cninfo.com.cn/new/disclosure/detail?stockCode=000958&announcementId=1225172564&orgId=gssz0000958&announcementTime=2026-04-24,https://static.cninfo.com.cn/finalpage/2026-04-24/1225172564.PDF,,https://emweb.securities.eastmoney.com/PC_HSF10/NewFinanceAnalysis/ZYZBAjaxNew?type=0&code=SZ000958,https://qt.gtimg.cn/q=sz000958,一致,财务=东方财富F10(AkShare)并附巨潮2025年报；动态PE/PB=腾讯2026-07-24；市值已由腾讯/东方财富双源核对,3,2,False,9.5,63,0F708D0FC842B223DBB28D5C54AAD96D1D649728EF47CBB877D90CEDCAF8EBAF,淘汰/观察,主题收入纯度低
601012,隆基绿能,光伏-硅片/组件,高,单晶硅片、电池和组件,12.42,20260724161446,941.2,-13.62,1.86,1294.976741922,107.5142555638,81.1736368348,16.2,56.874819,825.8227311872,-85.9210240042,-47.2497893184,-13.07,59.828035,703.4704995042,-64.1955684385,43.5938275577,-11.15,64.428043,136.5247361263,-14.3065367659,-17.4733678235,-2.38,59.800923,111.9155227854,-19.199024184,-24.4862287929,-3.61,66.077751,-0.679078456941515,4,单晶技术、品牌与全球渠道仍在，过剩周期显著削弱成本和定价护城河,fail,fail,fail,fail,pass,2025年年度报告,2026-04-29,http://www.cninfo.com.cn/new/disclosure/detail?stockCode=601012&announcementId=1225251647&orgId=9900022338&announcementTime=2026-04-29,https://static.cninfo.com.cn/finalpage/2026-04-29/1225251647.PDF,,https://emweb.securities.eastmoney.com/PC_HSF10/NewFinanceAnalysis/ZYZBAjaxNew?type=0&code=SH601012,https://qt.gtimg.cn/q=sh601012,一致,财务=东方财富F10(AkShare)并附巨潮2025年报；动态PE/PB=腾讯2026-07-24；市值已由腾讯/东方财富双源核对,1,0,False,5.0,63,0F708D0FC842B223DBB28D5C54AAD96D1D649728EF47CBB877D90CEDCAF8EBAF,淘汰/观察,亏损/动态PE无意义；ROE不足且无明确改善；经营现金流/净利不达70%或仍亏损；负债率越线
600875,东方电气,风电整机/核电设备,中,发电装备综合平台，覆盖风电与核电,25.58,20260724161444,884.65,20.75,1.96,606.7661339582,35.5039357632,-34.9587622259,9.82,65.964471,696.9513572347,29.2210090848,100.5949140832,7.71,69.620121,786.1527743983,38.3130122213,20.1432091285,9.0,70.389738,165.4808113237,11.5382368696,-32.9286765462,2.93,70.141249,174.6992807952,15.854589643,-26.9809466853,3.44,69.467856,0.5257537311906122,5,核电与大型发电装备资质、全套设备能力和存量服务记录构成高准入壁垒,pass,fail,near,fail,pass,2025年年度报告,2026-04-01,http://www.cninfo.com.cn/new/disclosure/detail?stockCode=600875&announcementId=1225068291&orgId=gssh0600875&announcementTime=2026-04-01,https://static.cninfo.com.cn/finalpage/2026-04-01/1225068291.PDF,,https://emweb.securities.eastmoney.com/PC_HSF10/NewFinanceAnalysis/ZYZBAjaxNew?type=0&code=SH600875,https://qt.gtimg.cn/q=sh600875,一致,财务=东方财富F10(AkShare)并附巨潮2025年报；动态PE/PB=腾讯2026-07-24；市值已由腾讯/东方财富双源核对,2,1,False,7.5,63,0F708D0FC842B223DBB28D5C54AAD96D1D649728EF47CBB877D90CEDCAF8EBAF,淘汰/观察,ROE不足且无明确改善；负债率越线
600795,国电电力,风光发电/综合电力,低,大型综合电力平台，新能源占比提升,4.93,20260724161452,879.3,13.03,1.5,1809.9887816894,56.08589563,425.837987111,11.834,73.918562,1791.8200741253,98.3101573047,556.3960799349,18.598,73.404516,1702.439941337,71.6141906253,536.6823903225,12.283,73.447387,398.1275375794,18.105958744,140.2579101623,3.178,73.04851,391.6872795799,13.9798708769,88.5364870423,2.32,73.009755,7.49407883600237,4,大型电源组合、低成本融资和区域调度地位，但新能源主题纯度低,pass,pass_relaxed_heavy_asset,pass,fail,pass,国电电力2025年年度报告,2026-04-15,http://www.cninfo.com.cn/new/disclosure/detail?stockCode=600795&announcementId=1225103091&orgId=gssh0600795&announcementTime=2026-04-15,https://static.cninfo.com.cn/finalpage/2026-04-15/1225103091.PDF,,https://emweb.securities.eastmoney.com/PC_HSF10/NewFinanceAnalysis/ZYZBAjaxNew?type=0&code=SH600795,https://qt.gtimg.cn/q=sh600795,一致,财务=东方财富F10(AkShare)并附巨潮2025年报；动态PE/PB=腾讯2026-07-24；市值已由腾讯/东方财富双源核对,4,0,False,10.0,63,0F708D0FC842B223DBB28D5C54AAD96D1D649728EF47CBB877D90CEDCAF8EBAF,淘汰/观察,负债率越线；主题收入纯度低
002080,中材科技,风电-叶片,中,玻纤、风电叶片与锂电隔膜,47.22,20260724161457,792.41,40.36,4.02,258.9263428505,22.2331045487,48.2230480674,12.06,53.354948,239.8384999977,8.9186721426,36.0009610509,4.82,55.337556,301.9548769229,18.1777677661,54.0182674024,9.49,56.79095,55.0559885729,3.6209843895,-2.8831413537,1.94,55.488334,68.5434936681,5.0747248306,-20.1442989768,2.51,56.324509,2.971666713838181,4,玻纤和风电叶片规模、材料研发与客户认证壁垒，业务多元,fail,fail,pass,pass,pass,2025年年度报告,2026-03-20,http://www.cninfo.com.cn/new/disclosure/detail?stockCode=002080&announcementId=1225018612&orgId=9900001282&announcementTime=2026-03-20,https://static.cninfo.com.cn/finalpage/2026-03-20/1225018612.PDF,,https://emweb.securities.eastmoney.com/PC_HSF10/NewFinanceAnalysis/ZYZBAjaxNew?type=0&code=SZ002080,https://qt.gtimg.cn/q=sz002080,一致,财务=东方财富F10(AkShare)并附巨潮2025年报；动态PE/PB=腾讯2026-07-24；市值已由腾讯/东方财富双源核对,3,0,False,8.0,63,0F708D0FC842B223DBB28D5C54AAD96D1D649728EF47CBB877D90CEDCAF8EBAF,淘汰/观察,动态PE偏高；ROE不足且无明确改善
002202,金风科技,风电-整机,高,风机制造、服务与风电场开发,17.62,20260724161436,744.23,23.9,1.87,504.5718914774,13.3099796311,18.5404118475,3.45,71.964858,566.9916279054,18.6044616308,23.1584580047,4.91,73.955698,730.2347773727,27.7435666348,35.4347854046,7.08,71.6624,94.7210395162,5.6824613026,-16.3646059149,1.48,73.05021,154.8491056773,9.0719165385,-15.4662693377,2.23,71.100396,1.2772253067185875,5,CWEA 2025整机和海风新增装机领先，存量机队、服务网络和直驱技术形成壁垒,pass,fail,pass,fail,pass,2025年年度报告,2026-03-28,http://www.cninfo.com.cn/new/disclosure/detail?stockCode=002202&announcementId=1225043613&orgId=9900003947&announcementTime=2026-03-28,https://static.cninfo.com.cn/finalpage/2026-03-28/1225043613.PDF,,https://emweb.securities.eastmoney.com/PC_HSF10/NewFinanceAnalysis/ZYZBAjaxNew?type=0&code=SZ002202,https://qt.gtimg.cn/q=sz002202,一致,财务=东方财富F10(AkShare)并附巨潮2025年报；动态PE/PB=腾讯2026-07-24；市值已由腾讯/东方财富双源核对,3,0,False,9.5,63,0F708D0FC842B223DBB28D5C54AAD96D1D649728EF47CBB877D90CEDCAF8EBAF,淘汰/观察,ROE不足且无明确改善；负债率越线
601877,正泰电器,光伏发电/低压电器,中,低压电器与户用分布式光伏,24.45,20260724161451,525.42,11.41,1.19,572.5081431246,36.8613825834,41.4035600061,9.76,61.502818,645.1938698841,38.742930188,152.0198766212,9.53,63.277675,591.4484790843,45.0140707008,230.9021925731,10.35,66.132007,145.5884730584,11.6329391827,24.1752108746,2.73,64.208693,213.0338803498,12.6703982502,41.1946756248,2.82,63.974147,5.129555913924406,4,低压电器渠道与户用光伏开发网络形成客户触达和规模优势，双主业稀释纯度,pass,pass_relaxed_heavy_asset,pass,pass_relaxed_utility,pass,正泰电器2025年年度报告,2026-04-16,http://www.cninfo.com.cn/new/disclosure/detail?stockCode=601877&announcementId=1225105296&orgId=9900010254&announcementTime=2026-04-16,https://static.cninfo.com.cn/finalpage/2026-04-16/1225105296.PDF,,https://emweb.securities.eastmoney.com/PC_HSF10/NewFinanceAnalysis/ZYZBAjaxNew?type=0&code=SH601877,https://qt.gtimg.cn/q=sh601877,一致,财务=东方财富F10(AkShare)并附巨潮2025年报；动态PE/PB=腾讯2026-07-24；市值已由腾讯/东方财富双源核对,5,0,True,12.0,63,0F708D0FC842B223DBB28D5C54AAD96D1D649728EF47CBB877D90CEDCAF8EBAF,保留,五项达标，进入第三层精细分析
300316,晶盛机电,光伏-加工设备,中,半导体装备、半导体衬底材料、耗材及零部件的研发、生产和销售,39.01,20260724161445,510.85,123.28,3.0,179.8318571227,45.5751407603,30.8779325529,35.56,56.119054,175.766126579,25.0972998452,17.7344363501,15.97,43.156843,113.5748710293,8.8473466729,7.3893793188,5.26,33.722167,31.3780386166,5.728986495,3.9503075673,3.39,37.019963,17.2948585004,1.0254716048,-2.3491227567,0.6,31.857901,0.8352085197965793,5,长晶设备工艺、客户验证和硅材料全流程装备平台构成高转换成本,fail,fail,pass,pass,pass,2025年年度报告,2026-04-11,http://www.cninfo.com.cn/new/disclosure/detail?stockCode=300316&announcementId=1225095476&orgId=9900022122&announcementTime=2026-04-11,https://static.cninfo.com.cn/finalpage/2026-04-11/1225095476.PDF,,https://emweb.securities.eastmoney.com/PC_HSF10/NewFinanceAnalysis/ZYZBAjaxNew?type=0&code=SZ300316,https://qt.gtimg.cn/q=sz300316,一致,财务=东方财富F10(AkShare)并附巨潮2025年报；动态PE/PB=腾讯2026-07-24；市值已由腾讯/东方财富双源核对,3,0,False,8.5,63,0F708D0FC842B223DBB28D5C54AAD96D1D649728EF47CBB877D90CEDCAF8EBAF,淘汰/观察,动态PE偏高；ROE不足且无明确改善
300751,迈为股份,光伏-加工设备,中,智能制造装备的设计、研发、生产与销售,181.3,20260724161433,505.65,74.63,6.53,80.8854915274,9.138962615,7.5525935206,13.53,69.603366,98.3035663551,9.2590635723,0.5612997492,12.56,68.426528,81.5197859886,7.2161540043,-6.9807597834,9.32,63.386549,22.2867085237,1.6208318527,-3.5175355499,2.13,66.830756,13.3684948012,1.1802045925,19.4969968825,1.48,65.434335,-0.9673795458412151,5,高效电池整线设备研发、专利与客户验证壁垒高，技术路线切换风险显著,fail,fail,fail,fail,pass,2025年年度报告,2026-04-28,http://www.cninfo.com.cn/new/disclosure/detail?stockCode=300751&announcementId=1225211530&orgId=9900035516&announcementTime=2026-04-28,https://static.cninfo.com.cn/finalpage/2026-04-28/1225211530.PDF,,https://emweb.securities.eastmoney.com/PC_HSF10/NewFinanceAnalysis/ZYZBAjaxNew?type=0&code=SZ300751,https://qt.gtimg.cn/q=sz300751,一致,财务=东方财富F10(AkShare)并附巨潮2025年报；动态PE/PB=腾讯2026-07-24；市值已由腾讯/东方财富双源核对,1,0,False,4.5,63,0F708D0FC842B223DBB28D5C54AAD96D1D649728EF47CBB877D90CEDCAF8EBAF,淘汰/观察,动态PE偏高；ROE不足且无明确改善；经营现金流/净利不达70%或仍亏损；负债率越线
600438,通威股份,光伏-硅料/电池,中,高纯晶硅、电池片与农牧业务,11.14,20260724161447,501.52,-5.33,1.43,1391.0406208452,135.7390013237,306.7930397117,22.59,55.08155,919.9440433354,-70.3875739254,11.4373592337,-12.77,70.436857,841.2828170314,-95.5342588406,13.7918534461,-21.95,72.633762,159.3340053291,-25.9275047639,-14.5655235606,-6.52,72.250906,121.2507969856,-24.4441490075,-26.5565051979,-6.49,74.230636,-0.14436552513702822,4,高纯晶硅与电池片规模成本领先，但供给过剩令成本壁垒暂时失效,fail,fail,fail,fail,pass,通威股份有限公司2025年年度报告,2026-04-30,http://www.cninfo.com.cn/new/disclosure/detail?stockCode=600438&announcementId=1225259224&orgId=gssh0600438&announcementTime=2026-04-30,https://static.cninfo.com.cn/finalpage/2026-04-30/1225259224.PDF,,https://emweb.securities.eastmoney.com/PC_HSF10/NewFinanceAnalysis/ZYZBAjaxNew?type=0&code=SH600438,https://qt.gtimg.cn/q=sh600438,一致,财务=东方财富F10(AkShare)并附巨潮2025年报；动态PE/PB=腾讯2026-07-24；市值已由腾讯/东方财富双源核对,1,0,False,4.0,63,0F708D0FC842B223DBB28D5C54AAD96D1D649728EF47CBB877D90CEDCAF8EBAF,淘汰/观察,亏损/动态PE无意义；ROE不足且无明确改善；经营现金流/净利不达70%或仍亏损；负债率越线
688223,晶科能源,光伏-组件,高,光伏电池组件一体化,4.05,20260724161437,415.91,-6.08,1.67,1186.8177852112,74.4047724396,248.1637395397,24.19,73.992516,924.7132723109,0.9892756218,78.6703223032,0.3,71.991511,654.9186906027,-68.8151230112,20.0040025968,-23.86,77.198762,138.428551756,-13.8971361193,-26.1961179798,-4.4,72.720257,122.4762553056,-13.5012711587,-8.3173057766,-5.4,76.489391,-0.2906919543476548,4,全球组件品牌、渠道和N型量产能力较强，组件同质化压制定价权,fail,fail,fail,fail,pass,晶科能源2025年年度报告,2026-04-30,http://www.cninfo.com.cn/new/disclosure/detail?stockCode=688223&announcementId=1225261496&orgId=9900017709&announcementTime=2026-04-30,https://static.cninfo.com.cn/finalpage/2026-04-30/1225261496.PDF,,https://emweb.securities.eastmoney.com/PC_HSF10/NewFinanceAnalysis/ZYZBAjaxNew?type=0&code=SH688223,https://qt.gtimg.cn/q=sh688223,一致,财务=东方财富F10(AkShare)并附巨潮2025年报；动态PE/PB=腾讯2026-07-24；市值已由腾讯/东方财富双源核对,1,0,False,5.0,63,0F708D0FC842B223DBB28D5C54AAD96D1D649728EF47CBB877D90CEDCAF8EBAF,淘汰/观察,亏损/动态PE无意义；ROE不足且无明确改善；经营现金流/净利不达70%或仍亏损；负债率越线
603806,福斯特,光伏-胶膜,高,光伏封装胶膜与背板,13.75,20260724161450,358.7,52.72,2.27,225.8852667013,18.5016193763,-0.2608365382,12.52,27.654006,191.4742426831,13.0755952496,43.8875185115,8.19,21.658415,154.9080312061,7.6967626823,14.6245108459,4.72,19.519748,36.2438147409,4.0112350351,-4.3562323838,2.41,21.041269,33.7251956587,3.117886116,-1.1776738097,1.88,19.978234,1.9000859776450587,4,胶膜配方、客户验证和规模制造积累深，行业降价侵蚀盈利壁垒,fail,fail,pass,pass,pass,福斯特2025年年度报告,2026-04-09,http://www.cninfo.com.cn/new/disclosure/detail?stockCode=603806&announcementId=1225084000&orgId=9900023130&announcementTime=2026-04-09,https://static.cninfo.com.cn/finalpage/2026-04-09/1225084000.PDF,,https://emweb.securities.eastmoney.com/PC_HSF10/NewFinanceAnalysis/ZYZBAjaxNew?type=0&code=SH603806,https://qt.gtimg.cn/q=sh603806,一致,财务=东方财富F10(AkShare)并附巨潮2025年报；动态PE/PB=腾讯2026-07-24；市值已由腾讯/东方财富双源核对,3,0,False,9.0,63,0F708D0FC842B223DBB28D5C54AAD96D1D649728EF47CBB877D90CEDCAF8EBAF,淘汰/观察,动态PE偏高；ROE不足且无明确改善
688303,大全能源,光伏-设备/材料,中,"主要从事高纯多晶硅的研发、制造与销售。高纯多晶硅是太阳能光伏行业的基础材料,其质量直接影响下游产品的关键性能。",16.72,20260724161451,358.68,-26.14,0.94,163.2908148055,57.6269624554,87.4134963066,13.3,13.444722,74.1051843116,-27.1813239581,-53.8607715326,-6.48,9.145894,48.3852609999,-11.2916785767,-15.7738714172,-2.85,8.620948,9.072464027,-5.5801537185,-8.1072173362,-1.4,8.256928,1.8853632897,-8.0081329072,-12.4512806979,-2.08,7.411107,1.396946548739782,4,电子级生产控制、高纯硅规模和成本能力，过剩周期削弱盈利壁垒,fail,fail,fail,pass,pass,新疆大全新能源股份有限公司2025年年度报告,2026-04-21,http://www.cninfo.com.cn/new/disclosure/detail?stockCode=688303&announcementId=1225132631&orgId=gfbj0837316&announcementTime=2026-04-21,https://static.cninfo.com.cn/finalpage/2026-04-21/1225132631.PDF,,https://emweb.securities.eastmoney.com/PC_HSF10/NewFinanceAnalysis/ZYZBAjaxNew?type=0&code=SH688303,https://qt.gtimg.cn/q=sh688303,一致,财务=东方财富F10(AkShare)并附巨潮2025年报；动态PE/PB=腾讯2026-07-24；市值已由腾讯/东方财富双源核对,2,0,False,6.0,63,0F708D0FC842B223DBB28D5C54AAD96D1D649728EF47CBB877D90CEDCAF8EBAF,淘汰/观察,亏损/动态PE无意义；ROE不足且无明确改善；经营现金流/净利不达70%或仍亏损
002056,横店东磁,光伏-电池组件,中,主要从事磁性材料+器件、光伏+锂电两大产业群相关产品的研发、生产、销售以及提供一站式技术解决方案的服务。,21.18,20260724161442,344.54,19.37,3.43,197.3322165163,18.1841799133,38.9983287426,22.07,56.649503,185.5857665765,18.2677360284,35.2238039071,19.41,57.582656,225.8636692157,18.5117946316,32.5811146645,17.42,59.680798,52.2230756129,4.5806001995,2.6488302482,4.45,55.03478,54.7916618184,3.8589136156,4.2760545516,3.57,60.500798,1.7600192370805254,4,磁材工艺与欧洲光伏渠道认证并存，双产业群降低单一主题纯度,pass,pass,pass,pass,pass,2025年年度报告,2026-03-28,http://www.cninfo.com.cn/new/disclosure/detail?stockCode=002056&announcementId=1225044458&orgId=9900000141&announcementTime=2026-03-28,https://static.cninfo.com.cn/finalpage/2026-03-28/1225044458.PDF,,https://emweb.securities.eastmoney.com/PC_HSF10/NewFinanceAnalysis/ZYZBAjaxNew?type=0&code=SZ002056,https://qt.gtimg.cn/q=sz002056,一致,财务=东方财富F10(AkShare)并附巨潮2025年报；动态PE/PB=腾讯2026-07-24；市值已由腾讯/东方财富双源核对,5,0,True,12.0,63,0F708D0FC842B223DBB28D5C54AAD96D1D649728EF47CBB877D90CEDCAF8EBAF,保留,五项达标，进入第三层精细分析
002129,TCL中环,光伏-硅片,高,单晶硅片与新能源材料,8.5,20260724161439,343.66,-3.82,1.72,591.4646319295,34.1605896607,51.8116266785,8.83,51.834602,284.1850423563,-98.1836492798,28.3934193685,-27.26,63.000776,290.5024764035,-92.6378883865,11.4374690331,-35.2,66.728821,61.0109982303,-19.0634769429,4.9069890245,-6.36,64.31982,65.49096744,-16.4670038344,3.0436033841,-7.81,68.187898,-0.12346426750770766,4,大尺寸硅片技术和规模制造积累，过剩周期削弱成本优势,fail,fail,fail,fail,pass,2025年年度报告,2026-03-25,http://www.cninfo.com.cn/new/disclosure/detail?stockCode=002129&announcementId=1225029362&orgId=9900002703&announcementTime=2026-03-25,https://static.cninfo.com.cn/finalpage/2026-03-25/1225029362.PDF,,https://emweb.securities.eastmoney.com/PC_HSF10/NewFinanceAnalysis/ZYZBAjaxNew?type=0&code=SZ002129,https://qt.gtimg.cn/q=sz002129,一致,财务=东方财富F10(AkShare)并附巨潮2025年报；动态PE/PB=腾讯2026-07-24；市值已由腾讯/东方财富双源核对,1,0,False,5.0,63,0F708D0FC842B223DBB28D5C54AAD96D1D649728EF47CBB877D90CEDCAF8EBAF,淘汰/观察,亏损/动态PE无意义；ROE不足且无明确改善；经营现金流/净利不达70%或仍亏损；负债率越线
688472,阿特斯,光伏-电池组件,中,光伏组件和大型储能系统产品制造商,9.3,20260724161457,338.81,22.77,1.46,513.0956077753,29.0337446039,82.345764065,17.2,67.34374,461.6500932663,22.4735017649,24.3023871319,10.15,64.998154,402.5573585924,10.1577141747,70.7515517927,4.41,63.651727,85.8558152355,0.4725823474,13.8503471322,0.21,65.556699,71.2946861621,5.1941506456,-1.5730449773,2.21,62.488562,6.96530248595911,4,全球组件渠道、大储系统集成与项目开发经验，制造环节同质化较强,pass,fail,pass,fail,pass,阿特斯阳光电力集团股份有限公司2025年年度报告,2026-04-28,http://www.cninfo.com.cn/new/disclosure/detail?stockCode=688472&announcementId=1225222664&orgId=9900032673&announcementTime=2026-04-28,https://static.cninfo.com.cn/finalpage/2026-04-28/1225222664.PDF,,https://emweb.securities.eastmoney.com/PC_HSF10/NewFinanceAnalysis/ZYZBAjaxNew?type=0&code=SH688472,https://qt.gtimg.cn/q=sh688472,一致,财务=东方财富F10(AkShare)并附巨潮2025年报；动态PE/PB=腾讯2026-07-24；市值已由腾讯/东方财富双源核对,3,0,False,8.0,63,0F708D0FC842B223DBB28D5C54AAD96D1D649728EF47CBB877D90CEDCAF8EBAF,淘汰/观察,ROE不足且无明确改善；负债率越线
603699,纽威股份,核电-阀门,中,工业阀门，核电为重要高端场景,41.81,20260724161446,324.15,19.26,7.71,55.4446150144,7.2179706572,6.3700479759,20.65,51.467485,62.3774680994,11.5557773006,11.1157797392,28.66,49.307686,77.6773614673,16.0090403519,21.9283922753,34.45,55.599293,15.5589742093,2.6269398846,3.2543657641,5.89,46.031125,18.1306100157,3.451853969,2.9447504109,7.27,52.224844,1.369750578003726,4,工业阀门认证、全球客户与高端工况业绩构成壁垒，核电仅为应用场景之一,pass,pass,pass,pass,pass,纽威股份2025年年度报告,2026-04-18,http://www.cninfo.com.cn/new/disclosure/detail?stockCode=603699&announcementId=1225117385&orgId=9900022929&announcementTime=2026-04-18,https://static.cninfo.com.cn/finalpage/2026-04-18/1225117385.PDF,,https://emweb.securities.eastmoney.com/PC_HSF10/NewFinanceAnalysis/ZYZBAjaxNew?type=0&code=SH603699,https://qt.gtimg.cn/q=sh603699,一致,财务=东方财富F10(AkShare)并附巨潮2025年报；动态PE/PB=腾讯2026-07-24；市值已由腾讯/东方财富双源核对,5,0,True,12.0,63,0F708D0FC842B223DBB28D5C54AAD96D1D649728EF47CBB877D90CEDCAF8EBAF,保留,五项达标，进入第三层精细分析
603606,东方电缆,海上风电-海缆,高,海缆与海洋工程系统,39.25,20260724161453,323.74,23.77,3.99,73.1004401846,10.0003950751,11.9047213758,17.01,40.877372,90.9252178568,10.0815725906,11.1266676182,15.3,43.637906,108.4348283321,12.7140889919,19.647475692,16.83,46.68671,21.4700364002,2.8090802701,-4.3172192071,4.01,40.818717,28.8296030055,3.7154203226,-9.7265962312,4.39,47.454534,1.5453309871055,5,高压/海缆历史业绩、资质、码头产能和EPCI交付形成强准入与工程壁垒,pass,pass,pass,pass,pass,东方电缆2025年年度报告,2026-03-28,http://www.cninfo.com.cn/new/disclosure/detail?stockCode=603606&announcementId=1225047125&orgId=9900023122&announcementTime=2026-03-28,https://static.cninfo.com.cn/finalpage/2026-03-28/1225047125.PDF,,https://emweb.securities.eastmoney.com/PC_HSF10/NewFinanceAnalysis/ZYZBAjaxNew?type=0&code=SH603606,https://qt.gtimg.cn/q=sh603606,一致,财务=东方财富F10(AkShare)并附巨潮2025年报；动态PE/PB=腾讯2026-07-24；市值已由腾讯/东方财富双源核对,5,0,True,13.5,63,0F708D0FC842B223DBB28D5C54AAD96D1D649728EF47CBB877D90CEDCAF8EBAF,保留,五项达标，进入第三层精细分析
600956,新天绿能,风电-运营,中,"聚焦于风力发电、光伏发电业务及天然气销售业务,主营业务中的其他各项业务系公司利用其在天然气领域及风力发电领域的资源和技术优势开展的配套或延伸业务",7.15,20260724161441,321.77,20.27,1.3,202.8178888353,22.0747353019,48.5168357995,10.7,66.158032,213.7212449283,16.7236702097,37.2078883578,7.82,67.729255,198.3081913701,18.2633354828,72.9669220157,8.12,66.304168,69.1085420278,9.5449142138,22.466278334,4.3,66.766303,56.1941657445,7.1561144936,13.9074639108,2.74,66.10005,3.995268119803122,4,河北风资源、区域项目和天然气管网协同，国企融资与运营规模形成壁垒,pass,pass_relaxed_heavy_asset,pass,pass_relaxed_utility,pass,新天绿能2025年年度报告,2026-03-26,http://www.cninfo.com.cn/new/disclosure/detail?stockCode=600956&announcementId=1225032266&orgId=9900015548&announcementTime=2026-03-26,https://static.cninfo.com.cn/finalpage/2026-03-26/1225032266.PDF,,https://emweb.securities.eastmoney.com/PC_HSF10/NewFinanceAnalysis/ZYZBAjaxNew?type=0&code=SH600956,https://qt.gtimg.cn/q=sh600956,一致,财务=东方财富F10(AkShare)并附巨潮2025年报；动态PE/PB=腾讯2026-07-24；市值已由腾讯/东方财富双源核对,5,0,True,12.0,63,0F708D0FC842B223DBB28D5C54AAD96D1D649728EF47CBB877D90CEDCAF8EBAF,保留,五项达标，进入第三层精细分析
300776,帝尔激光,光伏-加工设备,中,精密激光加工解决方案的设计及其配套设备的研发、生产和销售,110.56,20260724161448,315.36,60.67,8.24,16.088969424,4.6118720035,7.7669963821,16.09,55.284541,20.1435149822,5.2761134235,-1.6383672604,16.25,47.673663,20.3310351921,5.1922332709,1.1635392596,14.09,41.10455,5.6107086957,1.6312473377,-1.8013957897,4.59,46.397017,4.2260888288,1.6365741138,2.4055313004,4.09,39.491373,0.2240922545065694,4,光伏精密激光工艺、专利和头部客户验证构成设备转换成本,fail,near,fail,pass,pass,2025年年度报告,2026-03-31,http://www.cninfo.com.cn/new/disclosure/detail?stockCode=300776&announcementId=1225055756&orgId=gfbj0835053&announcementTime=2026-03-31,https://static.cninfo.com.cn/finalpage/2026-03-31/1225055756.PDF,,https://emweb.securities.eastmoney.com/PC_HSF10/NewFinanceAnalysis/ZYZBAjaxNew?type=0&code=SZ300776,https://qt.gtimg.cn/q=sz300776,一致,财务=东方财富F10(AkShare)并附巨潮2025年报；动态PE/PB=腾讯2026-07-24；市值已由腾讯/东方财富双源核对,2,1,False,7.0,63,0F708D0FC842B223DBB28D5C54AAD96D1D649728EF47CBB877D90CEDCAF8EBAF,淘汰/观察,动态PE偏高；经营现金流/净利不达70%或仍亏损
603308,应流股份,核电-核心部件,中,核电/航空高端铸件与零部件,44.1,20260724161435,299.46,79.48,6.02,24.1193440359,3.0326311142,2.3386605101,6.95,52.881341,25.1346146422,2.8638077562,0.9927137637,6.33,56.133711,29.1882640468,3.4864149458,2.5641740963,7.25,58.38347,6.625728736,0.920431287,-1.5695795673,1.97,57.091638,8.8872279532,1.2016523996,-1.5359244096,2.35,59.824211,0.735475878850565,4,核电和航空高端铸件认证、材料工艺与客户验证周期长,fail,fail,pass,pass,pass,应流股份2025年年度报告,2026-04-24,http://www.cninfo.com.cn/new/disclosure/detail?stockCode=603308&announcementId=1225157972&orgId=9900023247&announcementTime=2026-04-24,https://static.cninfo.com.cn/finalpage/2026-04-24/1225157972.PDF,,https://emweb.securities.eastmoney.com/PC_HSF10/NewFinanceAnalysis/ZYZBAjaxNew?type=0&code=SH603308,https://qt.gtimg.cn/q=sh603308,一致,财务=东方财富F10(AkShare)并附巨潮2025年报；动态PE/PB=腾讯2026-07-24；市值已由腾讯/东方财富双源核对,3,0,False,8.0,63,0F708D0FC842B223DBB28D5C54AAD96D1D649728EF47CBB877D90CEDCAF8EBAF,淘汰/观察,动态PE偏高；ROE不足且无明确改善
600483,福能股份,海上风电/核电权益,中,风电、热电并持有核电权益,10.69,20260724161451,297.2,10.41,1.11,146.9491879623,26.2347496892,46.2545527995,12.52,44.855365,145.6328530871,27.9323961931,46.8523665365,11.84,38.496811,137.5068761535,29.5718269633,51.0922667233,11.27,41.815203,30.974862508,7.5180606316,10.8691094433,2.93,37.779343,29.3637198608,6.4978014048,8.1577493923,2.34,40.442804,1.7277345355330214,4,福建优质风资源、区域项目和电网接入，海风资产利用小时较高,pass,pass_relaxed_heavy_asset,pass,pass,pass,福能股份2025年年度报告,2026-04-23,http://www.cninfo.com.cn/new/disclosure/detail?stockCode=600483&announcementId=1225147709&orgId=gssh0600483&announcementTime=2026-04-23,https://static.cninfo.com.cn/finalpage/2026-04-23/1225147709.PDF,,https://emweb.securities.eastmoney.com/PC_HSF10/NewFinanceAnalysis/ZYZBAjaxNew?type=0&code=SH600483,https://qt.gtimg.cn/q=sh600483,一致,财务=东方财富F10(AkShare)并附巨潮2025年报；动态PE/PB=腾讯2026-07-24；市值已由腾讯/东方财富双源核对,5,0,True,12.0,63,0F708D0FC842B223DBB28D5C54AAD96D1D649728EF47CBB877D90CEDCAF8EBAF,保留,五项达标，进入第三层精细分析
002487,大金重工,海上风电-基础,高,海上风电单桩、塔筒与海工交付,38.19,20260724161442,282.64,21.63,3.27,43.2508196961,4.2515719653,8.086988238,6.32,32.378553,37.7965057021,4.7387486706,10.8345098985,6.68,37.103951,61.7355024646,11.0329742475,12.2707229633,14.18,42.857316,11.4071158307,2.3095396497,-2.7788531705,3.13,41.136251,19.0695184938,4.3463800075,4.375352315,5.12,37.114521,1.1121863142280484,4,欧洲海工交付记录、重装码头和DAP运输能力构成稀缺出口壁垒,pass,pass_relaxed_improving,pass,pass,pass,2025年年度报告,2026-03-06,http://www.cninfo.com.cn/new/disclosure/detail?stockCode=002487&announcementId=1224997956&orgId=9900014996&announcementTime=2026-03-06,https://static.cninfo.com.cn/finalpage/2026-03-06/1224997956.PDF,,https://emweb.securities.eastmoney.com/PC_HSF10/NewFinanceAnalysis/ZYZBAjaxNew?type=0&code=SZ002487,https://qt.gtimg.cn/q=sz002487,一致,财务=东方财富F10(AkShare)并附巨潮2025年报；动态PE/PB=腾讯2026-07-24；市值已由腾讯/东方财富双源核对,5,0,True,13.0,63,0F708D0FC842B223DBB28D5C54AAD96D1D649728EF47CBB877D90CEDCAF8EBAF,保留,五项达标，进入第三层精细分析
300763,锦浪科技,风光-逆变器,高,光伏并网逆变器及储能逆变器,63.69,20260724161433,253.53,41.58,2.83,61.0083698728,7.793574322,3.8304012002,10.78,64.079331,65.4220420251,6.911577204,20.5056412924,8.61,60.482424,69.5164373895,7.4321329313,22.0338896376,8.59,53.268234,15.176424359,1.9470364778,2.4860991928,2.31,58.527566,14.1879112112,0.611644102,-0.2957770714,0.67,51.941233,2.964679162936597,4,逆变器认证、海外渠道和长期服务能力，规模弱于全球双龙头,fail,fail,pass,pass,pass,2025年年度报告,2026-04-27,http://www.cninfo.com.cn/new/disclosure/detail?stockCode=300763&announcementId=1225187516&orgId=gfbj0835481&announcementTime=2026-04-27,https://static.cninfo.com.cn/finalpage/2026-04-27/1225187516.PDF,,https://emweb.securities.eastmoney.com/PC_HSF10/NewFinanceAnalysis/ZYZBAjaxNew?type=0&code=SZ300763,https://qt.gtimg.cn/q=sz300763,一致,财务=东方财富F10(AkShare)并附巨潮2025年报；动态PE/PB=腾讯2026-07-24；市值已由腾讯/东方财富双源核对,3,0,False,9.0,63,0F708D0FC842B223DBB28D5C54AAD96D1D649728EF47CBB877D90CEDCAF8EBAF,淘汰/观察,动态PE偏高；ROE不足且无明确改善
601615,明阳智能,海上风电-整机,高,大型风机整机与新能源电站,10.96,20260724161438,247.86,64.8,0.95,281.2384343814,3.767221283,-25.9026797193,1.34,66.069174,271.5831671794,3.4611449348,-24.0316682184,1.31,68.588764,380.9496926443,6.5987373273,-55.3807206959,2.49,71.711397,77.0361757677,3.0206061588,-21.7832259443,1.14,68.695391,86.6263601179,0.2465852164,-39.1019377992,0.09,71.8831,-8.392623914090558,4,海上大兆瓦半直驱与抗台风技术、2025海风装机份额居前，财务兑现弱,fail,fail,fail,fail,pass,明阳智慧能源集团股份公司2025年年度报告,2026-04-29,http://www.cninfo.com.cn/new/disclosure/detail?stockCode=601615&announcementId=1225246044&orgId=9900036760&announcementTime=2026-04-29,https://static.cninfo.com.cn/finalpage/2026-04-29/1225246044.PDF,,https://emweb.securities.eastmoney.com/PC_HSF10/NewFinanceAnalysis/ZYZBAjaxNew?type=0&code=SH601615,https://qt.gtimg.cn/q=sh601615,一致,财务=东方财富F10(AkShare)并附巨潮2025年报；动态PE/PB=腾讯2026-07-24；市值已由腾讯/东方财富双源核对,1,0,False,5.0,63,0F708D0FC842B223DBB28D5C54AAD96D1D649728EF47CBB877D90CEDCAF8EBAF,淘汰/观察,动态PE偏高；ROE不足且无明确改善；经营现金流/净利不达70%或仍亏损；负债率越线
002266,浙富控股,核电-设备/环保,中,核电水工设备与危废资源化双主业,4.42,20260724161403,230.69,15.92,1.87,189.5080057107,10.2562610981,12.795558287,9.54,49.807202,209.1194394947,9.7148513102,15.3992311686,8.76,53.418761,232.1356189165,11.177602996,0.312871988,9.61,55.784104,49.3742207217,2.7081142379,-4.6617394044,2.37,54.585085,61.8245977819,6.02295399,13.4857762664,4.88,54.021828,0.02799097338776157,3,核电水工设备资质与危废牌照并存，但双主业削弱主题纯度,pass,fail,fail,pass,pass,2025年年度报告,2026-04-29,http://www.cninfo.com.cn/new/disclosure/detail?stockCode=002266&announcementId=1225226528&orgId=9900005075&announcementTime=2026-04-29,https://static.cninfo.com.cn/finalpage/2026-04-29/1225226528.PDF,,https://emweb.securities.eastmoney.com/PC_HSF10/NewFinanceAnalysis/ZYZBAjaxNew?type=0&code=SZ002266,https://qt.gtimg.cn/q=sz002266,一致,财务=东方财富F10(AkShare)并附巨潮2025年报；动态PE/PB=腾讯2026-07-24；市值已由腾讯/东方财富双源核对,3,0,False,7.5,63,0F708D0FC842B223DBB28D5C54AAD96D1D649728EF47CBB877D90CEDCAF8EBAF,淘汰/观察,ROE不足且无明确改善；经营现金流/净利不达70%或仍亏损
601016,节能风电,风电-运营,高,风电项目开发运营,3.46,20260724161452,226.44,45.48,1.27,51.1590599058,15.116978764,33.0965064443,9.18,58.225257,50.269775881,13.3005444479,33.5399982809,7.71,58.413031,44.9543997542,6.8570262617,39.3607717187,3.89,58.908685,13.0751563016,3.9179198305,7.4883917933,2.21,57.820969,11.2186939374,2.0399259211,5.9673142845,1.15,59.051721,5.740210145985593,3,央企融资和风资源项目积累，发电端同质化且无定价权,fail,fail,pass,pass,pass,中节能风力发电股份有限公司2025年年度报告,2026-04-22,http://www.cninfo.com.cn/new/disclosure/detail?stockCode=601016&announcementId=1225138190&orgId=9900029306&announcementTime=2026-04-22,https://static.cninfo.com.cn/finalpage/2026-04-22/1225138190.PDF,,https://emweb.securities.eastmoney.com/PC_HSF10/NewFinanceAnalysis/ZYZBAjaxNew?type=0&code=SH601016,https://qt.gtimg.cn/q=sh601016,一致,财务=东方财富F10(AkShare)并附巨潮2025年报；动态PE/PB=腾讯2026-07-24；市值已由腾讯/东方财富双源核对,3,0,False,8.5,63,0F708D0FC842B223DBB28D5C54AAD96D1D649728EF47CBB877D90CEDCAF8EBAF,淘汰/观察,动态PE偏高；ROE不足且无明确改善
688349,三一重能,风电-整机,高,风电整机、叶片及电站建设运营,14.15,20260724161455,225.46,20.82,1.62,149.3888,20.06537,10.89104,16.77,61.668436,177.9166,18.11983,-4.0035,13.83,66.853671,273.80358,7.12212,-8.95531,5.16,68.843885,21.87174,-1.91256,1.69108,-1.4,67.517432,39.84749,1.79398,-22.28017,1.26,67.137712,-1.257393865871398,4,整机与叶片纵向一体化、规模制造及集团供应链协同,pass,fail,fail,fail,pass,三一重能2025年年度报告,2026-04-23,http://www.cninfo.com.cn/new/disclosure/detail?stockCode=688349&announcementId=1225152315&orgId=9900047297&announcementTime=2026-04-23,https://static.cninfo.com.cn/finalpage/2026-04-23/1225152315.PDF,,https://emweb.securities.eastmoney.com/PC_HSF10/NewFinanceAnalysis/ZYZBAjaxNew?type=0&code=SH688349,https://qt.gtimg.cn/q=sh688349,一致,财务=东方财富F10(AkShare)并附巨潮2025年报；动态PE/PB=腾讯2026-07-24；市值已由腾讯/东方财富双源核对,2,0,False,7.0,63,0F708D0FC842B223DBB28D5C54AAD96D1D649728EF47CBB877D90CEDCAF8EBAF,淘汰/观察,ROE不足且无明确改善；经营现金流/净利不达70%或仍亏损；负债率越线
300724,捷佳伟创,光伏-加工设备,中,PECVD设备、扩散炉、制绒设备、刻蚀设备、清洗设备、自动化配套设备等太阳能电池片生产工艺流程中的主要设备的研发、制造和销售等,55.76,20260724161430,194.21,8.91,1.47,87.3342718869,16.3356272798,35.1736214116,20.45,77.636915,188.8720524905,27.6359221205,29.5083062805,27.98,67.027165,154.716688988,26.1704365128,-12.0436496564,21.46,46.330651,40.9912149736,7.0804363069,8.0750045378,6.19,63.913998,14.9547485165,2.7026408143,2.5125132756,2.01,46.708561,-0.4602005644999247,5,覆盖多电池路线的整线设备、工艺研发与客户验证形成高进入壁垒,pass,pass,fail,pass,pass,2025年年度报告,2026-04-27,http://www.cninfo.com.cn/new/disclosure/detail?stockCode=300724&announcementId=1225192952&orgId=9900033073&announcementTime=2026-04-27,https://static.cninfo.com.cn/finalpage/2026-04-27/1225192952.PDF,,https://emweb.securities.eastmoney.com/PC_HSF10/NewFinanceAnalysis/ZYZBAjaxNew?type=0&code=SZ300724,https://qt.gtimg.cn/q=sz300724,一致,财务=东方财富F10(AkShare)并附巨潮2025年报；动态PE/PB=腾讯2026-07-24；市值已由腾讯/东方财富双源核对,4,0,False,10.5,63,0F708D0FC842B223DBB28D5C54AAD96D1D649728EF47CBB877D90CEDCAF8EBAF,淘汰/观察,经营现金流/净利不达70%或仍亏损
688503,聚和材料,光伏-辅材,中,新型电子浆料研发、生产和销售,65.25,20260724161444,157.93,25.49,3.03,102.9036571483,4.4208318933,-26.6374932007,9.32,34.364909,124.8758188033,4.1800968539,-8.9548196203,8.86,41.796616,145.9269578942,4.1968079687,-30.6896202731,8.7,58.257592,29.9399679413,0.8965325521,-1.1872376485,1.91,46.471794,56.147989308,2.8958250271,-11.3407773594,5.62,60.43651,-7.31261008413649,4,电子浆料配方、量产一致性和电池客户验证形成材料认证壁垒,pass,fail,fail,pass,pass,2025年年度报告,2026-03-31,http://www.cninfo.com.cn/new/disclosure/detail?stockCode=688503&announcementId=1225060850&orgId=9900046635&announcementTime=2026-03-31,https://static.cninfo.com.cn/finalpage/2026-03-31/1225060850.PDF,,https://emweb.securities.eastmoney.com/PC_HSF10/NewFinanceAnalysis/ZYZBAjaxNew?type=0&code=SH688503,https://qt.gtimg.cn/q=sh688503,一致,财务=东方财富F10(AkShare)并附巨潮2025年报；动态PE/PB=腾讯2026-07-24；市值已由腾讯/东方财富双源核对,3,0,False,8.0,63,0F708D0FC842B223DBB28D5C54AAD96D1D649728EF47CBB877D90CEDCAF8EBAF,淘汰/观察,ROE不足且无明确改善；经营现金流/净利不达70%或仍亏损
002506,协鑫集成,光伏-电池组件,中,"太阳能光伏组件的生产与销售,以及太阳能发电系统集成业务",2.38,20260724161436,139.24,-12.06,14.79,159.6761031108,1.5771945409,3.0107256582,6.73,87.319021,162.3978676491,0.6829401409,9.5157765858,2.84,87.589729,153.4325893314,-11.6606978241,12.8133174706,-66.4,93.833429,31.553311612,-1.9791832832,1.7168744821,-8.85,88.884933,19.3280927249,-1.8684987095,-1.3014294351,-18.04,94.48773,-1.0988465410807404,3,组件品牌和系统集成经验尚在，但规模、盈利与资产负债表削弱护城河,fail,fail,fail,fail,pass,2025年年度报告,2026-04-29,http://www.cninfo.com.cn/new/disclosure/detail?stockCode=002506&announcementId=1225233357&orgId=9900015881&announcementTime=2026-04-29,https://static.cninfo.com.cn/finalpage/2026-04-29/1225233357.PDF,,https://emweb.securities.eastmoney.com/PC_HSF10/NewFinanceAnalysis/ZYZBAjaxNew?type=0&code=SZ002506,https://qt.gtimg.cn/q=sz002506,一致,财务=东方财富F10(AkShare)并附巨潮2025年报；动态PE/PB=腾讯2026-07-24；市值已由腾讯/东方财富双源核对,1,0,False,3.5,63,0F708D0FC842B223DBB28D5C54AAD96D1D649728EF47CBB877D90CEDCAF8EBAF,淘汰/观察,亏损/动态PE无意义；ROE不足且无明确改善；经营现金流/净利不达70%或仍亏损；负债率越线
603063,禾望电气,风电-变流器,中,风电/光伏电能变换设备,29.35,20260724161456,136.23,28.57,2.56,37.5201774936,5.0224781696,4.8812742331,13.62,44.532632,37.3328549202,4.4057895924,2.7228008077,10.71,44.633095,41.6791822601,5.3102307222,4.1585835677,11.17,43.310181,7.735111384,1.0536097425,-0.6813354794,2.37,42.733207,5.7377417487,0.5112132306,-2.0899063776,0.99,41.889378,0.7831267199586238,4,风电变流器技术、客户认证和运行数据积累，细分份额较强,pass,near,pass,pass,pass,深圳市禾望电气股份有限公司2025年年度报告,2026-03-26,http://www.cninfo.com.cn/new/disclosure/detail?stockCode=603063&announcementId=1225032683&orgId=9900031488&announcementTime=2026-03-26,https://static.cninfo.com.cn/finalpage/2026-03-26/1225032683.PDF,,https://emweb.securities.eastmoney.com/PC_HSF10/NewFinanceAnalysis/ZYZBAjaxNew?type=0&code=SH603063,https://qt.gtimg.cn/q=sh603063,一致,财务=东方财富F10(AkShare)并附巨潮2025年报；动态PE/PB=腾讯2026-07-24；市值已由腾讯/东方财富双源核对,4,1,True,11.0,63,0F708D0FC842B223DBB28D5C54AAD96D1D649728EF47CBB877D90CEDCAF8EBAF,淘汰/观察,合格但在护城河/纯度/估值二次收紧中落后
002310,东方新能,光伏发电-运营,高,新能源电站运营与开发,2.19,20260724161427,131.39,-154.89,5.48,5.6915899038,-50.8297343164,-2.5172495917,0.0,97.07131,8.7689168377,-36.0347502755,-1.0351446172,207.1,28.882484,3.4249665385,-0.7587241682,0.9149057899,-4.58,45.058298,0.0719168568,-0.0487796569,-0.2882127535,-0.32,21.072105,0.3155273653,-0.1383132572,0.6776779793,-0.58,43.116789,-1.2058476957054445,2,新能源资产可复制，规模与成本优势尚不足以证明,fail,fail,fail,pass,fail,2025年年度报告,2026-04-30,http://www.cninfo.com.cn/new/disclosure/detail?stockCode=002310&announcementId=1225273589&orgId=9900009031&announcementTime=2026-04-30 19:03:57,https://static.cninfo.com.cn/finalpage/2026-04-30/1225273589.PDF,,https://emweb.securities.eastmoney.com/PC_HSF10/NewFinanceAnalysis/ZYZBAjaxNew?type=0&code=SZ002310,https://qt.gtimg.cn/q=sz002310,一致,财务=东方财富F10(AkShare)并附巨潮2025年报；动态PE/PB=腾讯2026-07-24；市值已由腾讯/东方财富双源核对,1,0,False,4.0,63,0F708D0FC842B223DBB28D5C54AAD96D1D649728EF47CBB877D90CEDCAF8EBAF,淘汰/观察,亏损/动态PE无意义；ROE不足且无明确改善；经营现金流/净利不达70%或仍亏损；护城河不足3星
601619,嘉泽新能,风光发电-运营,高,风电、光伏项目开发运营,4.44,20260724161446,129.33,21.34,1.64,24.0304352662,8.0306186609,14.8258687917,12.99,67.533151,24.2191473087,6.3012388282,17.8596355051,9.41,69.344383,24.9946713066,7.1423135807,27.4987951044,9.99,65.13179,6.606981138,2.3961698254,2.9162113915,3.41,69.349764,5.9403194856,1.3134493159,2.704965494,1.64,64.792512,3.850124304078079,3,项目开发、融资与运维经验，资源壁垒中等且无定价权,pass,pass_relaxed_heavy_asset,pass,pass_relaxed_utility,pass,嘉泽新能源股份有限公司2025年年度报告,2026-03-28,http://www.cninfo.com.cn/new/disclosure/detail?stockCode=601619&announcementId=1225047583&orgId=9900031909&announcementTime=2026-03-28,https://static.cninfo.com.cn/finalpage/2026-03-28/1225047583.PDF,,https://emweb.securities.eastmoney.com/PC_HSF10/NewFinanceAnalysis/ZYZBAjaxNew?type=0&code=SH601619,https://qt.gtimg.cn/q=sh601619,一致,财务=东方财富F10(AkShare)并附巨潮2025年报；动态PE/PB=腾讯2026-07-24；市值已由腾讯/东方财富双源核对,5,0,True,12.5,63,0F708D0FC842B223DBB28D5C54AAD96D1D649728EF47CBB877D90CEDCAF8EBAF,淘汰/观察,合格但在护城河/纯度/估值二次收紧中落后
001258,立新能源,风光发电-运营,高,风电与光伏电站运营,13.03,20260724161409,121.61,120.67,4.02,9.8976862474,1.3521625225,5.0395564726,4.66,69.390291,9.7067850971,0.501820518,3.5591571672,1.72,80.923265,10.5992601026,0.8507852621,5.9647546394,2.87,75.913255,2.1678597562,-0.0936406216,0.3757820705,-0.32,81.459534,2.6490684231,0.0634027573,0.742732678,0.21,76.215935,7.010881482216968,3,新疆资源和国企项目获取能力，区域集中且无定价权,fail,fail,pass,fail,pass,2025年年度报告,2026-04-23,http://www.cninfo.com.cn/new/disclosure/detail?stockCode=001258&announcementId=1225150997&orgId=9900046967&announcementTime=2026-04-23,https://static.cninfo.com.cn/finalpage/2026-04-23/1225150997.PDF,,https://emweb.securities.eastmoney.com/PC_HSF10/NewFinanceAnalysis/ZYZBAjaxNew?type=0&code=SZ001258,https://qt.gtimg.cn/q=sz001258,一致,财务=东方财富F10(AkShare)并附巨潮2025年报；动态PE/PB=腾讯2026-07-24；市值已由腾讯/东方财富双源核对,2,0,False,6.5,63,0F708D0FC842B223DBB28D5C54AAD96D1D649728EF47CBB877D90CEDCAF8EBAF,淘汰/观察,动态PE偏高；ROE不足且无明确改善；负债率越线
601222,林洋能源,光伏发电/智能电表,中,分布式光伏电站与智能电表双主业,5.54,20260724161446,113.08,62.53,0.75,68.721016813,10.3132569738,3.4124470496,6.88,32.788629,67.4238956251,7.5288244455,9.7319670813,4.85,36.253412,48.7559154708,2.4425491154,6.1887520467,1.59,39.183974,11.2381179146,1.2361390164,-4.467550249,0.8,36.223932,15.060552518,0.6021370916,-4.9625729886,0.39,36.680344,2.5337267560683254,3,智能电表客户与分布式电站经验，双主业且发电资产可复制,fail,fail,pass,pass,pass,江苏林洋能源股份有限公司2025年年度报告,2026-04-30,http://www.cninfo.com.cn/new/disclosure/detail?stockCode=601222&announcementId=1225262743&orgId=9900021223&announcementTime=2026-04-30,https://static.cninfo.com.cn/finalpage/2026-04-30/1225262743.PDF,,https://emweb.securities.eastmoney.com/PC_HSF10/NewFinanceAnalysis/ZYZBAjaxNew?type=0&code=SH601222,https://qt.gtimg.cn/q=sh601222,一致,财务=东方财富F10(AkShare)并附巨潮2025年报；动态PE/PB=腾讯2026-07-24；市值已由腾讯/东方财富双源核对,3,0,False,7.5,63,0F708D0FC842B223DBB28D5C54AAD96D1D649728EF47CBB877D90CEDCAF8EBAF,淘汰/观察,动态PE偏高；ROE不足且无明确改善
002617,露笑科技,光伏发电-运营,低,业务多元，持有光伏电站资产,5.78,20260724161457,110.35,59.69,1.71,27.7231490425,1.3095487238,4.5467247691,2.22,37.167511,37.1673419362,2.5801707087,-4.2055331688,4.2,40.191609,36.7211467232,2.1203220424,2.2057250529,3.41,39.751889,8.5939022769,0.9806398484,-0.197102599,1.59,39.75553,9.5667096012,0.7091501837,1.0686284245,1.11,39.103796,1.0402783203646424,2,业务多元且光伏电站非核心，难证明持久主题护城河,fail,fail,pass,pass,fail,2025年年度报告,2026-04-29,http://www.cninfo.com.cn/new/disclosure/detail?stockCode=002617&announcementId=1225236695&orgId=9900021430&announcementTime=2026-04-29,https://static.cninfo.com.cn/finalpage/2026-04-29/1225236695.PDF,,https://emweb.securities.eastmoney.com/PC_HSF10/NewFinanceAnalysis/ZYZBAjaxNew?type=0&code=SZ002617,https://qt.gtimg.cn/q=sz002617,一致,财务=东方财富F10(AkShare)并附巨潮2025年报；动态PE/PB=腾讯2026-07-24；市值已由腾讯/东方财富双源核对,2,0,False,5.0,63,0F708D0FC842B223DBB28D5C54AAD96D1D649728EF47CBB877D90CEDCAF8EBAF,淘汰/观察,动态PE偏高；ROE不足且无明确改善；护城河不足3星；主题收入纯度低
301232,飞沃科技,风电-紧固件,高,风电叶片紧固件,104.79,20260724161436,110.17,245.0,7.78,16.435248958,0.562540647,-1.0658369161,5.03,48.769655,17.9487047537,-1.5734227506,-1.241014534,-10.81,61.475036,25.6760664103,0.3778981291,-1.0111430756,2.72,68.170622,4.4606858808,-0.0266580299,-0.4995558838,-0.19,63.611331,5.8965319041,0.045099629,-0.6100060172,0.32,69.881049,-2.675702782673554,3,风电紧固件客户认证和工艺积累，但客户集中且细分空间有限,fail,fail,fail,fail,pass,2025年年度报告,2026-04-14,http://www.cninfo.com.cn/new/disclosure/detail?stockCode=301232&announcementId=1225100013&orgId=gfbj0839826&announcementTime=2026-04-14,https://static.cninfo.com.cn/finalpage/2026-04-14/1225100013.PDF,,https://emweb.securities.eastmoney.com/PC_HSF10/NewFinanceAnalysis/ZYZBAjaxNew?type=0&code=SZ301232,https://qt.gtimg.cn/q=sz301232,一致,财务=东方财富F10(AkShare)并附巨潮2025年报；动态PE/PB=腾讯2026-07-24；市值已由腾讯/东方财富双源核对,1,0,False,4.5,63,0F708D0FC842B223DBB28D5C54AAD96D1D649728EF47CBB877D90CEDCAF8EBAF,淘汰/观察,动态PE偏高；ROE不足且无明确改善；经营现金流/净利不达70%或仍亏损；负债率越线
300093,金刚光伏,光伏-电池组件,中,聚焦异质结电池片及组件主营业务,20.3,20260724161412,109.62,41.26,5.63,5.8044745969,-3.6176415398,-1.2653270918,-25346.35,99.009837,1.2367462728,-7.9525396298,-3.0676670653,,129.485185,3.0103168844,2.0306661693,-2.0571979579,,27.652784,0.7307243102,-1.2626535749,-0.2829575647,,134.083334,0.6815700157,-0.6367399226,0.1250015722,-3.2226,34.56817,-1.0130655589781878,3,异质结量产布局具技术选择权，但成本、规模和持续经营能力尚未验证,fail,fail,fail,pass,pass,2025年年度报告,2026-04-03,http://www.cninfo.com.cn/new/disclosure/detail?stockCode=300093&announcementId=1225078302&orgId=9900012451&announcementTime=2026-04-03,https://static.cninfo.com.cn/finalpage/2026-04-03/1225078302.PDF,,https://emweb.securities.eastmoney.com/PC_HSF10/NewFinanceAnalysis/ZYZBAjaxNew?type=0&code=SZ300093,https://qt.gtimg.cn/q=sz300093,一致,财务=东方财富F10(AkShare)并附巨潮2025年报；动态PE/PB=腾讯2026-07-24；市值已由腾讯/东方财富双源核对,2,0,False,5.5,63,0F708D0FC842B223DBB28D5C54AAD96D1D649728EF47CBB877D90CEDCAF8EBAF,淘汰/观察,动态PE偏高；ROE不足且无明确改善；经营现金流/净利不达70%或仍亏损
601026,道生天合,风电-复材,高,风电叶片复合材料供应商,14.64,20260724161454,96.54,47.68,3.88,32.0170269293,1.5481056612,-0.377322681,9.79,52.521175,32.3800310771,1.5483189576,4.0128911162,9.0,52.891534,34.9551299893,2.0264897929,0.8418296646,10.06,36.685788,8.3452128723,0.3108026996,-3.129559883,1.71,51.896575,6.7593612599,0.3091463773,-3.1824191485,1.18,36.59791,0.41541273365867937,3,复材配方和客户认证形成一定黏性，上市历史短且规模待验证,fail,near,fail,pass,pass,道生天合2025年年度报告,2026-04-23,http://www.cninfo.com.cn/new/disclosure/detail?stockCode=601026&announcementId=1225145565&orgId=9900046850&announcementTime=2026-04-23,https://static.cninfo.com.cn/finalpage/2026-04-23/1225145565.PDF,,https://emweb.securities.eastmoney.com/PC_HSF10/NewFinanceAnalysis/ZYZBAjaxNew?type=0&code=SH601026,https://qt.gtimg.cn/q=sh601026,一致,财务=东方财富F10(AkShare)并附巨潮2025年报；动态PE/PB=腾讯2026-07-24；市值已由腾讯/东方财富双源核对,2,1,False,7.5,63,0F708D0FC842B223DBB28D5C54AAD96D1D649728EF47CBB877D90CEDCAF8EBAF,淘汰/观察,动态PE偏高；经营现金流/净利不达70%或仍亏损
002079,苏州固锝,光伏-辅材,中,"半导体领域:专注于功率半导体封测、器件和集成电路封装测试代工领域,在二极管制造方面具有世界一流水平;光伏领域:导电银浆",8.53,20260724161454,77.49,63.45,1.91,40.8735453252,1.5328844018,2.1752530103,5.45,25.287551,56.4737581712,0.7192122994,0.7971142331,2.43,26.903362,39.5993627517,0.7343850075,5.2312511136,2.39,17.602339,9.0319431868,0.3628008149,-0.1626094167,1.19,24.993324,12.7938068507,0.8496942595,-2.7932581468,2.7,17.954333,7.123308700715817,3,功率半导体封测与光伏银浆工艺积累，光伏主题收入纯度有限,fail,fail,pass,pass,pass,2025年年度报告,2026-04-29,http://www.cninfo.com.cn/new/disclosure/detail?stockCode=002079&announcementId=1225234164&orgId=9900001221&announcementTime=2026-04-29,https://static.cninfo.com.cn/finalpage/2026-04-29/1225234164.PDF,,https://emweb.securities.eastmoney.com/PC_HSF10/NewFinanceAnalysis/ZYZBAjaxNew?type=0&code=SZ002079,https://qt.gtimg.cn/q=sz002079,一致,财务=东方财富F10(AkShare)并附巨潮2025年报；动态PE/PB=腾讯2026-07-24；市值已由腾讯/东方财富双源核对,3,0,False,7.5,63,0F708D0FC842B223DBB28D5C54AAD96D1D649728EF47CBB877D90CEDCAF8EBAF,淘汰/观察,动态PE偏高；ROE不足且无明确改善
002272,川润股份,风电-液压润滑,中,风电液压润滑与锅炉部件,15.12,20260724161427,73.31,-263.65,5.02,16.6356399065,-0.6359712206,0.8826178972,-4.44,56.455598,15.9692879188,-1.1568961741,-1.301482728,-7.49,53.407138,17.5019675335,-0.2491423376,0.7018110641,-1.66,56.266014,3.1202661482,-0.2798509542,-0.1609068439,-1.87,55.325006,3.2847798771,-0.3087779912,-0.3495104852,-2.09,58.659007,-2.8169080809812552,3,风电液压润滑客户认证和工况经验，规模小且锅炉业务分散资源,fail,fail,fail,pass,pass,2025年年度报告,2026-04-15,http://www.cninfo.com.cn/new/disclosure/detail?stockCode=002272&announcementId=1225104790&orgId=9900005281&announcementTime=2026-04-15,https://static.cninfo.com.cn/finalpage/2026-04-15/1225104790.PDF,,https://emweb.securities.eastmoney.com/PC_HSF10/NewFinanceAnalysis/ZYZBAjaxNew?type=0&code=SZ002272,https://qt.gtimg.cn/q=sz002272,一致,财务=东方财富F10(AkShare)并附巨潮2025年报；动态PE/PB=腾讯2026-07-24；市值已由腾讯/东方财富双源核对,2,0,False,5.5,63,0F708D0FC842B223DBB28D5C54AAD96D1D649728EF47CBB877D90CEDCAF8EBAF,淘汰/观察,亏损/动态PE无意义；ROE不足且无明确改善；经营现金流/净利不达70%或仍亏损
000595,新能股份,风电-运营,中,"风力发电、光伏发电及储能电站的投资开发和运营管理,以及船舶电器的生产与销售",6.07,20260724161406,69.12,72.7,14.28,2.9793469674,-1.621334035,-0.2971164865,-28.58,50.487377,6.2792235202,-1.0679778039,1.9562218981,-9.45,60.413199,6.6544978351,0.8332087364,6.2813683048,7.56,89.421607,1.4134979163,-0.0977919066,-0.0592015628,-0.93,67.663873,1.9063419208,0.0197057069,1.1317790461,0.41,89.505873,7.538769134778362,3,风光储项目运营经验与区域资产，规模较小且船舶电器业务分散,fail,near,pass,fail,pass,2025年年度报告,2026-04-18,http://www.cninfo.com.cn/new/disclosure/detail?stockCode=000595&announcementId=1225123520&orgId=gssz0000595&announcementTime=2026-04-18,https://static.cninfo.com.cn/finalpage/2026-04-18/1225123520.PDF,,https://emweb.securities.eastmoney.com/PC_HSF10/NewFinanceAnalysis/ZYZBAjaxNew?type=0&code=SZ000595,https://qt.gtimg.cn/q=sz000595,一致,财务=东方财富F10(AkShare)并附巨潮2025年报；动态PE/PB=腾讯2026-07-24；市值已由腾讯/东方财富双源核对,2,1,False,6.5,63,0F708D0FC842B223DBB28D5C54AAD96D1D649728EF47CBB877D90CEDCAF8EBAF,淘汰/观察,动态PE偏高；负债率越线
002218,拓日新能,光伏-组件/电站,高,光伏电池组件与电站业务,4.2,20260724161409,59.15,-29.8,1.51,11.2702981213,0.2310909861,0.8371021101,0.55,36.89696,13.2174676822,0.1078782199,1.6455556593,0.26,38.505885,10.2728788401,-1.9901149911,2.8250780369,-4.87,38.92937,2.5367564448,-0.4081443594,-0.3751235382,-0.98,39.615018,2.3081061891,-0.4030305086,0.2831832598,-1.02,38.694692,-1.4195551762255152,2,组件与电站规模较小，产品和资产可复制,fail,fail,fail,pass,fail,2025年年度报告,2026-04-23,http://www.cninfo.com.cn/new/disclosure/detail?stockCode=002218&announcementId=1225145627&orgId=9900004281&announcementTime=2026-04-23,https://static.cninfo.com.cn/finalpage/2026-04-23/1225145627.PDF,,https://emweb.securities.eastmoney.com/PC_HSF10/NewFinanceAnalysis/ZYZBAjaxNew?type=0&code=SZ002218,https://qt.gtimg.cn/q=sz002218,一致,财务=东方财富F10(AkShare)并附巨潮2025年报；动态PE/PB=腾讯2026-07-24；市值已由腾讯/东方财富双源核对,1,0,False,4.0,63,0F708D0FC842B223DBB28D5C54AAD96D1D649728EF47CBB877D90CEDCAF8EBAF,淘汰/观察,亏损/动态PE无意义；ROE不足且无明确改善；经营现金流/净利不达70%或仍亏损；护城河不足3星
688290,景业智能,核电-机器人,高,核工业智能装备与机器人,52.43,20260724161441,53.58,-185.71,4.0,2.5544235856,0.3468678054,0.2233495117,3.06,19.692357,2.7572567321,0.3760003713,0.2919592149,3.0,18.098208,1.9970827249,-0.319770186,1.1690212204,-2.53,27.559313,0.2153580946,-0.1087297176,-0.4173023516,-0.79,18.646369,0.5798243504,-0.0774682104,-0.550841926,-0.58,25.706766,-3.65581680713661,4,核工业机器人资质、远程运维技术与客户验证壁垒较高,fail,fail,fail,pass,pass,景业智能2025年年度报告,2026-04-20,http://www.cninfo.com.cn/new/disclosure/detail?stockCode=688290&announcementId=1225124077&orgId=9900048388&announcementTime=2026-04-20,https://static.cninfo.com.cn/finalpage/2026-04-20/1225124077.PDF,,https://emweb.securities.eastmoney.com/PC_HSF10/NewFinanceAnalysis/ZYZBAjaxNew?type=0&code=SH688290,https://qt.gtimg.cn/q=sh688290,一致,财务=东方财富F10(AkShare)并附巨潮2025年报；动态PE/PB=腾讯2026-07-24；市值已由腾讯/东方财富双源核对,2,0,False,7.0,63,0F708D0FC842B223DBB28D5C54AAD96D1D649728EF47CBB877D90CEDCAF8EBAF,淘汰/观察,亏损/动态PE无意义；ROE不足且无明确改善；经营现金流/净利不达70%或仍亏损
000862,银星能源,风电-运营,高,宁夏风电与新能源运营,5.56,20260724161409,51.04,186.45,1.17,13.090640526,1.6040232028,6.3323184852,4.61,55.613799,12.6564942762,0.8691351894,5.3536058671,2.07,53.565178,13.0951310688,0.4446485394,12.2160243155,1.04,49.334842,3.0910673542,0.725687513,1.2070865058,1.69,53.258802,3.0972328585,0.5547813088,0.1349230518,1.29,49.208274,27.47343853188872,3,宁夏风资源与央企背景，规模较小且区域集中,fail,fail,pass,pass,pass,2025年年度报告,2026-03-26,http://www.cninfo.com.cn/new/disclosure/detail?stockCode=000862&announcementId=1225031039&orgId=gssz0000862&announcementTime=2026-03-26,https://static.cninfo.com.cn/finalpage/2026-03-26/1225031039.PDF,,https://emweb.securities.eastmoney.com/PC_HSF10/NewFinanceAnalysis/ZYZBAjaxNew?type=0&code=SZ000862,https://qt.gtimg.cn/q=sz000862,一致,财务=东方财富F10(AkShare)并附巨潮2025年报；动态PE/PB=腾讯2026-07-24；市值已由腾讯/东方财富双源核对,3,0,False,8.5,63,0F708D0FC842B223DBB28D5C54AAD96D1D649728EF47CBB877D90CEDCAF8EBAF,淘汰/观察,动态PE偏高；ROE不足且无明确改善
301168,通灵股份,光伏-电池组件,中,"太阳能光伏组件接线盒及其他配件等产品的研发、生产和销售,以及汽车内外饰件等汽车零部件产品的研发、生产和销售",39.52,20260724161433,47.42,647.7,2.23,15.403795436,1.64988958,0.3305772368,8.14,35.783414,15.8717544333,0.7139504396,-0.711105493,3.39,36.194542,13.504936098,0.2559670613,-0.0052568645,1.21,36.469673,4.1936483764,0.2088067401,0.4959379982,1.03,38.771349,2.1512374303,0.0260592665,0.4970272234,0.12,34.000069,-0.020537269417797547,3,光伏接线盒专利、客户认证与量产经验，产品单一且议价权有限,fail,fail,fail,pass,pass,2025年年度报告,2026-04-29,http://www.cninfo.com.cn/new/disclosure/detail?stockCode=301168&announcementId=1225248089&orgId=gfbj0833666&announcementTime=2026-04-29,https://static.cninfo.com.cn/finalpage/2026-04-29/1225248089.PDF,,https://emweb.securities.eastmoney.com/PC_HSF10/NewFinanceAnalysis/ZYZBAjaxNew?type=0&code=SZ301168,https://qt.gtimg.cn/q=sz301168,一致,财务=东方财富F10(AkShare)并附巨潮2025年报；动态PE/PB=腾讯2026-07-24；市值已由腾讯/东方财富双源核对,2,0,False,5.5,63,0F708D0FC842B223DBB28D5C54AAD96D1D649728EF47CBB877D90CEDCAF8EBAF,淘汰/观察,动态PE偏高；ROE不足且无明确改善；经营现金流/净利不达70%或仍亏损
000507,珠海港,风电-运营,中,"港口航运及其配套设施、物流供应链、能源环保、港城建设等项目投资及股权投资、玻璃纤维制品项目投资、饮料项目投资,化工原料及化工产品项目投资及社会经济咨询",4.83,20260724161439,44.42,19.22,0.75,54.5605419513,2.7722217122,11.8953442309,4.33,53.97777,51.2496897596,2.9209518533,11.8275032982,4.59,53.057717,43.8684088695,2.4119684404,9.5791557649,4.01,54.481148,11.9262194644,0.7824356874,1.2885885475,1.28,54.988068,10.617843862,0.6819598677,1.8402080868,1.11,53.330111,3.9715095788365273,3,港口和区域能源项目资源形成一定壁垒，但风电只是多元业务之一,pass,fail,pass,pass,pass,2025年年度报告,2026-04-29,http://www.cninfo.com.cn/new/disclosure/detail?stockCode=000507&announcementId=1225230335&orgId=gssz0000507&announcementTime=2026-04-29,https://static.cninfo.com.cn/finalpage/2026-04-29/1225230335.PDF,,https://emweb.securities.eastmoney.com/PC_HSF10/NewFinanceAnalysis/ZYZBAjaxNew?type=0&code=SZ000507,https://qt.gtimg.cn/q=sz000507,一致,财务=东方财富F10(AkShare)并附巨潮2025年报；动态PE/PB=腾讯2026-07-24；市值已由腾讯/东方财富双源核对,4,0,False,9.5,63,0F708D0FC842B223DBB28D5C54AAD96D1D649728EF47CBB877D90CEDCAF8EBAF,淘汰/观察,ROE不足且无明确改善
002480,新筑股份,光伏发电-运营,中,新能源发电资产与轨交业务,5.23,20260724161448,40.23,-21.36,4.99,25.0942141373,-3.4240032174,12.2719711573,-21.5,80.843395,24.8315661179,-4.0914595494,0.9834647582,-33.51,84.875066,14.908942888,-1.6845704666,6.0321485653,-18.08,84.45779,3.3499736774,-0.1805665662,-0.9633518478,-1.79,84.737662,3.2894302676,-0.3793805787,-1.1095876495,-4.6,84.11235,-3.5808229367067073,2,新能源与轨交双主业，持续亏损下尚无可验证护城河,fail,fail,fail,fail,fail,2025年年度报告,2026-04-17,http://www.cninfo.com.cn/new/disclosure/detail?stockCode=002480&announcementId=1225111474&orgId=9900014609&announcementTime=2026-04-17,https://static.cninfo.com.cn/finalpage/2026-04-17/1225111474.PDF,,https://emweb.securities.eastmoney.com/PC_HSF10/NewFinanceAnalysis/ZYZBAjaxNew?type=0&code=SZ002480,https://qt.gtimg.cn/q=sz002480,一致,财务=东方财富F10(AkShare)并附巨潮2025年报；动态PE/PB=腾讯2026-07-24；市值已由腾讯/东方财富双源核对,0,0,False,1.0,63,0F708D0FC842B223DBB28D5C54AAD96D1D649728EF47CBB877D90CEDCAF8EBAF,淘汰/观察,亏损/动态PE无意义；ROE不足且无明确改善；经营现金流/净利不达70%或仍亏损；负债率越线；护城河不足3星
300317,珈伟新能,光伏-照明/电站,中,光伏照明、组件及电站业务,4.23,20260724161448,35.12,-19.12,2.47,8.5364682245,0.1591461039,-3.6837550492,0.86,36.700402,4.8988599793,-2.7698881061,-2.0950482603,-16.03,44.862485,6.3078532398,-1.8373558511,-0.0759395693,-12.19,53.310262,2.0518291077,0.0251221807,-0.8823874911,0.16,42.711766,2.4692982955,0.025733214,0.2380979536,0.18,51.957207,0.04133089910402278,2,照明、组件与电站业务分散，规模和财务稳定性不足,fail,fail,fail,pass,fail,2025年年度报告,2026-04-25,http://www.cninfo.com.cn/new/disclosure/detail?stockCode=300317&announcementId=1225187447&orgId=9900022019&announcementTime=2026-04-25,https://static.cninfo.com.cn/finalpage/2026-04-25/1225187447.PDF,,https://emweb.securities.eastmoney.com/PC_HSF10/NewFinanceAnalysis/ZYZBAjaxNew?type=0&code=SZ300317,https://qt.gtimg.cn/q=sz300317,一致,财务=东方财富F10(AkShare)并附巨潮2025年报；动态PE/PB=腾讯2026-07-24；市值已由腾讯/东方财富双源核对,1,0,False,3.0,63,0F708D0FC842B223DBB28D5C54AAD96D1D649728EF47CBB877D90CEDCAF8EBAF,淘汰/观察,亏损/动态PE无意义；ROE不足且无明确改善；经营现金流/净利不达70%或仍亏损；护城河不足3星
