name,code,market,subsector,purity,business_one_liner,main_business_eastmoney,entry_categories,entry_reason,market_cap_tencent_yi,market_cap_eastmoney_yi,market_cap_diff_pct,market_cap_crosscheck,market_cap_calculated_yi,market_cap_formula_diff_pct,price,quote_time,avg_turnover_30d_yi,return_30d_pct,return_90d_pct,rank_a_turnover_30d,rank_b_return_30d,rank_b_return_90d,rank_c_market_cap,trading_sessions_30d,source_business_url,source_quote_eastmoney_url,source_quote_tencent_url,day_change_pct,day_turnover_yi,eastmoney_industry,eastmoney_price,float_market_cap_tencent_yi,history_last_date,official_name,pb,pe_dynamic,purity_note,selected_layer1,top_a_turnover_30d,top_b_return_30d,top_b_return_90d,top_c_market_cap,total_shares_eastmoney,turnover_rate_pct
阳光电源,300274,A股-SZ,风光-逆变器,高,光伏逆变器、储能及新能源电站系统,专注于太阳能、风能、储能、氢能、电动汽车及充电等新能源电源设备的研发、生产、销售和服务,A/C,30日均成交额第3，91.30亿元/日；主题市值第1，2351.44亿元,2351.44,2351.4363971008,0.00015322097097542956,一致,2351.4363971008,0.00015322097097542956,113.42,20260724161427,91.3006844090909,-26.7312661498708,-15.225353165408476,3,133,26,1,22,https://emweb.securities.eastmoney.com/PC_HSF10/CompanySurvey/Index?type=web&code=SZ300274,https://quote.eastmoney.com/sz300274.html,https://qt.gtimg.cn/q=sz300274,-3.71,63.847,电气设备-电源设备-太阳能,113.42,1800.57,2026-07-24,阳光电源,4.98,19.72,,True,True,False,False,True,2073211424.0,3.47
中国广核,003816,A股-SZ,核电-运营,高,核电站建设、运营和售电,"建设、运营及管理核电站,销售该等核电站所发电力,组织开发核电站的设计及科研工作。",B/C,30日涨幅第8（1.75%）；主题市值第2，2050.25亿元,2050.25,2050.2515116229997,7.37287159963295e-05,一致,2050.251511623,7.37287160185096e-05,4.06,20260724161448,4.391025727272727,1.7543859649122806,-12.5,55,8,23,2,22,https://emweb.securities.eastmoney.com/PC_HSF10/CompanySurvey/Index?type=web&code=SZ003816,https://quote.eastmoney.com/sz003816.html,https://qt.gtimg.cn/q=sz003816,-2.4,4.2363,公用事业-电力-其他发电,4.06,1597.01,2026-07-24,中国广核,1.69,21.62,,True,False,True,False,True,50498805705.0,0.26
中国核电,601985,A股-SH,核电-运营,高,核电运营并拓展风光新能源,电力(包括核能发电与风、光发电)销售业务、核电相关技术服务与咨询业务,A/B/C,30日均成交额第25，10.35亿元/日；30日涨幅第9（1.02%）、90日涨幅第9（-1.87%）；主题市值第3，1830.55亿元,1830.55,1830.552184586,0.00011934041682074658,一致,1830.552184586,0.00011934041682074658,8.9,20260724161454,10.353832045454546,1.0215664018161181,-1.8743109151047408,25,9,9,3,22,https://emweb.securities.eastmoney.com/PC_HSF10/CompanySurvey/Index?type=web&code=SH601985,https://quote.eastmoney.com/sh601985.html,https://qt.gtimg.cn/q=sh601985,-2.09,7.6038,公用事业-电力-新能源发电,8.9,1680.61,2026-07-24,中国核电,1.57,22.24,,True,True,True,True,True,20568002074.0,0.45
华电新能,600930,A股-SH,风电-运营,中,风力发电、太阳能发电为主的新能源项目的开发、投资和运营,风力发电、太阳能发电为主的新能源项目的开发、投资和运营,C,主题市值第4，1735.31亿元,1735.31,1735.3142857024002,0.0002469704202844871,一致,1735.3142857024,0.0002469704202713843,4.16,20260724161444,5.643994772727273,-18.271119842829076,-33.546325878594246,42,106,102,4,22,https://emweb.securities.eastmoney.com/PC_HSF10/CompanySurvey/Index?type=web&code=SH600930,https://quote.eastmoney.com/sh600930.html,https://qt.gtimg.cn/q=sh600930,-4.81,11.9308,公用事业-电力-新能源发电,4.16,446.92,2026-07-24,华电新能,1.59,27.1,东方财富行业板块成分；纯度保守标中，需用2025年报分部收入量化,True,False,False,False,True,41714285714.0,2.63
华润新能源,001248,A股-SZ,风电-运营,中,投资、开发、运营和管理风力、太阳能发电站,投资、开发、运营和管理风力、太阳能发电站,A/C,30日均成交额第4，45.17亿元/日；主题市值第5，1651.70亿元,1651.7,1651.70165722,0.00010033420112429852,一致,1651.70165722,0.00010033420112429852,12.7,20260724161409,45.16683211764706,-46.97286012526096,-46.97286012526096,4,167,158,5,17,https://emweb.securities.eastmoney.com/PC_HSF10/CompanySurvey/Index?type=web&code=SZ001248,https://quote.eastmoney.com/sz001248.html,https://qt.gtimg.cn/q=sz001248,-6.89,19.6414,公用事业-电力-新能源发电,12.7,134.93,2026-07-24,华润新能源,1.45,30.74,东方财富行业板块成分；纯度保守标中，需用2025年报分部收入量化,True,True,False,False,True,13005524860.0,14.22
龙源电力,001289,A股-SZ,风电-运营,高,大型风电运营商,"能源投资、开发与管理,从事的主要业务包括风力发电、太阳能发电等",B/C,30日涨幅第16（-1.11%）、90日涨幅第11（-3.90%）；主题市值第6，1339.24亿元,1339.24,1339.2425494728,0.00019036713359485717,一致,1339.2425494728,0.00019036713359485717,16.02,20260724161436,1.6824182272727273,-1.1111111111111112,-3.8992201559688064,104,16,11,6,22,https://emweb.securities.eastmoney.com/PC_HSF10/CompanySurvey/Index?type=web&code=SZ001289,https://quote.eastmoney.com/sz001289.html,https://qt.gtimg.cn/q=sz001289,-3.96,1.2483,公用事业-电力-新能源发电,16.02,807.72,2026-07-24,龙源电力,1.76,31.55,,True,False,True,True,True,8359816164.0,0.15
亨通光电,600487,A股-SH,海上风电-海缆,中,通信网络与海洋能源系统,"通信网络业务,能源互联业务",A/C,30日均成交额第1，154.39亿元/日；主题市值第7，1293.13亿元,1293.13,1293.1294603451,4.1732455375280445e-05,一致,1293.1294603451,4.1732455375280445e-05,52.43,20260724161440,154.3858211818182,-55.94858007057638,-24.604544147253378,1,169,56,7,22,https://emweb.securities.eastmoney.com/PC_HSF10/CompanySurvey/Index?type=web&code=SH600487,https://quote.eastmoney.com/sh600487.html,https://qt.gtimg.cn/q=sh600487,-5.82,77.5524,信息技术-通信设备-通信传输设备,52.43,1286.45,2026-07-24,亨通光电,4.07,40.05,,True,True,False,False,True,2466392257.0,5.88
德业股份,605117,A股-SH,光伏-逆变器,中,"研发、设计、生产、销售、服务为一体的制造企业,拥有以逆变器为主的电路控制系列、环境电器系列和热交换器系列三大核心业务,致力于为全球客户提供“智能、健康、节能、环保”的产品和解决方案","研发、设计、生产、销售、服务为一体的制造企业,拥有以逆变器为主的电路控制系列、环境电器系列和热交换器系列三大核心业务,致力于为全球客户提供“智能、健康、节能、环保”的产品和解决方案",A/C,30日均成交额第14，17.15亿元/日；主题市值第8，1126.17亿元,1126.17,1126.172851342,0.0002531893053433655,一致,1126.172851342,0.0002531893053433655,88.45,20260724161441,17.153181272727274,-11.328320802005013,-39.75616401035281,14,63,139,8,22,https://emweb.securities.eastmoney.com/PC_HSF10/CompanySurvey/Index?type=web&code=SH605117,https://quote.eastmoney.com/sh605117.html,https://qt.gtimg.cn/q=sh605117,-0.07,24.1102,家电-其他家电-其他家电,88.45,1126.17,2026-07-24,德业股份,11.34,30.83,东方财富行业板块成分；纯度保守标中，需用2025年报分部收入量化,True,True,False,False,True,1273231036.0,2.1
华能国际,600011,A股-SH,海上风电/综合电力,低,大型综合发电商，风光为转型业务,"利用现代化的技术和设备,利用国内外资金,在国内外开发、建设和运营大型燃煤、燃气发电厂、新能源发电项目及配套港口、航运、增量配电网等设施,为社会提供电力、热力及综合能源服务。",A/B/C,30日均成交额第20，11.59亿元/日；90日涨幅第4（1.58%）；主题市值第9，1112.99亿元,1112.99,1112.9948191531,0.00043299159022234553,一致,1112.9948191531,0.00043299159022234553,7.09,20260724161457,11.588193,-4.704301075268817,1.5759312320916905,20,31,4,9,22,https://emweb.securities.eastmoney.com/PC_HSF10/CompanySurvey/Index?type=web&code=SH600011,https://quote.eastmoney.com/sh600011.html,https://qt.gtimg.cn/q=sh600011,-4.58,12.5009,公用事业-电力-火电,7.09,779.74,2026-07-24,华能国际,1.75,8.0,,True,True,False,True,True,15698093359.0,1.58
三峡能源,600905,A股-SH,海上风电/风光-运营,高,风电和太阳能发电，海风装机重要,风能、太阳能的开发、投资和运营,B/C,30日涨幅第19（-1.53%）、90日涨幅第14（-6.08%）；主题市值第10，1103.48亿元,1103.48,1103.4832954812,0.00029864439772214735,一致,1103.4832954812,0.00029864439772214735,3.86,20260724161439,4.692351681818182,-1.530612244897959,-6.082725060827251,53,19,14,10,22,https://emweb.securities.eastmoney.com/PC_HSF10/CompanySurvey/Index?type=web&code=SH600905,https://quote.eastmoney.com/sh600905.html,https://qt.gtimg.cn/q=sh600905,-2.03,4.4328,公用事业-电力-新能源发电,3.86,1103.48,2026-07-24,三峡能源,1.25,47.82,,True,False,True,True,True,28587650142.0,0.4
中天科技,600522,A股-SH,海上风电-海缆,中,通信、电网与海洋系统多元化,"通信、电力、海洋、新能源等领域产品的生产与销售,及海洋工程施工等经营活动",A/B/C,30日均成交额第2，128.74亿元/日；90日涨幅第13（-5.48%）；主题市值第11，1071.32亿元,1071.32,1071.3248957628,0.00045698416906813705,一致,1071.3248957628,0.00045698416906813705,31.39,20260724161447,128.73876363636364,-49.29736714585689,-5.480277024992472,2,168,13,11,22,https://emweb.securities.eastmoney.com/PC_HSF10/CompanySurvey/Index?type=web&code=SH600522,https://quote.eastmoney.com/sh600522.html,https://qt.gtimg.cn/q=sh600522,-4.85,53.7838,信息技术-通信设备-通信传输设备,31.39,1071.32,2026-07-24,中天科技,2.89,33.55,,True,True,False,True,True,3412949652.0,4.95
特变电工,600089,A股-SH,光伏-硅料/综合电气,中,输变电、硅料与新能源电站多元平台,包括输变电业务、新能源业务、能源业务及新材料业务,A/C,30日均成交额第9，25.43亿元/日；主题市值第12，1030.26亿元,1030.26,1030.2644052269,0.00042758399821036874,一致,1030.2644052269,0.00042758399821036874,20.39,20260724161440,25.432396545454544,-13.011945392491468,-24.369436201780417,9,72,53,12,22,https://emweb.securities.eastmoney.com/PC_HSF10/CompanySurvey/Index?type=web&code=SH600089,https://quote.eastmoney.com/sh600089.html,https://qt.gtimg.cn/q=sh600089,-5.29,41.5079,电气设备-输变电设备-其他输变电设备,20.39,1030.26,2026-07-24,特变电工,1.47,16.7,,True,True,False,False,True,5052792571.0,3.97
上海电气,601727,A股-SH,核电设备/综合装备,中,电站设备、工业装备与能源工程,"公司主导产业聚焦能源装备、工业装备、集成服务三大板块,形成了比较完整的工业自动化和工业装备系统,为众多高端设备提供全生命周期服务,引领多能互补、能源互联的发展方向,致力于为全球客户提供绿色、环保、智能、互联于一体的技术集成和系统解决方案。",C,主题市值第13，1013.22亿元,1013.22,1013.2159306671998,0.00040162381321070324,一致,1013.2159306672,0.00040162381318826254,6.52,20260724161459,6.192710045454546,-8.426966292134832,-17.780580075662044,40,49,31,13,22,https://emweb.securities.eastmoney.com/PC_HSF10/CompanySurvey/Index?type=web&code=SH601727,https://quote.eastmoney.com/sh601727.html,https://qt.gtimg.cn/q=sh601727,-3.69,5.3187,电气设备-电源设备-综合电力设备商,6.52,822.54,2026-07-24,上海电气,1.85,78.28,,True,False,False,False,True,15540121636.0,0.64
电投产融,000958,A股-SZ,核电权益/产融,低,产融平台持有核电权益，非纯核电运营商,核能业务及非核能源业务,C,主题市值第14，970.78亿元,970.78,970.7758225089999,0.00043032314222213455,一致,970.775822509,0.00043032314221042365,5.3,20260724161427,1.2233155454545455,-7.504363001745201,-12.106135986733001,118,44,22,14,22,https://emweb.securities.eastmoney.com/PC_HSF10/CompanySurvey/Index?type=web&code=SZ000958,https://quote.eastmoney.com/sz000958.html,https://qt.gtimg.cn/q=sz000958,-3.28,1.1737,公用事业-电力-新能源发电,5.3,285.32,2026-07-24,电投产融,1.93,29.45,,True,False,False,False,True,18316524953.0,0.41
隆基绿能,601012,A股-SH,光伏-硅片/组件,高,单晶硅片、电池和组件,"单晶硅棒和硅片、电池和组件的研发、生产和销售,以及光伏电站的开发运营等",A/B/C,30日均成交额第15，16.86亿元/日；30日涨幅第12（-0.24%）；主题市值第15，941.20亿元,941.2,941.1961881816001,0.0004049955801085155,一致,941.1961881816,0.0004049955801205945,12.42,20260724161446,16.860846454545456,-0.24096385542168675,-28.579643473260493,15,12,76,15,22,https://emweb.securities.eastmoney.com/PC_HSF10/CompanySurvey/Index?type=web&code=SH601012,https://quote.eastmoney.com/sh601012.html,https://qt.gtimg.cn/q=sh601012,-2.97,13.0913,电气设备-电源设备-太阳能,12.42,941.2,2026-07-24,隆基绿能,1.86,-13.62,,True,True,True,False,True,7578069148.0,1.38
东方电气,600875,A股-SH,风电整机/核电设备,中,发电装备综合平台，覆盖风电与核电,为能源生产及利用提供高端装备及相关服务,A/C,30日均成交额第17，15.79亿元/日；主题市值第16，884.65亿元,884.65,884.6485713907998,0.00016148863394124124,一致,884.6485713908,0.00016148863391553912,25.58,20260724161444,15.794510181818183,-15.799868334430547,-38.31685555823487,17,88,133,16,22,https://emweb.securities.eastmoney.com/PC_HSF10/CompanySurvey/Index?type=web&code=SH600875,https://quote.eastmoney.com/sh600875.html,https://qt.gtimg.cn/q=sh600875,-6.02,13.9086,电气设备-电源设备-综合电力设备商,25.58,578.97,2026-07-24,东方电气,1.96,20.75,,True,True,False,False,True,3458360326.0,2.36
国电电力,600795,A股-SH,风光发电/综合电力,低,大型综合电力平台，新能源占比提升,电力、热力产品的生产和销售。,B/C,30日涨幅第5（4.67%）、90日涨幅第6（0.00%）；主题市值第17，879.30亿元,879.3,879.2960207425999,0.00045254832253304003,一致,879.2960207426,0.00045254832252011076,4.93,20260724161452,6.7092875,4.670912951167728,0.0,37,5,6,17,22,https://emweb.securities.eastmoney.com/PC_HSF10/CompanySurvey/Index?type=web&code=SH600795,https://quote.eastmoney.com/sh600795.html,https://qt.gtimg.cn/q=sh600795,-2.18,7.5426,公用事业-电力-火电,4.93,879.3,2026-07-24,国电电力,1.5,13.03,,True,False,True,True,True,17835619082.0,0.85
中材科技,002080,A股-SZ,风电-叶片,中,玻纤、风电叶片与锂电隔膜,"围绕新能源、新材料、绿色低碳等战略性新兴产业方向,聚焦特种纤维、复合材料、新能源材料三大赛道、秉持“做优玻纤、做强叶片、做大锂膜”的产业发展思路,集中优势资源大力发展玻璃纤维及制品、风电叶片、锂电池隔膜三大主导产业,同时从事高压复合气瓶、膜材料及其他复合材料制品的研发、制造及销售。",A/B/C,30日均成交额第5，39.13亿元/日；90日涨幅第18（-10.09%）；主题市值第18，792.41亿元,792.41,792.4099563648,5.506644284198058e-06,一致,792.4099563648,5.506644284198058e-06,47.22,20260724161457,39.1318375,-44.10511363636363,-10.091393754760091,5,166,18,18,22,https://emweb.securities.eastmoney.com/PC_HSF10/CompanySurvey/Index?type=web&code=SZ002080,https://quote.eastmoney.com/sz002080.html,https://qt.gtimg.cn/q=sz002080,-5.75,17.4572,基础化工-合成纤维及树脂-玻纤,47.22,792.41,2026-07-24,中材科技,4.02,40.36,,True,True,False,True,True,1678123584.0,2.16
金风科技,002202,A股-SZ,风电-整机,高,风机制造、服务与风电场开发,风机制造、风电服务、风电场投资与开发三大主营业务以及水务等其他业务,A/C,30日均成交额第6，35.63亿元/日；主题市值第19，744.23亿元,744.23,744.2315596014,0.00020955906104347917,一致,744.2315596014,0.00020955906104347917,17.62,20260724161436,35.629076727272725,-20.63063063063063,-30.847723704866564,6,118,90,19,22,https://emweb.securities.eastmoney.com/PC_HSF10/CompanySurvey/Index?type=web&code=SZ002202,https://quote.eastmoney.com/sz002202.html,https://qt.gtimg.cn/q=sz002202,-4.08,15.9136,电气设备-电源设备-风能,17.62,592.65,2026-07-24,金风科技,1.87,23.9,,True,True,False,False,True,4223788647.0,2.65
正泰电器,601877,A股-SH,光伏发电/低压电器,中,低压电器与户用分布式光伏,"主要从事配电电器、终端电器、控制电器、电源电器、电子电器、建筑电器和仪器仪表、自动化控制系统的研发、生产和销售;以及光伏电站开发、建设、运营、运维,EPC工程总包,和储能系统、BIPV、户用光伏的开发和建设等业务",C,主题市值第20，525.42亿元,525.42,525.422914632,0.0005547242206342301,一致,525.422914632,0.0005547242206342301,24.45,20260724161451,4.910412136363636,-5.598455598455598,-24.51373880827416,50,37,54,20,22,https://emweb.securities.eastmoney.com/PC_HSF10/CompanySurvey/Index?type=web&code=SH601877,https://quote.eastmoney.com/sh601877.html,https://qt.gtimg.cn/q=sh601877,-3.97,5.635,电气设备-输变电设备-其他输变电设备,24.45,525.42,2026-07-24,正泰电器,1.19,11.41,,True,False,False,False,True,2148968976.0,1.06
晶盛机电,300316,A股-SZ,光伏-加工设备,中,半导体装备、半导体衬底材料、耗材及零部件的研发、生产和销售,半导体装备、半导体衬底材料、耗材及零部件的研发、生产和销售,A/B/C,30日均成交额第16，16.73亿元/日；90日涨幅第19（-10.40%）；主题市值第21，510.85亿元,510.85,510.8491342096999,0.00016948033671543555,一致,510.8491342097,0.0001694803366931811,39.01,20260724161445,16.732957727272726,-31.633368384157027,-10.404225999081305,16,142,19,21,22,https://emweb.securities.eastmoney.com/PC_HSF10/CompanySurvey/Index?type=web&code=SZ300316,https://quote.eastmoney.com/sz300316.html,https://qt.gtimg.cn/q=sz300316,-0.28,6.0284,电气设备-电源设备-太阳能,39.01,480.43,2026-07-24,晶盛机电,3.0,123.28,东方财富行业板块成分；纯度保守标中，需用2025年报分部收入量化,True,True,False,True,True,1309533797.0,1.26
迈为股份,300751,A股-SZ,光伏-加工设备,中,智能制造装备的设计、研发、生产与销售,智能制造装备的设计、研发、生产与销售,A/C,30日均成交额第8，26.15亿元/日；主题市值第22，505.65亿元,505.65,505.6488763760001,0.00022221378421595337,一致,505.648876376,0.00022221378423843666,181.3,20260724161433,26.149725045454545,-20.39517014270033,-19.743249225320938,8,117,38,22,22,https://emweb.securities.eastmoney.com/PC_HSF10/CompanySurvey/Index?type=web&code=SZ300751,https://quote.eastmoney.com/sz300751.html,https://qt.gtimg.cn/q=sz300751,-0.38,11.1995,电气设备-电源设备-太阳能,181.3,349.64,2026-07-24,迈为股份,6.53,74.63,东方财富行业板块成分；纯度保守标中，需用2025年报分部收入量化,True,True,False,False,True,278901752.0,3.21
通威股份,600438,A股-SH,光伏-硅料/电池,中,高纯晶硅、电池片与农牧业务,"在农业方面,公司主营业务为水产饲料、畜禽饲料等产品的研究、生产和销售,用以满足水产、畜禽动物养殖过程中的生长和营养所需;在新能源方面,公司以高纯晶硅、太阳能电池等产品的研发、生产、销售为主;在综合应用端,公司聚焦规模化“渔光一体”基地的开发与建设,全力打造具有核心竞争优势的生态养殖+绿色能源的“渔光一体”模式,加强产业协同发展",C,主题市值第23，501.52亿元,501.52,501.52179071600005,0.00035705774447144465,一致,501.521790716,0.0003570577444601104,11.14,20260724161447,6.746372545454546,-8.986928104575163,-37.59103641456583,36,52,131,23,22,https://emweb.securities.eastmoney.com/PC_HSF10/CompanySurvey/Index?type=web&code=SH600438,https://quote.eastmoney.com/sh600438.html,https://qt.gtimg.cn/q=sh600438,-3.97,4.6635,电气设备-电源设备-太阳能,11.14,501.52,2026-07-24,通威股份,1.43,-5.33,,True,False,False,False,True,4501990940.0,0.91
晶科能源,688223,A股-SH,光伏-组件,高,光伏电池组件一体化,单晶硅棒、硅片切割、电池制备、组件封装在内的光伏业务,C,主题市值第24，415.91亿元,415.91,415.91119657049995,0.00028769938206063436,一致,415.9111965705,0.0002876993820743016,4.05,20260724161437,5.338886272727272,-16.666666666666668,-38.54324734446131,44,95,134,24,22,https://emweb.securities.eastmoney.com/PC_HSF10/CompanySurvey/Index?type=web&code=SH688223,https://quote.eastmoney.com/sh688223.html,https://qt.gtimg.cn/q=sh688223,-5.59,4.0563,电气设备-电源设备-太阳能,4.05,415.91,2026-07-24,晶科能源,1.67,-6.08,,True,False,False,False,True,10269412261.0,0.95
福斯特,603806,A股-SH,光伏-胶膜,高,光伏封装胶膜与背板,薄膜形态功能高分子材料的研发、生产和销售,C,主题市值第25，358.70亿元,358.7,358.702534025,0.0007064468915496403,一致,358.702534025,0.0007064468915496403,13.75,20260724161450,6.384000636363637,-15.592387968078576,-22.535211267605632,39,87,47,25,22,https://emweb.securities.eastmoney.com/PC_HSF10/CompanySurvey/Index?type=web&code=SH603806,https://quote.eastmoney.com/sh603806.html,https://qt.gtimg.cn/q=sh603806,-4.38,3.34,电气设备-电源设备-太阳能,13.75,358.7,2026-07-24,福斯特,2.27,52.72,,True,False,False,False,True,2608745702.0,0.92
大全能源,688303,A股-SH,光伏-设备/材料,中,"主要从事高纯多晶硅的研发、制造与销售。高纯多晶硅是太阳能光伏行业的基础材料,其质量直接影响下游产品的关键性能。","主要从事高纯多晶硅的研发、制造与销售。高纯多晶硅是太阳能光伏行业的基础材料,其质量直接影响下游产品的关键性能。",C,主题市值第26，358.68亿元,358.68,358.6783970528,0.00044690175086783474,一致,358.6783970528,0.00044690175086783474,16.72,20260724161451,2.174373818181818,-7.111111111111111,-26.986899563318776,91,41,67,26,22,https://emweb.securities.eastmoney.com/PC_HSF10/CompanySurvey/Index?type=web&code=SH688303,https://quote.eastmoney.com/sh688303.html,https://qt.gtimg.cn/q=sh688303,-4.18,1.5553,电气设备-电源设备-太阳能,16.72,358.68,2026-07-24,大全能源,0.94,-26.14,东方财富行业板块成分；纯度保守标中，需用2025年报分部收入量化,True,False,False,False,True,2145205724.0,0.43
横店东磁,002056,A股-SZ,光伏-电池组件,中,主要从事磁性材料+器件、光伏+锂电两大产业群相关产品的研发、生产、销售以及提供一站式技术解决方案的服务。,主要从事磁性材料+器件、光伏+锂电两大产业群相关产品的研发、生产、销售以及提供一站式技术解决方案的服务。,A/B/C,30日均成交额第11，20.72亿元/日；90日涨幅第2（11.42%）；主题市值第27，344.54亿元,344.54,344.5376172732,0.0006915675393341348,一致,344.5376172732,0.0006915675393341348,21.18,20260724161442,20.722286136363635,-22.84153005464481,11.415044713308784,11,126,2,27,22,https://emweb.securities.eastmoney.com/PC_HSF10/CompanySurvey/Index?type=web&code=SZ002056,https://quote.eastmoney.com/sz002056.html,https://qt.gtimg.cn/q=sz002056,-2.62,7.2747,电子设备-电子器件-其他电子器件,21.18,344.18,2026-07-24,横店东磁,3.43,19.37,东方财富行业板块成分；纯度保守标中，需用2025年报分部收入量化,True,True,False,True,True,1626712074.0,2.11
TCL中环,002129,A股-SZ,光伏-硅片,高,单晶硅片与新能源材料,"单晶硅棒和硅片、电池和组件、半导体材料和器件的研发、生产和销售,以及光伏电站的开发运营业务等",A/B/C,30日均成交额第7，31.87亿元/日；90日涨幅第7（-1.51%）；主题市值第28，343.66亿元,343.66,343.664840705,0.0014085738811593844,一致,343.664840705,0.0014085738811593844,8.5,20260724161439,31.86597,-10.526315789473685,-1.5063731170336037,7,58,7,28,22,https://emweb.securities.eastmoney.com/PC_HSF10/CompanySurvey/Index?type=web&code=SZ002129,https://quote.eastmoney.com/sz002129.html,https://qt.gtimg.cn/q=sz002129,-4.06,7.8386,电气设备-电源设备-太阳能,8.5,343.37,2026-07-24,TCL中环,1.72,-3.82,,True,True,False,True,True,4043115773.0,2.25
阿特斯,688472,A股-SH,光伏-电池组件,中,光伏组件和大型储能系统产品制造商,光伏组件和大型储能系统产品制造商,C,主题市值第29，338.81亿元,338.81,338.812030416,0.0005992786517591189,一致,338.812030416,0.0005992786517591189,9.3,20260724161457,5.2853212272727275,-14.600550964187327,-28.89908256880734,45,82,81,29,22,https://emweb.securities.eastmoney.com/PC_HSF10/CompanySurvey/Index?type=web&code=SH688472,https://quote.eastmoney.com/sh688472.html,https://qt.gtimg.cn/q=sh688472,-5.3,3.7788,电子设备-电子器件-其他电子器件,9.3,338.81,2026-07-24,阿特斯,1.46,22.77,东方财富行业板块成分；纯度保守标中，需用2025年报分部收入量化,True,False,False,False,True,3643140112.0,1.09
纽威股份,603699,A股-SH,核电-阀门,中,工业阀门，核电为重要高端场景,工业阀门的设计、制造和销售。,C,主题市值第30，324.15亿元,324.15,324.14578007190005,0.0013018442387562666,一致,324.1457800719,0.001301844238773803,41.81,20260724161446,3.537999818181818,-16.24599358974359,-29.77830030231777,67,91,85,30,22,https://emweb.securities.eastmoney.com/PC_HSF10/CompanySurvey/Index?type=web&code=SH603699,https://quote.eastmoney.com/sh603699.html,https://qt.gtimg.cn/q=sh603699,-3.2,2.305,机械设备-通用设备-基础件,41.81,316.98,2026-07-24,纽威股份,7.71,19.26,,True,False,False,False,True,775282899.0,0.72
东方电缆,603606,A股-SH,海上风电-海缆,高,海缆与海洋工程系统,海底电缆、陆地电缆等一系列产品的设计研发、生产制造、安装敷设及运维服务,B,30日涨幅第14（-0.56%）,323.74,323.73733154,0.000824260208808093,一致,323.73733154,0.000824260208808093,39.25,20260724161453,7.5098645,-0.5573853559665569,-39.83752299202943,33,14,140,31,22,https://emweb.securities.eastmoney.com/PC_HSF10/CompanySurvey/Index?type=web&code=SH603606,https://quote.eastmoney.com/sh603606.html,https://qt.gtimg.cn/q=sh603606,-2.02,9.2598,电气设备-输变电设备-电线电缆,39.25,323.74,2026-07-24,东方电缆,3.99,23.77,,True,False,True,False,False,824808488.0,2.79
新天绿能,600956,A股-SH,风电-运营,中,"聚焦于风力发电、光伏发电业务及天然气销售业务,主营业务中的其他各项业务系公司利用其在天然气领域及风力发电领域的资源和技术优势开展的配套或延伸业务","聚焦于风力发电、光伏发电业务及天然气销售业务,主营业务中的其他各项业务系公司利用其在天然气领域及风力发电领域的资源和技术优势开展的配套或延伸业务",B,30日涨幅第20（-1.79%）,321.77,321.7691243195,0.000272144855012413,一致,321.7691243195,0.000272144855012413,7.15,20260724161441,0.7791373636363637,-1.7857142857142858,-18.19221967963387,141,20,33,32,22,https://emweb.securities.eastmoney.com/PC_HSF10/CompanySurvey/Index?type=web&code=SH600956,https://quote.eastmoney.com/sh600956.html,https://qt.gtimg.cn/q=sh600956,-4.79,0.7822,公用事业-燃气-燃气,7.15,167.89,2026-07-24,新天绿能,1.3,20.27,东方财富行业板块成分；纯度保守标中，需用2025年报分部收入量化,True,False,True,False,False,4500267473.0,0.46
帝尔激光,300776,A股-SZ,光伏-加工设备,中,精密激光加工解决方案的设计及其配套设备的研发、生产和销售,精密激光加工解决方案的设计及其配套设备的研发、生产和销售,A/B,30日均成交额第10，21.61亿元/日；90日涨幅第5（0.44%）,315.36,315.3552145536,0.001517455098945712,一致,315.3552145536,0.001517455098945712,110.56,20260724161448,21.605911227272728,-33.03858034037914,0.436046511627907,10,149,5,33,22,https://emweb.securities.eastmoney.com/PC_HSF10/CompanySurvey/Index?type=web&code=SZ300776,https://quote.eastmoney.com/sz300776.html,https://qt.gtimg.cn/q=sz300776,-3.02,8.1299,电子设备-电子设备制造-电子设备制造,110.56,198.25,2026-07-24,帝尔激光,8.24,60.67,东方财富行业板块成分；纯度保守标中，需用2025年报分部收入量化,True,True,False,True,False,285234456.0,4.07
应流股份,603308,A股-SH,核电-核心部件,中,核电/航空高端铸件与零部件,"专用设备高端零部件的研发、生产、销售,产品应用于石油天然气、清洁高效发电、工程和矿山机械及其他高端装备领域。",A,30日均成交额第18，12.00亿元/日,299.46,299.461371489,0.00045798737728156903,一致,299.461371489,0.00045798737728156903,44.1,20260724161435,12.003372954545455,-33.6542801263728,-46.34383744981141,18,150,156,35,22,https://emweb.securities.eastmoney.com/PC_HSF10/CompanySurvey/Index?type=web&code=SH603308,https://quote.eastmoney.com/sh603308.html,https://qt.gtimg.cn/q=sh603308,-2.67,6.8267,机械设备-通用设备-基础件,44.1,299.46,2026-07-24,应流股份,6.02,79.48,,True,True,False,False,False,679050729.0,2.25
福能股份,600483,A股-SH,海上风电/核电权益,中,风电、热电并持有核电权益,电力、热力生产和供应,B,90日涨幅第3（8.42%）,297.2,297.1976725021,0.0007831419582813179,一致,297.1976725021,0.0007831419582813179,10.69,20260724161451,2.8617847272727275,-7.365684575389948,8.417849898580121,76,43,3,37,22,https://emweb.securities.eastmoney.com/PC_HSF10/CompanySurvey/Index?type=web&code=SH600483,https://quote.eastmoney.com/sh600483.html,https://qt.gtimg.cn/q=sh600483,-2.73,1.3716,公用事业-电力-火电,10.69,297.2,2026-07-24,福能股份,1.11,10.41,,True,False,False,True,False,2780146609.0,0.46
大金重工,002487,A股-SZ,海上风电-基础,高,海上风电单桩、塔筒与海工交付,"风电装备产品的生产和销售,新能源投资开发、建设和运营业务",A,30日均成交额第22，10.88亿元/日,282.64,282.63878573309995,0.0004296160840770785,一致,282.6387857331,0.00042961608405696686,38.19,20260724161442,10.882940681818182,-34.381443298969074,-56.925332731784344,22,151,166,38,22,https://emweb.securities.eastmoney.com/PC_HSF10/CompanySurvey/Index?type=web&code=SZ002487,https://quote.eastmoney.com/sz002487.html,https://qt.gtimg.cn/q=sz002487,-3.44,17.4822,机械设备-金属制品-金属制品,38.19,240.95,2026-07-24,大金重工,3.27,21.63,,True,True,False,False,False,740085849.0,6.99
锦浪科技,300763,A股-SZ,风光-逆变器,高,光伏并网逆变器及储能逆变器,从事组串式逆变器的研发、生产、销售和服务,A,30日均成交额第24，10.57亿元/日,253.53,253.52539992119998,0.0018144120222554417,一致,253.5253999212,0.001814412022244231,63.69,20260724161433,10.568358727272727,-27.657882780554292,-37.251231527093594,24,136,128,39,22,https://emweb.securities.eastmoney.com/PC_HSF10/CompanySurvey/Index?type=web&code=SZ300763,https://quote.eastmoney.com/sz300763.html,https://qt.gtimg.cn/q=sz300763,2.41,14.4037,电气设备-输变电设备-其他输变电设备,63.69,204.82,2026-07-24,锦浪科技,2.83,41.58,,True,True,False,False,False,398061548.0,6.91
明阳智能,601615,A股-SH,海上风电-整机,高,大型风机整机与新能源电站,(一)风电机组制造业务(二)新能源电站发电与售电业务(三)新能源电站产品销售业务(四)其他业务,A,30日均成交额第28，8.23亿元/日,247.86,247.86003897760003,1.572565158289676e-05,一致,247.8600389776,1.5725651571429924e-05,10.96,20260724161438,8.23142340909091,-8.130762782900252,-32.30389129092032,28,47,92,40,22,https://emweb.securities.eastmoney.com/PC_HSF10/CompanySurvey/Index?type=web&code=SH601615,https://quote.eastmoney.com/sh601615.html,https://qt.gtimg.cn/q=sh601615,-2.66,5.5152,电气设备-其他电气设备-其他电气设备,10.96,247.86,2026-07-24,明阳智能,0.95,64.8,,True,True,False,False,False,2261496706.0,2.2
浙富控股,002266,A股-SZ,核电-设备/环保,中,核电水工设备与危废资源化双主业,高碳减排的危废资源化业务和深度低碳的清洁能源装备业务,B,90日涨幅第8（-1.78%）,230.69,230.69179596840002,0.0007785202652986693,一致,230.6917959684,0.000778520265286349,4.42,20260724161403,6.963500590909091,-11.244979919678714,-1.7777777777777777,35,62,8,44,22,https://emweb.securities.eastmoney.com/PC_HSF10/CompanySurvey/Index?type=web&code=SZ002266,https://quote.eastmoney.com/sz002266.html,https://qt.gtimg.cn/q=sz002266,-4.54,3.5264,公用事业-环保-环保,4.42,214.04,2026-07-24,浙富控股,1.87,15.92,,True,False,False,True,False,5219271402.0,1.63
节能风电,601016,A股-SH,风电-运营,高,风电项目开发运营,风力发电的项目开发、建设及运营。,A,30日均成交额第27，8.52亿元/日,226.44,226.4392596804,0.0003269385267613625,一致,226.4392596804,0.0003269385267613625,3.46,20260724161452,8.521547454545454,-4.683195592286501,-22.767857142857142,27,30,48,45,22,https://emweb.securities.eastmoney.com/PC_HSF10/CompanySurvey/Index?type=web&code=SH601016,https://quote.eastmoney.com/sh601016.html,https://qt.gtimg.cn/q=sh601016,-7.98,9.0952,公用事业-电力-新能源发电,3.46,208.92,2026-07-24,节能风电,1.27,45.48,,True,True,False,False,False,6544487274.0,4.22
三一重能,688349,A股-SH,风电-整机,高,风电整机、叶片及电站建设运营,"风电机组的研发、制造与销售,风电场设计、建设、运营管理业务",B,30日涨幅第3（7.44%）,225.46,225.4570800825,0.0012950933646805423,一致,225.4570800825,0.0012950933646805423,14.15,20260724161455,1.8827419545454545,7.4411541381928625,-41.45635084815888,100,3,144,46,22,https://emweb.securities.eastmoney.com/PC_HSF10/CompanySurvey/Index?type=web&code=SH688349,https://quote.eastmoney.com/sh688349.html,https://qt.gtimg.cn/q=sh688349,-3.28,1.1641,电气设备-电源设备-风能,14.15,221.62,2026-07-24,三一重能,1.62,20.82,,True,False,True,False,False,1593336255.0,0.52
捷佳伟创,300724,A股-SZ,光伏-加工设备,中,PECVD设备、扩散炉、制绒设备、刻蚀设备、清洗设备、自动化配套设备等太阳能电池片生产工艺流程中的主要设备的研发、制造和销售等,PECVD设备、扩散炉、制绒设备、刻蚀设备、清洗设备、自动化配套设备等太阳能电池片生产工艺流程中的主要设备的研发、制造和销售等,A,30日均成交额第26，8.56亿元/日,194.21,194.20762254559997,0.001224166829737516,一致,194.2076225456,0.0012241668297228814,55.76,20260724161430,8.55597009090909,-19.48014440433213,-37.906458797327396,26,114,132,54,22,https://emweb.securities.eastmoney.com/PC_HSF10/CompanySurvey/Index?type=web&code=SZ300724,https://quote.eastmoney.com/sz300724.html,https://qt.gtimg.cn/q=sz300724,-2.76,4.0204,电气设备-电源设备-太阳能,55.76,160.43,2026-07-24,捷佳伟创,1.47,8.91,东方财富行业板块成分；纯度保守标中，需用2025年报分部收入量化,True,True,False,False,False,348292006.0,2.48
聚和材料,688503,A股-SH,光伏-辅材,中,新型电子浆料研发、生产和销售,新型电子浆料研发、生产和销售,A,30日均成交额第12，19.71亿元/日,157.93,157.9269520575,0.0019299325650719006,一致,157.9269520575,0.0019299325650719006,65.25,20260724161444,19.711973272727274,-32.3062558356676,-30.362860192102456,12,146,87,58,22,https://emweb.securities.eastmoney.com/PC_HSF10/CompanySurvey/Index?type=web&code=SH688503,https://quote.eastmoney.com/sh688503.html,https://qt.gtimg.cn/q=sh688503,-2.92,5.7482,有色金属-金属非金属新材料-电池材料,65.25,157.93,2026-07-24,聚和材料,3.03,25.49,东方财富行业板块成分；纯度保守标中，需用2025年报分部收入量化,True,True,False,False,False,242033643.0,3.59
协鑫集成,002506,A股-SZ,光伏-电池组件,中,"太阳能光伏组件的生产与销售,以及太阳能发电系统集成业务","太阳能光伏组件的生产与销售,以及太阳能发电系统集成业务",A,30日均成交额第29，8.04亿元/日,139.24,139.2375309626,0.0017732242171821899,一致,139.2375309626,0.0017732242171821899,2.38,20260724161436,8.042268090909092,-21.192052980132452,-45.41284403669725,29,119,155,62,22,https://emweb.securities.eastmoney.com/PC_HSF10/CompanySurvey/Index?type=web&code=SZ002506,https://quote.eastmoney.com/sz002506.html,https://qt.gtimg.cn/q=sz002506,-5.18,5.4686,电气设备-电源设备-太阳能,2.38,139.1,2026-07-24,协鑫集成,14.79,-12.06,东方财富行业板块成分；纯度保守标中，需用2025年报分部收入量化,True,True,False,False,False,5850316427.0,3.84
禾望电气,603063,A股-SH,风电-变流器,中,风电/光伏电能变换设备,新能源电控业务、工程传动业务、其他业务等,A,30日均成交额第21，11.40亿元/日,136.23,136.22603917900003,0.0029074513689820148,一致,136.226039179,0.002907451369002878,29.35,20260724161456,11.402823409090908,-41.47557328015952,-27.88697788697789,21,164,74,63,22,https://emweb.securities.eastmoney.com/PC_HSF10/CompanySurvey/Index?type=web&code=SH603063,https://quote.eastmoney.com/sh603063.html,https://qt.gtimg.cn/q=sh603063,-2.36,4.9467,电气设备-输变电设备-电气自控设备,29.35,135.67,2026-07-24,禾望电气,2.56,28.57,,True,True,False,False,False,464143234.0,3.59
东方新能,002310,A股-SZ,光伏发电-运营,高,新能源电站运营与开发,"新能源电站开发、投资、建设及运营为核心的主业范围,并围绕此构建了全新的商业模式",B,30日涨幅第17（-1.35%）,131.39,131.3851543623,0.0036879805921200873,一致,131.3851543623,0.0036879805921200873,2.19,20260724161427,3.1828023181818184,-1.3513513513513513,-28.431372549019606,73,17,75,65,22,https://emweb.securities.eastmoney.com/PC_HSF10/CompanySurvey/Index?type=web&code=SZ002310,https://quote.eastmoney.com/sz002310.html,https://qt.gtimg.cn/q=sz002310,-7.98,3.6447,公用事业-电力-新能源发电,2.19,96.34,2026-07-24,东方新能,5.48,-154.89,,True,False,True,False,False,5999322117.0,3.68
嘉泽新能,601619,A股-SH,风光发电-运营,高,风电、光伏项目开发运营,"可再生能源发电、售电及其配套服务的综合性新能源电力供应商,形成了新能源电力资产全生命周期运营、托管、交易的核心能力,并探索以绿电产业链联动发展模式,进一步提升并网装机规模和盈利能力。",B,30日涨幅第7（2.30%）,129.33,129.32998722000002,9.881697975417798e-06,一致,129.32998722,9.881697997393912e-06,4.44,20260724161446,2.078951909090909,2.304147465437788,-27.569331158238175,95,7,72,66,22,https://emweb.securities.eastmoney.com/PC_HSF10/CompanySurvey/Index?type=web&code=SH601619,https://quote.eastmoney.com/sh601619.html,https://qt.gtimg.cn/q=sh601619,-4.31,2.8386,公用事业-电力-新能源发电,4.44,108.1,2026-07-24,嘉泽新能,1.64,21.34,,True,False,True,False,False,2912837550.0,2.59
立新能源,001258,A股-SZ,风光发电-运营,高,风电与光伏电站运营,风力发电、光伏发电项目的投资、开发、建设和运营,B,30日涨幅第1（80.72%）、90日涨幅第1（43.03%）,121.61,121.61333342019998,0.002741074089284834,一致,121.6133334202,0.00274107408929652,13.03,20260724161409,4.236824727272727,80.72122052704577,43.02963776070253,58,1,1,71,22,https://emweb.securities.eastmoney.com/PC_HSF10/CompanySurvey/Index?type=web&code=SZ001258,https://quote.eastmoney.com/sz001258.html,https://qt.gtimg.cn/q=sz001258,7.6,27.1311,公用事业-电力-其他发电,13.03,121.61,2026-07-24,立新能源,4.02,120.67,,True,False,True,True,False,933333334.0,22.08
林洋能源,601222,A股-SH,光伏发电/智能电表,中,分布式光伏电站与智能电表双主业,主要从事智能电网、新能源、储能三个板块业务,B,30日涨幅第13（-0.36%）、90日涨幅第17（-9.62%）,113.08,113.0835966424,0.003180617615845435,一致,113.0835966424,0.003180617615845435,5.54,20260724161446,1.1499249545454546,-0.3597122302158273,-9.624796084828711,120,13,17,73,22,https://emweb.securities.eastmoney.com/PC_HSF10/CompanySurvey/Index?type=web&code=SH601222,https://quote.eastmoney.com/sh601222.html,https://qt.gtimg.cn/q=sh601222,-1.77,1.3413,电气设备-输变电设备-电气仪表,5.54,113.08,2026-07-24,林洋能源,0.75,62.53,,True,False,True,True,False,2041220156.0,1.17
露笑科技,002617,A股-SZ,光伏发电-运营,低,业务多元，持有光伏电站资产,高空作业设备业务、光伏发电业务、漆包线业务、碳化硅业务,A,30日均成交额第13，18.92亿元/日,110.35,110.35025448340001,0.00023061477119467856,一致,110.3502544834,0.00023061477118180063,5.78,20260724161457,18.921219727272728,-38.70625662778367,-26.927939317319847,13,161,66,74,22,https://emweb.securities.eastmoney.com/PC_HSF10/CompanySurvey/Index?type=web&code=SZ002617,https://quote.eastmoney.com/sz002617.html,https://qt.gtimg.cn/q=sz002617,-3.67,4.2609,电气设备-输变电设备-电线电缆,5.78,108.53,2026-07-24,露笑科技,1.71,59.69,,True,True,False,False,False,1909173953.0,3.88
飞沃科技,301232,A股-SZ,风电-紧固件,高,风电叶片紧固件,高强度紧固件研发、制造及为客户提供整体紧固系统解决方案,A,30日均成交额第19，11.76亿元/日,110.17,110.1660675675,0.003569422256519993,一致,110.1660675675,0.003569422256519993,104.79,20260724161436,11.759170636363637,-27.79576931027355,-50.54742803209061,19,137,162,75,22,https://emweb.securities.eastmoney.com/PC_HSF10/CompanySurvey/Index?type=web&code=SZ301232,https://quote.eastmoney.com/sz301232.html,https://qt.gtimg.cn/q=sz301232,-3.82,2.7994,机械设备-金属制品-金属制品,104.79,65.43,2026-07-24,飞沃科技,7.78,245.0,,True,True,False,False,False,105130325.0,4.23
金刚光伏,300093,A股-SZ,光伏-电池组件,中,聚焦异质结电池片及组件主营业务,聚焦异质结电池片及组件主营业务,B,90日涨幅第20（-10.89%）,109.62,109.62,0.0,一致,109.62,0.0,20.3,20260724161412,2.827797,-17.479674796747968,-10.886742756804214,80,99,20,76,22,https://emweb.securities.eastmoney.com/PC_HSF10/CompanySurvey/Index?type=web&code=SZ300093,https://quote.eastmoney.com/sz300093.html,https://qt.gtimg.cn/q=sz300093,-1.79,2.24,电子设备-电子元件-电子元件,20.3,46.89,2026-07-24,金刚光伏,5.63,41.26,东方财富行业板块成分；纯度保守标中，需用2025年报分部收入量化,True,False,False,True,False,540000000.0,4.88
道生天合,601026,A股-SH,风电-复材,高,风电叶片复合材料供应商,"致力于新材料的研发、生产和销售的国家级高新技术企业,公司产品围绕环氧树脂、聚氨酯、丙烯酸酯和有机硅等高性能热固性树脂材料,形成了风电叶片用材料、新型复合材料用树脂、新能源汽车及工业胶粘剂和高性能电工绝缘材料四大系列产品,主要为风电、新能源汽车、储能、氢能等新能源领域,以及航空、油气开采、电力、模具制造等领域的国内外客户提供系列化、差异化和精细化的新材料产品综合解决方案",B,30日涨幅第15（-0.68%）,96.54,96.53616,0.003977625854579393,一致,96.53616,0.003977625854579393,14.64,20260724161454,0.7476331363636364,-0.6784260515603799,-22.3342175066313,144,15,46,87,22,https://emweb.securities.eastmoney.com/PC_HSF10/CompanySurvey/Index?type=web&code=SH601026,https://quote.eastmoney.com/sh601026.html,https://qt.gtimg.cn/q=sh601026,-4.94,1.1173,基础化工-化学新材料-化学新材料,14.64,16.26,2026-07-24,道生天合,3.88,47.68,,True,False,True,False,False,659400000.0,6.71
苏州固锝,002079,A股-SZ,光伏-辅材,中,"半导体领域:专注于功率半导体封测、器件和集成电路封装测试代工领域,在二极管制造方面具有世界一流水平;光伏领域:导电银浆","半导体领域:专注于功率半导体封测、器件和集成电路封装测试代工领域,在二极管制造方面具有世界一流水平;光伏领域:导电银浆",A,30日均成交额第30，7.89亿元/日,77.49,77.49391747189999,0.0050554547683519385,一致,77.4939174719,0.005055454768370278,8.53,20260724161454,7.8941595,-39.88724453840733,-20.131086142322097,30,163,40,104,22,https://emweb.securities.eastmoney.com/PC_HSF10/CompanySurvey/Index?type=web&code=SZ002079,https://quote.eastmoney.com/sz002079.html,https://qt.gtimg.cn/q=sz002079,-3.07,2.7201,电气设备-电源设备-太阳能,8.53,69.17,2026-07-24,苏州固锝,1.91,63.45,东方财富行业板块成分；纯度保守标中，需用2025年报分部收入量化,True,True,False,False,False,908486723.0,3.88
川润股份,002272,A股-SZ,风电-液压润滑,中,风电液压润滑与锅炉部件,"高端装备制造业务,工业服务业务",A,30日均成交额第23，10.62亿元/日,73.31,73.31344776,0.004702987314145742,一致,73.31344776,0.004702987314145742,15.12,20260724161427,10.618719863636363,-34.827586206896555,-21.90082644628099,23,154,44,105,22,https://emweb.securities.eastmoney.com/PC_HSF10/CompanySurvey/Index?type=web&code=SZ002272,https://quote.eastmoney.com/sz002272.html,https://qt.gtimg.cn/q=sz002272,-4.24,3.2895,机械设备-通用设备-其他通用机械,15.12,61.71,2026-07-24,川润股份,5.02,-263.65,,True,True,False,False,False,484877300.0,5.24
新能股份,000595,A股-SZ,风电-运营,中,"风力发电、光伏发电及储能电站的投资开发和运营管理,以及船舶电器的生产与销售","风力发电、光伏发电及储能电站的投资开发和运营管理,以及船舶电器的生产与销售",B,30日涨幅第6（3.41%）、90日涨幅第16（-9.54%）,69.12,69.1164414162,0.005148414062500423,一致,69.1164414162,0.005148414062500423,6.07,20260724161406,1.611923380952381,3.4071550255536627,-9.538002980625931,106,6,16,107,21,https://emweb.securities.eastmoney.com/PC_HSF10/CompanySurvey/Index?type=web&code=SZ000595,https://quote.eastmoney.com/sz000595.html,https://qt.gtimg.cn/q=sz000595,9.96,7.27,公用事业-电力-其他发电,6.07,69.12,2026-07-24,新能股份,14.28,72.7,东方财富行业板块成分；纯度保守标中，需用2025年报分部收入量化,True,False,True,True,False,1138656366.0,10.58
拓日新能,002218,A股-SZ,光伏-组件/电站,高,光伏电池组件与电站业务,"主要包括光伏电站建设与运维以及生产销售光伏组件、光伏辅材等,属于清洁能源产业",B,30日涨幅第4（7.42%）,59.15,59.148606258,0.0023562840236646563,一致,59.148606258,0.0023562840236646563,4.2,20260724161409,1.8500008181818182,7.41687979539642,-19.694072657743785,101,4,36,116,22,https://emweb.securities.eastmoney.com/PC_HSF10/CompanySurvey/Index?type=web&code=SZ002218,https://quote.eastmoney.com/sz002218.html,https://qt.gtimg.cn/q=sz002218,9.95,10.0682,电气设备-电源设备-太阳能,4.2,58.28,2026-07-24,拓日新能,1.51,-29.8,,True,False,True,False,False,1408300149.0,17.96
景业智能,688290,A股-SH,核电-机器人,高,核工业智能装备与机器人,主要从事特种机器人及智能装备的研发、生产及销售,B,90日涨幅第10（-3.76%）,53.58,53.5780670502,0.003607595744681732,一致,53.5780670502,0.003607595744681732,52.43,20260724161441,0.8719031818181818,-18.384184308841842,-3.762848751835536,132,107,10,119,22,https://emweb.securities.eastmoney.com/PC_HSF10/CompanySurvey/Index?type=web&code=SH688290,https://quote.eastmoney.com/sh688290.html,https://qt.gtimg.cn/q=sh688290,-0.27,0.3846,机械设备-机器人-工业机器人,52.43,53.58,2026-07-24,景业智能,4.0,-185.71,,True,False,False,True,False,102189714.0,0.71
银星能源,000862,A股-SZ,风电-运营,高,宁夏风电与新能源运营,"从事新能源发电、新能源装备业务。其中:新能源发电包括风力发电、太阳能光伏发电以及分布式项目发电,新能源装备工程业务主要包括塔筒制造、齿轮箱维修、风电及煤炭检修等业务",B,30日涨幅第2（10.10%）,51.04,51.03828109759999,0.0033677554859080994,一致,51.0382810976,0.0033677554858941774,5.56,20260724161409,1.521644909090909,10.099009900990099,-16.012084592145015,109,2,28,124,22,https://emweb.securities.eastmoney.com/PC_HSF10/CompanySurvey/Index?type=web&code=SZ000862,https://quote.eastmoney.com/sz000862.html,https://qt.gtimg.cn/q=sz000862,-6.08,5.4916,公用事业-电力-新能源发电,5.56,34.91,2026-07-24,银星能源,1.17,186.45,,True,False,True,False,False,917954696.0,15.07
通灵股份,301168,A股-SZ,光伏-电池组件,中,"太阳能光伏组件接线盒及其他配件等产品的研发、生产和销售,以及汽车内外饰件等汽车零部件产品的研发、生产和销售","太阳能光伏组件接线盒及其他配件等产品的研发、生产和销售,以及汽车内外饰件等汽车零部件产品的研发、生产和销售",B,90日涨幅第12（-5.11%）,47.42,47.424,0.00843525938422139,一致,47.424,0.00843525938422139,39.52,20260724161433,0.8961381363636364,-16.536430834213306,-5.114045618247299,129,93,12,126,22,https://emweb.securities.eastmoney.com/PC_HSF10/CompanySurvey/Index?type=web&code=SZ301168,https://quote.eastmoney.com/sz301168.html,https://qt.gtimg.cn/q=sz301168,-0.15,0.4462,电气设备-其他电气设备-其他电气设备,39.52,37.67,2026-07-24,通灵股份,2.23,647.7,东方财富行业板块成分；纯度保守标中，需用2025年报分部收入量化,True,False,False,True,False,120000000.0,1.2
珠海港,000507,A股-SZ,风电-运营,中,"港口航运及其配套设施、物流供应链、能源环保、港城建设等项目投资及股权投资、玻璃纤维制品项目投资、饮料项目投资,化工原料及化工产品项目投资及社会经济咨询","港口航运及其配套设施、物流供应链、能源环保、港城建设等项目投资及股权投资、玻璃纤维制品项目投资、饮料项目投资,化工原料及化工产品项目投资及社会经济咨询",B,30日涨幅第18（-1.43%）、90日涨幅第15（-6.76%）,44.42,44.4231954285,0.007193670643853588,一致,44.4231954285,0.007193670643853588,4.83,20260724161439,0.624544,-1.4285714285714286,-6.756756756756757,148,18,15,131,22,https://emweb.securities.eastmoney.com/PC_HSF10/CompanySurvey/Index?type=web&code=SZ000507,https://quote.eastmoney.com/sz000507.html,https://qt.gtimg.cn/q=sz000507,-1.43,0.3735,公用事业-电力-新能源发电,4.83,43.58,2026-07-24,珠海港,0.75,19.22,东方财富行业板块成分；纯度保守标中，需用2025年报分部收入量化,True,False,True,True,False,919734895.0,0.85
新筑股份,002480,A股-SZ,光伏发电-运营,中,新能源发电资产与轨交业务,"从事轨道交通和桥梁功能部件,光伏发电项目",B,30日涨幅第10（0.97%）,40.23,40.227521441,0.006160971911500111,一致,40.227521441,0.006160971911500111,5.23,20260724161448,0.49775854545454545,0.9652509652509652,-16.185897435897434,155,10,29,134,22,https://emweb.securities.eastmoney.com/PC_HSF10/CompanySurvey/Index?type=web&code=SZ002480,https://quote.eastmoney.com/sz002480.html,https://qt.gtimg.cn/q=sz002480,-0.76,0.4532,交运设备-轨道交通设备-轨道交通设备,5.23,40.15,2026-07-24,新筑股份,4.99,-21.36,,True,False,True,False,False,769168670.0,1.12
珈伟新能,300317,A股-SZ,光伏-照明/电站,中,光伏照明、组件及电站业务,主要涵盖新能源发电相关业务以及光伏消费产品的研发、生产与销售,B,30日涨幅第11（-0.24%）,35.12,35.116969531500004,0.008628896640072133,一致,35.1169695315,0.008628896640092365,4.23,20260724161448,3.333987590909091,-0.2358490566037736,-11.506276150627615,70,11,21,138,22,https://emweb.securities.eastmoney.com/PC_HSF10/CompanySurvey/Index?type=web&code=SZ300317,https://quote.eastmoney.com/sz300317.html,https://qt.gtimg.cn/q=sz300317,-8.04,5.5791,电气设备-电源设备-太阳能,4.23,35.06,2026-07-24,珈伟新能,2.47,-19.12,,True,False,True,False,False,830188405.0,15.65
