board_code,board_name,pe,pb,market_cap_yi,turnover_yi,change_pct
BK1201,电子,115.47,,245270.69,9594.17,-2.04
BK1283,银行,6.55,,143580.76,284.76,2.33
BK0475,银行Ⅱ,6.55,,143580.76,284.76,2.33
BK1036,半导体,225.51,,138245.32,5134.71,-0.51
BK1611,国有大型银行Ⅲ,7.07,,101572.31,91.34,1.38
BK1200,电力设备,58.12,,85265.21,2351.5,-2.6
BK1215,通信,34.06,,77555.52,2036.06,-2.48
BK1205,机械设备,59.05,,73042.28,2810.29,-2.28
BK1203,非银金融,10.57,,71078.03,661.13,-0.01
BK1216,医药生物,46.56,,67138.41,1823.6,0.63
BK0478,有色金属,21.64,,56084.79,1938.34,-2.63
BK1331,数字芯片设计,153.57,,54445.21,2220.04,-0.64
BK1206,基础化工,40.06,,50255.71,1717.82,-1.19
BK0448,通信设备,98.0,,48409.65,1879.59,-2.34
BK1211,汽车,29.65,,46107.21,1054.24,-1.58
BK1207,计算机,156.46,,44760.87,1312.61,-1.95
BK0464,石油石化,12.9,,44560.75,174.11,0.59
BK0427,公用事业,19.78,,42621.97,493.17,-0.94
BK0428,电力,19.64,,39918.37,448.14,-1.06
BK1033,电池,33.73,,37924.51,923.94,-2.67
BK1366,证券Ⅲ,16.02,,37878.86,501.92,0.07
BK0473,证券Ⅱ,16.02,,37878.86,501.92,0.07
BK1037,消费电子,42.0,,37537.59,922.81,-2.52
BK0438,食品饮料,20.04,,36414.69,279.91,0.72
BK0459,元件,91.32,,35769.79,1454.92,-4.07
BK1338,消费电子零部件及组装,42.83,,34854.52,892.18,-2.57
BK1591,通信网络设备及器件,96.04,,33923.36,1193.26,-2.72
BK1204,国防军工,89.7,,33452.08,976.45,-2.63
BK1210,交通运输,17.4,,31213.77,259.7,0.85
BK0736,通信服务,16.35,,29145.87,156.48,-2.79
BK1340,印制电路板,92.64,,29077.52,1089.89,-3.92
BK1274,炼化及贸易,13.64,,28421.13,124.34,1.06
BK1358,保险Ⅲ,6.85,,28156.1,113.66,1.16
BK0474,保险Ⅱ,6.85,,28156.1,113.66,1.16
BK1287,工业金属,14.8,,27831.48,616.57,-1.24
BK0481,汽车零部件,29.08,,27644.82,881.71,-1.89
BK1610,股份制银行Ⅲ,5.45,,27241.48,105.08,2.23
BK1569,炼油化工,13.02,,26946.26,88.02,3.45
BK0545,通用设备,109.4,,26264.05,1191.08,-2.3
BK1587,电信运营商,14.46,,25463.57,19.58,1.38
BK1303,锂电池,27.24,,25129.37,443.76,-2.14
BK1326,半导体设备,157.82,,24814.82,668.69,-0.41
BK0465,化学制药,57.13,,24807.85,814.88,0.96
BK1329,集成电路制造,279.38,,24750.37,390.14,2.0
BK1575,白酒Ⅲ,18.26,,22959.48,126.43,0.57
BK1277,白酒Ⅱ,18.26,,22959.48,126.43,0.57
BK1594,化学制剂,55.91,,21387.6,680.99,1.12
BK0437,煤炭,18.94,,21078.55,150.23,3.1
BK1250,煤炭开采,17.92,,20579.04,144.11,3.51
BK0456,家用电器,18.44,,20148.07,378.55,-1.06
BK0538,化学制品,40.69,,18945.03,759.88,-1.2
BK0910,专用设备,62.84,,18787.81,607.23,-2.19
BK1038,光学光电子,209.86,,18739.13,1095.99,-3.52
BK1493,动力煤,16.75,,18585.87,114.91,3.89
BK1209,建筑装饰,14.01,,18127.1,366.61,-1.25
BK0457,电网设备,38.13,,17499.14,497.79,-2.46
BK1615,铜,15.68,,17325.57,312.13,-1.88
BK1237,自动化设备,111.97,,15903.26,838.37,-2.96
BK0735,计算机设备,52.61,,15660.69,416.07,-1.64
BK0737,软件开发,322.75,,15485.05,439.52,-1.89
BK1031,光伏设备,-46.15,,15223.91,415.84,-3.4
BK1574,油气开采Ⅲ,11.11,,14048.75,28.96,1.68
BK1276,油气开采Ⅱ,11.11,,14048.75,28.96,1.68
BK1325,半导体材料,804.04,,13869.53,697.03,-3.73
BK0486,传媒,51.33,,13863.02,441.83,-1.07
BK1208,建筑材料,116.1,,13743.24,468.35,-1.98
BK1444,IT服务Ⅲ,-228.48,,13615.13,457.02,-2.21
BK1238,IT服务Ⅱ,-228.48,,13615.13,457.02,-2.21
BK1262,乘用车,31.06,,13171.84,83.89,-0.85
BK1027,小金属,57.48,,12468.12,559.1,-4.4
BK1609,城商行Ⅲ,5.83,,12295.2,70.39,2.6
BK1041,医疗器械,45.11,,12266.58,250.79,-0.25
BK1386,军工电子Ⅲ,211.57,,11933.42,461.6,-2.68
BK1233,军工电子Ⅱ,211.57,,11933.42,461.6,-2.68
BK1526,底盘与发动机系统,33.4,,11783.81,465.09,-1.8
BK0433,农林牧渔,79.11,,11716.35,216.39,0.62
BK0450,航运港口,12.66,,11327.12,107.48,1.22
BK1380,水力发电,18.36,,11221.19,51.38,0.4
BK1335,面板,124.91,,11152.12,671.66,-3.77
BK1239,白色家电,13.0,,10933.83,84.92,0.04
BK1377,火力发电,13.51,,10622.97,181.85,-1.2
BK1446,其他计算机设备,112.32,,10620.17,343.3,-1.29
BK1447,垂直应用软件,391.93,,10523.16,348.11,-2.08
BK0727,医疗服务,34.7,,10178.85,383.8,1.17
BK1384,航空装备Ⅲ,76.21,,10075.67,213.9,-2.84
BK1231,航空装备Ⅱ,76.21,,10075.67,213.9,-2.84
BK1405,其他专用设备,93.43,,10068.78,384.51,-2.26
BK1212,轻工制造,68.08,,9972.85,197.73,-0.95
BK1302,电池化学品,51.85,,9969.44,382.81,-3.03
BK1332,电子化学品Ⅲ,150.89,,9476.03,656.12,-1.99
BK1039,电子化学品Ⅱ,150.89,,9476.03,656.12,-1.99
BK1044,生物制品,-335.07,,9436.65,222.2,1.34
BK1592,通信线缆及配套,125.51,,9403.97,524.54,-4.58
BK1519,电动乘用车,32.13,,9327.84,61.48,-2.24
BK0731,农化制品,22.7,,9194.25,200.08,0.72
BK0728,环保,37.23,,9193.47,227.38,-0.92
BK1202,房地产,-4.46,,9062.88,156.82,0.22
BK1396,金属制品,97.59,,8914.71,403.69,-3.59
BK1450,空调,11.28,,8629.83,66.38,1.45
BK0451,房地产开发,-4.33,,8521.51,147.85,0.37
BK0546,玻璃玻纤,140.0,,8519.71,383.99,-6.18
BK1374,风力发电,32.78,,8424.56,101.36,-0.21
BK1019,化学原料,35.78,,8361.85,213.64,-0.41
BK1213,商贸零售,-67.33,,8318.35,129.82,-0.87
BK0479,钢铁,71.41,,8298.45,79.53,-0.46
BK1613,铝,11.56,,8001.39,173.05,-0.45
BK1462,玻纤制造,102.27,,7918.13,359.84,-8.1
BK0454,塑料,90.76,,7847.22,322.74,-2.65
BK0739,工程机械,23.08,,7840.87,121.37,-1.48
BK1247,基础建设,10.2,,7722.67,65.41,-0.48
BK0421,铁路公路,16.25,,7672.65,34.98,0.68
BK1600,医疗研发外包,29.32,,7669.54,321.13,2.41
BK1327,分立器件,-130.96,,7637.53,365.17,0.27
BK1034,其他电源设备Ⅱ,73.4,,7551.32,236.03,-0.34
BK1235,环境治理,33.02,,7515.1,171.28,-0.34
BK1608,中药Ⅲ,26.01,,7495.35,116.31,0.39
BK1040,中药Ⅱ,26.01,,7495.35,116.31,0.39
BK1330,模拟芯片设计,1068.89,,7373.49,276.81,0.6
BK1472,基建市政工程,8.51,,7184.27,39.94,-0.13
BK0458,仪器仪表,147.49,,7094.88,209.76,-3.35
BK1339,被动元件,85.98,,6692.27,365.03,-4.45
BK1596,其他生物制品,83.49,,6579.24,176.57,1.6
BK1482,航运,12.97,,6499.57,88.62,1.33
BK0422,物流,26.97,,6363.13,76.59,0.63
BK0436,纺织服饰,27.52,,6216.4,131.47,-0.94
BK1403,能源及重型设备,41.36,,6002.08,159.71,-2.06
BK0420,航空机场,30.59,,5850.86,40.65,1.04
BK1311,输变电设备,39.2,,5658.42,138.22,-1.06
BK1605,医疗设备,38.47,,5635.1,110.6,-0.36
BK0732,贵金属,20.71,,5588.25,301.42,-1.94
BK1393,工程机械整机,18.51,,5553.8,79.87,-0.33
BK1336,其他电子Ⅲ,75.01,,5502.84,329.62,-0.42
BK1223,其他电子Ⅱ,75.01,,5502.84,329.62,-0.42
BK1346,住宅开发,-3.47,,5453.14,121.86,0.36
BK1383,航海装备Ⅲ,32.46,,5396.07,109.46,1.44
BK1230,航海装备Ⅱ,32.46,,5396.07,109.46,1.44
BK1328,集成电路封测,114.06,,5354.37,516.83,1.9
BK1428,其他化学制品,107.57,,5300.45,175.7,-1.27
BK1407,工控设备,59.52,,5269.48,189.72,-2.76
BK1015,能源金属,30.34,,5181.72,228.95,0.51
BK1322,其他电源设备Ⅲ,122.25,,5167.86,196.25,-0.31
BK1259,养殖业,109.84,,5166.83,110.05,3.27
BK0738,多元金融,20.17,,5043.07,45.56,-0.37
BK1445,安防设备,24.82,,5040.52,72.77,-2.45
BK1525,车身附件及饰件,19.56,,5026.8,106.13,-1.99
BK1309,电网自动化设备,32.59,,5019.83,101.59,-2.94
BK1288,金属新材料,92.61,,5015.21,232.31,-4.87
BK1448,横向通用软件,234.83,,4961.9,91.41,-1.35
BK1226,普钢,-391.95,,4945.41,34.96,0.06
BK1320,逆变器,29.48,,4922.96,106.01,-1.24
BK1214,社会服务,50.4,,4840.39,96.47,-0.52
BK1529,汽车电子电气系统,37.3,,4829.52,133.8,-2.64
BK1481,港口,12.27,,4827.56,18.86,1.1
BK1376,核力发电,22.91,,4814.06,12.85,-0.16
BK1398,其他通用设备,93.77,,4770.99,254.54,-0.43
BK1624,其他小金属,65.67,,4722.05,217.74,-2.9
BK1385,航天装备Ⅲ,505.05,,4657.75,141.57,-4.82
BK1232,航天装备Ⅱ,505.05,,4657.75,141.57,-4.82
BK0440,家居用品,38.54,,4629.76,65.89,-0.87
BK1479,航空运输,32.02,,4562.09,33.93,1.12
BK1617,黄金,19.56,,4546.67,229.78,-2.66
BK1334,光学元件,270.2,,4537.66,261.52,-3.86
BK1367,板材,14540.92,,4519.73,30.41,0.21
BK1512,生猪养殖,167.18,,4414.63,87.16,4.78
BK1248,专业工程,29.61,,4405.17,113.79,-2.14
BK1032,风电设备,65.79,,4269.62,133.28,-2.79
BK1604,医疗耗材,44.69,,4261.11,86.0,-0.23
BK1394,轨交设备Ⅲ,19.64,,4246.29,52.25,-1.6
BK1236,轨交设备Ⅱ,19.64,,4246.29,52.25,-1.6
BK1301,游戏Ⅲ,24.27,,4209.17,120.71,0.4
BK1046,游戏Ⅱ,24.27,,4209.17,120.71,0.4
BK1593,通信终端及配件,73.75,,4202.44,133.94,-1.0
BK1455,家电零部件Ⅲ,44.58,,4183.43,199.72,-0.99
BK1242,家电零部件Ⅱ,44.58,,4183.43,199.72,-0.99
BK1282,饮料乳品,20.81,,4175.91,45.07,1.03
BK0482,一般零售,-16.25,,4138.58,60.34,-0.58
BK1409,激光设备,145.66,,4086.21,198.79,-3.58
BK1424,氟化工,41.24,,3981.17,325.69,-5.79
BK1621,锂,50.03,,3966.28,186.95,-0.06
BK1520,综合乘用车,28.72,,3844.0,22.41,-0.15
BK1312,线缆部件及其他,66.79,,3788.89,175.12,-3.18
BK1485,铁路运输,17.19,,3744.52,19.28,-0.61
BK1483,高速公路,14.56,,3667.36,12.86,1.72
BK1528,其他汽车零部件,51.69,,3593.71,136.33,-2.05
BK1410,其他自动化设备,128.42,,3478.31,108.47,-2.91
BK1315,光伏电池组件,-13.59,,3469.99,106.73,-4.41
BK1625,钨,57.61,,3455.01,197.11,-8.28
BK1595,原料药,66.16,,3420.25,133.89,0.55
BK1576,调味发酵品Ⅲ,27.43,,3389.79,38.89,0.44
BK1278,调味发酵品Ⅱ,27.43,,3389.79,38.89,0.44
BK1434,钾肥,18.44,,3359.22,55.28,1.41
BK1225,服装家纺,38.65,,3276.75,64.6,-1.03
BK1389,固废治理,23.66,,3269.41,84.75,-0.53
BK1408,机器人,-1868.71,,3069.26,341.38,-3.04
BK1333,LED,-181.71,,3049.35,162.81,-2.87
BK1626,稀土,71.97,,3041.71,117.34,-5.76
BK1042,医药商业,16.19,,2953.15,35.62,1.1
BK0471,化学纤维,52.38,,2885.66,74.31,-1.74
BK1390,水务及水治理,24.52,,2824.08,59.81,0.42
BK1307,电机Ⅲ,60.75,,2796.71,144.62,-3.59
BK1030,电机Ⅱ,60.75,,2796.71,144.62,-3.59
BK1489,快递,14.57,,2794.89,24.99,2.49
BK1619,其他金属新材料,129.91,,2778.5,122.69,-4.73
BK1439,膜材料,216.14,,2763.14,116.44,-3.91
BK1220,广告营销,99.9,,2737.99,143.31,-3.08
BK1589,通信应用增值服务,70.0,,2725.01,95.12,-3.43
BK1381,燃气Ⅲ,22.01,,2703.6,45.03,-0.53
BK1028,燃气Ⅱ,22.01,,2703.6,45.03,-0.53
BK0424,水泥,101.11,,2695.76,30.9,0.08
BK1264,商用车,27.71,,2687.77,42.89,0.45
BK1337,品牌消费电子,33.58,,2683.07,30.63,-2.08
BK1265,包装印刷,62.53,,2663.67,69.84,-1.42
BK1317,光伏加工设备,54.83,,2652.67,92.99,-5.29
BK1477,其他专业工程,108.81,,2626.93,85.53,-2.69
BK1256,农产品加工,42.58,,2626.89,23.16,-0.7
BK1313,风电零部件,96.76,,2567.93,79.61,-2.7
BK1426,聚氨酯,18.68,,2566.14,46.08,-1.34
BK1470,房屋建设Ⅲ,7.14,,2565.37,18.62,0.32
BK1246,房屋建设Ⅱ,7.14,,2565.37,18.62,0.32
BK1035,美容护理,32.73,,2542.59,36.41,-0.21
BK0476,装修建材,81.93,,2527.78,53.46,-1.34
BK1614,铅锌,30.03,,2504.52,131.38,-2.31
BK1612,农商行Ⅲ,5.64,,2471.76,17.96,2.53
BK1429,食品及饲料添加剂,18.92,,2445.86,31.41,0.63
BK1527,轮胎轮毂,17.02,,2410.98,40.36,-0.18
BK1464,水泥制造,64.47,,2403.19,23.98,-0.11
BK1359,金融控股,18.86,,2395.33,15.73,-0.19
BK1603,体外诊断,78.68,,2370.37,54.19,-0.17
BK1585,乳品,18.86,,2354.06,28.78,1.5
BK1471,工程咨询服务Ⅲ,55.79,,2344.49,144.65,-1.15
BK0726,工程咨询服务Ⅱ,55.79,,2344.49,144.65,-1.15
BK1043,专业服务,34.89,,2315.41,48.78,-1.52
BK1449,冰洗,30.09,,2304.0,18.53,-0.43
BK1218,出版,17.17,,2295.87,21.61,0.45
BK1392,工程机械器件,57.66,,2287.07,41.5,-3.42
BK1419,煤化工,16.4,,2284.17,35.31,1.26
BK1352,非运动服装,32.69,,2246.67,32.24,-0.69
BK1280,食品加工,32.61,,2243.63,31.06,0.78
BK1618,磁性材料,68.26,,2236.7,109.61,-5.07
BK1607,医药流通,15.7,,2200.45,26.32,1.14
BK1263,摩托车及其他,26.03,,2199.86,39.15,0.41
BK1310,配电设备,26.58,,2159.3,51.48,-2.67
BK1400,制冷空调设备,69.77,,2154.2,99.73,0.08
BK1373,电能综合服务,23.27,,2131.39,23.61,-0.42
BK1436,农药,36.78,,2126.18,44.51,0.25
BK1323,综合电力设备商,37.81,,2101.13,31.78,1.06
BK1275,油服工程,19.61,,2090.87,20.81,-0.82
BK1435,磷肥及磷化工,26.29,,2089.01,65.49,1.33
BK1627,综合Ⅲ,-103.72,,2057.71,46.81,-0.46
BK1217,综合,-103.72,,2057.71,46.81,-0.46
BK0539,综合Ⅱ,-103.72,,2057.71,46.81,-0.46
BK1279,非白酒,21.22,,2056.29,16.72,0.44
BK1598,疫苗,-15.2,,2050.63,35.65,0.41
BK1494,焦煤,52.3,,1993.17,29.2,2.87
BK1438,合成树脂,87.25,,1987.08,92.41,-1.4
BK1304,锂电专用设备,122.08,,1942.33,63.33,-2.94
BK1293,营销代理,-380.21,,1938.49,130.44,-3.45
BK1244,小家电,24.21,,1917.64,21.14,-0.37
BK1224,纺织制造,21.17,,1870.81,46.2,-0.58
BK1601,医院,43.62,,1865.16,45.55,0.28
BK1530,商用载货车,49.97,,1844.28,32.21,0.75
BK1586,软饮料,24.02,,1821.84,16.3,-0.07
BK1566,检测服务,44.93,,1821.12,42.76,-1.65
BK1397,磨具磨料,-19111.71,,1820.08,145.44,0.16
BK1437,改性塑料,57.86,,1819.63,71.43,-3.49
BK1221,数字媒体,-259.71,,1810.52,95.59,-2.36
BK1370,特钢Ⅲ,21.3,,1792.82,16.93,-0.97
BK1227,特钢Ⅱ,21.3,,1792.82,16.93,-0.97
BK1345,商业地产,-8.94,,1778.19,11.78,0.63
BK1316,光伏辅材,5207.46,,1743.13,53.52,-3.01
BK1540,其他家居用品,28.1,,1740.87,17.45,-0.94
BK1420,其他化学原料,37.96,,1726.99,47.07,-1.45
BK1314,风电整机,44.36,,1701.69,53.66,-3.27
BK1554,商业物业经营,-7.27,,1688.09,18.73,-0.65
BK1387,环保设备Ⅲ,86.69,,1678.37,56.1,-3.37
BK1234,环保设备Ⅱ,86.69,,1678.37,56.1,-3.37
BK1422,无机盐,87.5,,1675.74,54.09,-2.13
BK1222,影视院线,-48.65,,1645.95,47.14,-0.65
BK1488,跨境物流,14.26,,1636.9,9.78,0.32
BK1258,饲料,102.95,,1622.72,24.79,1.06
BK1241,黑色家电,33.32,,1615.27,42.12,-2.22
BK1267,造纸,-45.53,,1601.65,38.7,0.04
BK1281,休闲食品,22.82,,1589.58,21.73,0.78
BK1411,非金属材料Ⅲ,-495.6,,1587.71,80.49,-1.94
BK1020,非金属材料Ⅱ,-495.6,,1587.71,80.49,-1.94
BK1504,粮油加工,39.05,,1562.77,4.36,0.55
BK1228,冶钢原料,34.95,,1560.22,27.64,-1.08
BK1521,摩托车,29.77,,1549.59,28.64,2.22
BK1418,氯碱,54.46,,1512.13,51.2,-0.16
BK1395,机床工具,79.61,,1509.2,77.92,-3.22
BK1577,啤酒,17.17,,1491.6,9.96,-0.13
BK1573,油田服务,16.95,,1466.78,12.11,-0.63
BK1318,光伏主材,-8.95,,1460.37,18.82,-1.43
BK1018,橡胶,122.16,,1434.0,66.68,-2.44
BK1550,贸易Ⅲ,20.15,,1421.0,19.33,-1.41
BK0484,贸易Ⅱ,20.15,,1421.0,19.33,-1.41
BK1382,地面兵装Ⅲ,156.39,,1389.17,49.91,-3.24
BK1229,地面兵装Ⅱ,156.39,,1389.17,49.91,-3.24
BK1379,热力服务,47.77,,1319.99,41.88,-2.52
BK1431,有机硅,-62.52,,1299.98,71.56,1.75
BK1344,产业地产,-6.54,,1290.18,14.2,0.19
BK1480,机场,26.43,,1288.77,6.73,0.91
BK1440,其他塑料制品,65.68,,1277.36,42.46,-1.35
BK1375,光伏发电,-337.66,,1277.21,34.43,-1.68
BK1299,影视动漫制作,-47.35,,1275.06,31.59,-0.18
BK1261,种植业,47.35,,1274.09,25.04,-0.44
BK1535,纸包装,83.14,,1253.1,30.41,-1.63
BK1623,钼,29.22,,1249.35,26.92,-5.16
BK1272,旅游及景区,62.96,,1239.77,19.3,0.04
BK1427,民爆制品,40.39,,1223.06,27.36,-1.59
BK1252,化妆品,31.78,,1188.38,22.54,-0.17
BK1549,旅游零售Ⅲ,38.32,,1186.83,15.5,-0.64
BK1269,旅游零售Ⅱ,38.32,,1186.83,15.5,-0.64
BK1453,彩电,26.98,,1174.47,31.08,0.59
BK1570,其他石化,168.82,,1164.8,26.26,-0.07
BK1290,教育出版,12.12,,1164.09,7.47,1.87
BK1291,电视广播Ⅲ,-49.15,,1163.53,13.48,-1.52
BK1219,电视广播Ⅱ,-49.15,,1163.53,13.48,-1.52
BK1468,其他建材Ⅲ,38.82,,1162.46,22.71,-1.88
BK1551,百货,-43.1,,1149.51,17.26,-0.81
BK1268,互联网电商,46.28,,1145.71,28.15,-1.35
BK1289,大众出版,30.04,,1131.78,14.14,-0.34
BK1415,其他化学纤维,69.71,,1121.29,36.29,-5.11
BK1580,肉制品,26.82,,1102.85,15.02,2.22
BK1478,装修装饰Ⅲ,-84.18,,1089.39,24.15,-1.97
BK0725,装修装饰Ⅱ,-84.18,,1089.39,24.15,-1.97
BK1266,文娱用品,56.87,,1077.76,23.3,-1.35
BK0734,饰品,20.27,,1068.84,20.66,-1.29
BK1490,原材料供应链服务,-13.31,,1068.36,11.91,2.45
BK1616,白银,27.86,,1041.58,71.64,0.49
BK1294,门户网站,-91.72,,1037.03,51.72,-1.29
BK1537,成品家居,57.04,,1028.63,15.12,-0.88
BK1357,钟表珠宝,18.53,,1016.77,19.78,-1.07
BK1583,零食,17.92,,985.14,14.92,1.74
BK1319,硅料硅片,-7.67,,974.8,37.77,-0.56
BK1459,清洁小家电,23.93,,973.45,14.06,-3.08
BK1588,通信工程及服务,-55.22,,957.29,41.77,-2.87
BK1423,纺织化学制品,30.11,,944.96,26.38,-1.39
BK1430,涂料油墨,126.55,,937.29,39.6,-1.19
BK1460,照明设备Ⅲ,75.43,,924.3,20.16,-2.61
BK1245,照明设备Ⅱ,75.43,,924.3,20.16,-2.61
BK1498,品牌化妆品,27.94,,922.91,18.52,0.05
BK1509,水产饲料,24.21,,911.79,10.92,0.28
BK1622,镍,12.06,,887.5,30.13,0.24
BK1401,纺织服装设备,95.34,,886.1,24.13,-2.57
BK1432,氮肥,25.57,,881.08,21.91,0.82
BK1590,其他通信设备,99.21,,879.89,27.86,-1.84
BK1308,电工仪器仪表,38.65,,872.69,31.38,-2.06
BK1544,大宗用纸,-15.48,,870.84,17.73,-0.36
BK1372,冶钢辅料,31.76,,867.24,15.43,-0.56
BK1531,商用载客车,14.03,,843.49,10.68,-0.1
BK1402,楼宇设备,38.71,,842.8,16.53,-2.21
BK1306,蓄电池及其他电池,-4113.59,,834.13,32.58,-3.19
BK1597,血液制品,28.87,,806.78,9.99,1.86
BK1292,广告媒体,24.59,,799.5,12.86,0.26
BK1413,涤纶,49.52,,769.95,13.4,-0.35
BK1538,瓷砖地板,58.03,,765.68,18.98,-0.06
BK1457,厨房小家电,22.34,,756.01,4.95,0.82
BK1606,线下药店,17.82,,752.7,9.29,0.98
BK1539,定制家居,33.68,,748.33,11.47,-1.14
BK1433,复合肥,14.44,,738.76,12.89,1.43
BK1365,租赁,20.55,,733.31,9.67,1.16
BK1545,特种纸,34.69,,730.81,20.97,0.42
BK1388,大气治理,147.92,,730.46,6.75,-1.82
BK1476,化学工程,9.6,,710.54,11.9,-1.9
BK1543,娱乐用品,619.18,,701.45,18.21,-1.77
BK1421,钛白粉,149.48,,699.64,15.41,1.91
BK1251,个护用品,26.53,,696.24,7.75,0.02
BK1371,铁矿石,39.98,,692.98,12.21,-1.49
BK1391,综合环境治理,-22.53,,691.15,19.96,-1.67
BK1511,肉鸡养殖,32.06,,670.11,21.67,2.62
BK0740,教育,-157.07,,668.71,17.29,0.37
BK1363,信托,13.99,,666.17,3.49,0.43
BK1350,其他纺织,33.37,,660.92,16.49,-1.58
BK1505,其他农产品加工,45.63,,658.76,10.75,-0.6
BK1253,医疗美容,46.8,,657.97,6.12,-1.05
BK1553,多业态零售,23.26,,654.76,10.78,-0.29
BK1522,其他运输设备,20.03,,650.27,10.51,-1.22
BK1552,超市,-27.11,,646.22,13.57,-0.37
BK1581,预加工食品,23.16,,625.19,10.02,0.78
BK1572,油气及炼化工程,31.06,,624.09,8.7,-1.06
BK1461,玻璃制造,-36.31,,601.57,24.15,-4.47
BK1500,医美耗材,29.58,,598.8,5.94,-0.91
BK1563,自然景区,44.22,,584.45,10.16,0.51
BK1441,其他橡胶制品,661.57,,583.1,22.07,-2.26
BK1501,动物保健Ⅲ,41.76,,580.88,14.82,1.25
BK1254,动物保健Ⅱ,41.76,,580.88,14.82,1.25
BK1474,钢结构,54.77,,574.37,7.37,-0.92
BK1443,橡胶助剂,73.49,,572.83,35.01,-5.6
BK1578,其他酒类,56.47,,564.69,6.77,0.85
BK1532,金属包装,39.89,,555.0,16.93,-0.55
BK1412,氨纶,27.29,,551.83,11.93,6.41
BK1045,房地产服务,-8.37,,541.37,8.97,-0.74
BK1473,园林工程,-6.18,,538.4,25.46,-1.01
BK1406,印刷包装机械,49.09,,533.45,16.48,-2.94
BK1271,酒店餐饮,32.81,,532.02,7.0,0.33
BK1495,生活用纸,25.9,,519.02,6.54,-0.14
BK1579,保健品,746.9,,515.59,6.02,-0.32
BK1492,焦炭Ⅲ,-14.29,,499.51,6.12,1.51
BK1249,焦炭Ⅱ,-14.29,,499.51,6.12,1.51
BK1361,期货,23.61,,496.65,4.11,-0.93
BK1533,塑料包装,33.62,,496.47,12.93,-1.31
BK1557,培训教育,-112.78,,493.45,14.11,0.65
BK1475,国际工程,12.3,,493.34,8.99,-2.84
BK1547,跨境电商,43.85,,480.12,11.07,-0.82
BK1240,厨卫电器,30.0,,476.42,9.16,-0.85
BK1518,种子,174.72,,467.21,7.32,0.07
BK1417,纯碱,-172.16,,463.17,10.57,0.26
BK1404,农用机械,109.26,,454.6,5.87,-0.85
BK1354,鞋帽及其他,-319.23,,452.59,18.6,-1.45
BK1349,棉纺,17.48,,446.23,9.98,1.22
BK1602,诊断服务,-60.07,,446.11,13.18,-1.38
BK1454,其他黑色家电,88.97,,440.8,11.04,-4.1
BK1465,防水材料,-264.4,,426.45,8.76,-1.92
BK1555,专业连锁Ⅲ,88.38,,426.23,6.5,-1.05
BK1270,专业连锁Ⅱ,88.38,,426.23,6.5,-1.05
BK1560,酒店,24.22,,423.16,5.83,0.31
BK1508,畜禽饲料,-12.55,,412.3,10.01,1.88
BK1503,果蔬加工,56.07,,405.36,8.06,-2.76
BK1546,电商服务,511.08,,403.2,14.07,-1.7
BK1016,汽车服务,-372.07,,402.92,6.6,-0.65
BK1364,资产管理,55.72,,395.97,4.34,-1.67
BK1582,烘焙食品,29.04,,383.74,4.86,-0.07
BK1542,文化用品,21.12,,376.31,5.09,0.19
BK1347,纺织鞋类制造,13.18,,372.74,0.81,1.66
BK1300,院线,-53.71,,370.89,15.55,-2.31
BK1516,其他种植业,-188.83,,361.37,7.14,-0.27
BK1360,金融信息服务,30.73,,355.65,8.23,-0.76
BK1486,仓储物流,49.96,,353.68,12.51,-0.99
BK1467,耐火材料,73.52,,349.2,8.27,-2.26
BK1466,管材,90.02,,347.86,11.05,1.14
BK1541,卫浴制品,73.17,,346.24,2.87,-1.31
BK1561,旅游综合,155.2,,338.43,3.96,-1.31
BK1451,厨房电器,33.04,,331.37,6.52,-2.27
BK1620,钴,18.27,,327.95,11.87,2.93
BK1353,家纺,21.05,,318.14,3.7,-1.38
BK1562,人工景区,73.79,,316.89,5.17,0.71
BK1515,粮食种植,18.1,,311.84,3.7,0.75
BK1571,油品石化贸易,37.21,,310.07,10.06,-0.25
BK1343,物业管理,-6.45,,307.23,5.4,-0.96
BK1507,宠物食品,27.26,,298.63,3.87,0.21
BK1463,水泥制品,-27.57,,292.57,6.92,0.36
BK1296,视频媒体,27.01,,283.04,2.47,0.67
BK1321,火电设备,56.18,,282.33,8.0,-1.26
BK1442,炭黑,90.81,,278.08,9.6,-1.83
BK1491,端到端供应链服务,71.32,,266.78,14.76,0.35
BK1497,化妆品制造及其他,60.9,,265.47,4.01,-0.43
BK1548,综合电商,20.16,,262.39,3.01,-1.63
BK1484,公交,101.44,,260.77,2.84,-0.91
BK1355,运动服装,109.94,,259.34,10.05,-2.66
BK1368,钢铁管材,14.91,,255.76,3.49,0.03
BK1425,胶黏剂及胶带,50.46,,246.11,16.1,-3.89
BK1298,文字媒体,-31.95,,244.33,9.27,-4.15
BK1487,公路货运,-201.62,,242.52,2.63,-2.12
BK1469,涂料,-39.68,,241.8,2.68,-0.33
BK1414,锦纶,145987.41,,226.98,4.07,-1.38
BK1348,辅料,23.57,,223.03,10.58,-0.75
BK1524,汽车综合服务,-69.88,,222.9,5.27,-1.3
BK1584,熟食,149.73,,220.69,1.95,-0.21
BK1416,粘胶,66.64,,215.59,8.61,-0.75
BK1568,人力资源服务,10.91,,203.68,1.6,0.97
BK1599,其他医疗服务,-54.93,,198.04,3.95,-0.76
BK1502,林业Ⅲ,-44.6,,191.56,14.8,-3.75
BK1255,林业Ⅱ,-44.6,,191.56,14.8,-3.75
BK1458,个护小家电,40.0,,188.18,2.13,1.81
BK1534,印刷,360.9,,185.85,4.39,-1.32
BK1523,汽车经销商,85.45,,180.02,1.33,-0.22
BK1496,洗护用品,28.57,,177.22,1.21,0.37
BK1536,综合包装,-103.53,,173.24,5.18,-1.96
BK1341,房产租赁经纪,-30.64,,170.15,2.45,-0.44
BK1369,长材,-5.65,,169.92,1.06,-0.83
BK1351,印染,31.66,,167.89,8.34,-1.25
BK1260,渔业,-10.43,,155.09,2.5,-0.13
BK1565,会展服务,30.66,,145.78,2.01,-0.64
BK1452,卫浴电器,24.78,,145.05,2.64,2.01
BK1567,其他专业服务,60.19,,144.83,2.41,-3.27
BK1517,食用菌,14.99,,133.67,6.87,-2.52
BK1297,图片媒体,42.17,,128.21,7.08,-5.91
BK1295,其他数字媒体,-76.79,,117.91,25.05,-5.13
BK1559,餐饮,-86.96,,108.86,1.17,0.35
BK1378,其他能源发电,31.02,,107.0,0.78,-1.6
BK1514,水产养殖,-6.47,,103.69,1.8,0.34
BK1506,农业综合Ⅲ,49.91,,98.29,1.22,2.45
BK1257,农业综合Ⅱ,49.91,,98.29,1.22,2.45
BK1456,其他家电Ⅲ,51.63,,97.17,1.33,-0.52
BK1243,其他家电Ⅱ,51.63,,97.17,1.33,-0.52
BK1558,学历教育,178.77,,88.05,1.23,-0.72
BK1556,教育运营及其他,-232.77,,87.21,1.95,-0.07
BK1564,体育Ⅲ,-42.5,,84.49,4.11,-1.24
BK1273,体育Ⅱ,-42.5,,84.49,4.11,-1.24
BK1510,其他养殖,-307.88,,82.09,1.23,-1.07
BK1342,房地产综合服务,-5.56,,64.0,1.12,-0.24
BK1499,医美服务,-9.56,,59.17,0.18,-1.49
BK1356,其他饰品,-24.28,,52.08,0.89,-2.93
BK1513,海洋捕捞,44.72,,51.4,0.69,-0.74
BK1305,燃料电池,-7.82,,49.24,1.47,6.34
