SECUCODE,SECURITY_CODE,SECURITY_NAME_ABBR,ORG_CODE,ORG_TYPE,REPORT_DATE,REPORT_TYPE,REPORT_DATE_NAME,SECURITY_TYPE_CODE,NOTICE_DATE,UPDATE_DATE,CURRENCY,SALES_SERVICES,DEPOSIT_INTERBANK_ADD,LOAN_PBC_ADD,OFI_BF_ADD,RECEIVE_ORIGIC_PREMIUM,RECEIVE_REINSURE_NET,INSURED_INVEST_ADD,DISPOSAL_TFA_ADD,RECEIVE_INTEREST_COMMISSION,BORROW_FUND_ADD,LOAN_ADVANCE_REDUCE,REPO_BUSINESS_ADD,RECEIVE_TAX_REFUND,RECEIVE_OTHER_OPERATE,OPERATE_INFLOW_OTHER,OPERATE_INFLOW_BALANCE,TOTAL_OPERATE_INFLOW,BUY_SERVICES,LOAN_ADVANCE_ADD,PBC_INTERBANK_ADD,PAY_ORIGIC_COMPENSATE,PAY_INTEREST_COMMISSION,PAY_POLICY_BONUS,PAY_STAFF_CASH,PAY_ALL_TAX,PAY_OTHER_OPERATE,OPERATE_OUTFLOW_OTHER,OPERATE_OUTFLOW_BALANCE,TOTAL_OPERATE_OUTFLOW,OPERATE_NETCASH_OTHER,OPERATE_NETCASH_BALANCE,NETCASH_OPERATE,WITHDRAW_INVEST,RECEIVE_INVEST_INCOME,DISPOSAL_LONG_ASSET,DISPOSAL_SUBSIDIARY_OTHER,REDUCE_PLEDGE_TIMEDEPOSITS,RECEIVE_OTHER_INVEST,INVEST_INFLOW_OTHER,INVEST_INFLOW_BALANCE,TOTAL_INVEST_INFLOW,CONSTRUCT_LONG_ASSET,INVEST_PAY_CASH,PLEDGE_LOAN_ADD,OBTAIN_SUBSIDIARY_OTHER,ADD_PLEDGE_TIMEDEPOSITS,PAY_OTHER_INVEST,INVEST_OUTFLOW_OTHER,INVEST_OUTFLOW_BALANCE,TOTAL_INVEST_OUTFLOW,INVEST_NETCASH_OTHER,INVEST_NETCASH_BALANCE,NETCASH_INVEST,ACCEPT_INVEST_CASH,SUBSIDIARY_ACCEPT_INVEST,RECEIVE_LOAN_CASH,ISSUE_BOND,RECEIVE_OTHER_FINANCE,FINANCE_INFLOW_OTHER,FINANCE_INFLOW_BALANCE,TOTAL_FINANCE_INFLOW,PAY_DEBT_CASH,ASSIGN_DIVIDEND_PORFIT,SUBSIDIARY_PAY_DIVIDEND,BUY_SUBSIDIARY_EQUITY,PAY_OTHER_FINANCE,SUBSIDIARY_REDUCE_CASH,FINANCE_OUTFLOW_OTHER,FINANCE_OUTFLOW_BALANCE,TOTAL_FINANCE_OUTFLOW,FINANCE_NETCASH_OTHER,FINANCE_NETCASH_BALANCE,NETCASH_FINANCE,RATE_CHANGE_EFFECT,CCE_ADD_OTHER,CCE_ADD_BALANCE,CCE_ADD,BEGIN_CCE,END_CCE_OTHER,END_CCE_BALANCE,END_CCE,NETPROFIT,ASSET_IMPAIRMENT,FA_IR_DEPR,OILGAS_BIOLOGY_DEPR,IR_DEPR,IA_AMORTIZE,LPE_AMORTIZE,DEFER_INCOME_AMORTIZE,PREPAID_EXPENSE_REDUCE,ACCRUED_EXPENSE_ADD,DISPOSAL_LONGASSET_LOSS,FA_SCRAP_LOSS,FAIRVALUE_CHANGE_LOSS,FINANCE_EXPENSE,INVEST_LOSS,DEFER_TAX,DT_ASSET_REDUCE,DT_LIAB_ADD,PREDICT_LIAB_ADD,INVENTORY_REDUCE,OPERATE_RECE_REDUCE,OPERATE_PAYABLE_ADD,OTHER,OPERATE_NETCASH_OTHERNOTE,OPERATE_NETCASH_BALANCENOTE,NETCASH_OPERATENOTE,DEBT_TRANSFER_CAPITAL,CONVERT_BOND_1YEAR,FINLEASE_OBTAIN_FA,UNINVOLVE_INVESTFIN_OTHER,END_CASH,BEGIN_CASH,END_CASH_EQUIVALENTS,BEGIN_CASH_EQUIVALENTS,CCE_ADD_OTHERNOTE,CCE_ADD_BALANCENOTE,CCE_ADDNOTE,SALES_SERVICES_YOY,DEPOSIT_INTERBANK_ADD_YOY,LOAN_PBC_ADD_YOY,OFI_BF_ADD_YOY,RECEIVE_ORIGIC_PREMIUM_YOY,RECEIVE_REINSURE_NET_YOY,INSURED_INVEST_ADD_YOY,DISPOSAL_TFA_ADD_YOY,RECEIVE_INTEREST_COMMISSION_YOY,BORROW_FUND_ADD_YOY,LOAN_ADVANCE_REDUCE_YOY,REPO_BUSINESS_ADD_YOY,RECEIVE_TAX_REFUND_YOY,RECEIVE_OTHER_OPERATE_YOY,OPERATE_INFLOW_OTHER_YOY,OPERATE_INFLOW_BALANCE_YOY,TOTAL_OPERATE_INFLOW_YOY,BUY_SERVICES_YOY,LOAN_ADVANCE_ADD_YOY,PBC_INTERBANK_ADD_YOY,PAY_ORIGIC_COMPENSATE_YOY,PAY_INTEREST_COMMISSION_YOY,PAY_POLICY_BONUS_YOY,PAY_STAFF_CASH_YOY,PAY_ALL_TAX_YOY,PAY_OTHER_OPERATE_YOY,OPERATE_OUTFLOW_OTHER_YOY,OPERATE_OUTFLOW_BALANCE_YOY,TOTAL_OPERATE_OUTFLOW_YOY,OPERATE_NETCASH_OTHER_YOY,OPERATE_NETCASH_BALANCE_YOY,NETCASH_OPERATE_YOY,WITHDRAW_INVEST_YOY,RECEIVE_INVEST_INCOME_YOY,DISPOSAL_LONG_ASSET_YOY,DISPOSAL_SUBSIDIARY_OTHER_YOY,REDUCE_PLEDGE_TIMEDEPOSITS_YOY,RECEIVE_OTHER_INVEST_YOY,INVEST_INFLOW_OTHER_YOY,INVEST_INFLOW_BALANCE_YOY,TOTAL_INVEST_INFLOW_YOY,CONSTRUCT_LONG_ASSET_YOY,INVEST_PAY_CASH_YOY,PLEDGE_LOAN_ADD_YOY,OBTAIN_SUBSIDIARY_OTHER_YOY,ADD_PLEDGE_TIMEDEPOSITS_YOY,PAY_OTHER_INVEST_YOY,INVEST_OUTFLOW_OTHER_YOY,INVEST_OUTFLOW_BALANCE_YOY,TOTAL_INVEST_OUTFLOW_YOY,INVEST_NETCASH_OTHER_YOY,INVEST_NETCASH_BALANCE_YOY,NETCASH_INVEST_YOY,ACCEPT_INVEST_CASH_YOY,SUBSIDIARY_ACCEPT_INVEST_YOY,RECEIVE_LOAN_CASH_YOY,ISSUE_BOND_YOY,RECEIVE_OTHER_FINANCE_YOY,FINANCE_INFLOW_OTHER_YOY,FINANCE_INFLOW_BALANCE_YOY,TOTAL_FINANCE_INFLOW_YOY,PAY_DEBT_CASH_YOY,ASSIGN_DIVIDEND_PORFIT_YOY,SUBSIDIARY_PAY_DIVIDEND_YOY,BUY_SUBSIDIARY_EQUITY_YOY,PAY_OTHER_FINANCE_YOY,SUBSIDIARY_REDUCE_CASH_YOY,FINANCE_OUTFLOW_OTHER_YOY,FINANCE_OUTFLOW_BALANCE_YOY,TOTAL_FINANCE_OUTFLOW_YOY,FINANCE_NETCASH_OTHER_YOY,FINANCE_NETCASH_BALANCE_YOY,NETCASH_FINANCE_YOY,RATE_CHANGE_EFFECT_YOY,CCE_ADD_OTHER_YOY,CCE_ADD_BALANCE_YOY,CCE_ADD_YOY,BEGIN_CCE_YOY,END_CCE_OTHER_YOY,END_CCE_BALANCE_YOY,END_CCE_YOY,NETPROFIT_YOY,ASSET_IMPAIRMENT_YOY,FA_IR_DEPR_YOY,OILGAS_BIOLOGY_DEPR_YOY,IR_DEPR_YOY,IA_AMORTIZE_YOY,LPE_AMORTIZE_YOY,DEFER_INCOME_AMORTIZE_YOY,PREPAID_EXPENSE_REDUCE_YOY,ACCRUED_EXPENSE_ADD_YOY,DISPOSAL_LONGASSET_LOSS_YOY,FA_SCRAP_LOSS_YOY,FAIRVALUE_CHANGE_LOSS_YOY,FINANCE_EXPENSE_YOY,INVEST_LOSS_YOY,DEFER_TAX_YOY,DT_ASSET_REDUCE_YOY,DT_LIAB_ADD_YOY,PREDICT_LIAB_ADD_YOY,INVENTORY_REDUCE_YOY,OPERATE_RECE_REDUCE_YOY,OPERATE_PAYABLE_ADD_YOY,OTHER_YOY,OPERATE_NETCASH_OTHERNOTE_YOY,OPERATE_NETCASH_BALANCENOTE_YOY,NETCASH_OPERATENOTE_YOY,DEBT_TRANSFER_CAPITAL_YOY,CONVERT_BOND_1YEAR_YOY,FINLEASE_OBTAIN_FA_YOY,UNINVOLVE_INVESTFIN_OTHER_YOY,END_CASH_YOY,BEGIN_CASH_YOY,END_CASH_EQUIVALENTS_YOY,BEGIN_CASH_EQUIVALENTS_YOY,CCE_ADD_OTHERNOTE_YOY,CCE_ADD_BALANCENOTE_YOY,CCE_ADDNOTE_YOY,OPINION_TYPE,OSOPINION_TYPE,MINORITY_INTEREST,MINORITY_INTEREST_YOY,USERIGHT_ASSET_AMORTIZE,USERIGHT_ASSET_AMORTIZE_YOY
688271.SH,688271,联影医疗,10477590,通用,2026-03-31 00:00:00,一季报,2026一季报,058001001,2026-04-29 00:00:00,2026-04-29 00:00:00,CNY,2824529402.95,,,,,,,,,,,,69505971.76,113525305.56,,0,3007560680.27,2400414645.04,,,,,,778028444.1,336752015.46,451465057.64,,0.0,3966660162.24,,0.0,-959099481.97,12028207627.0,26422803.7,8200.0,,,,,0,12054638630.7,890147123.88,8959816318.3,,,,,,0.0,9849963442.18,,0.0,2204675188.52,,,374515436.65,,,,0,374515436.65,,3011978.64,,,16822666.37,,,0,19834645.01,,0,354680791.64,-38573211.9,,0.0,1561683286.29,5310299085.16,,0,6871982371.45,,,,,,,,,,,,,,,,,,,,,,,,,,,,,,,,,,,,,,6.5011878057,,,,,,,,,,,,-61.6153378105,-10.0825168039,,,1.6258980409,16.6892358946,,,,,,21.872461794,64.6152960462,9.3526670687,,,19.7331450563,,,-171.3350588678,20.9730331043,30.5378816643,,,,,,,20.9925477371,32.3465284654,-3.1212767608,,,,,,,-0.7167766365,,,5143.0484856602,,,,,,,,20089.5114097035,,7336.5803339078,,,57.7122972691,,,,81.0195751428,,,3996.6566087455,-6647.7928446499,,,586.3563758775,-9.501870786,,,23.8919054902,,,,,,,,,,,,,,,,,,,,,,,,,,,,,,,,,,,,,,,,,,,
688271.SH,688271,联影医疗,10477590,通用,2025-12-31 00:00:00,年报,2025年报,058001001,2026-04-29 00:00:00,2026-04-29 00:00:00,CNY,15364921917.28,,,,,,,,,,,,546048902.13,272389039.47,,0,16183359858.88,7989420173.8,,,,,,3144650410.0,924286097.52,1445984328.07,,0.0,13504341009.39,,0.0,2679018849.49,34799167283.24,89618383.8,77500.0,,,,,0,34888863167.04,2093181965.21,36153137997.23,,,,,,0.0,38246319962.44,,0.0,-3357456795.4,12310000.0,11700000.0,1056617791.72,,,,0,1068927791.72,671484320.94,176081824.06,,,68442310.29,,,0,916008455.29,,0,152919336.43,-32037399.47,,0.0,-557556008.95,5867855094.11,,0,5310299085.16,1844047443.71,-1303061.74,289978866.69,289978866.69,,214060079.11,12345595.49,,,,641405.91,552826.48,37113946.49,8053587.21,-80512625.69,-37144944.57,-67473052.67,30328108.1,,-199664647.44,-1689001587.24,2044132552.65,-21325515.81,8927005.83,0.0,2679018849.49,,,,238499926.4,5310299085.16,5867855094.11,,,,,-557556008.95,45.8236204633,,,,,,,,,,,,13.0836672088,0.7706486075,,,43.3446381119,16.00126105,,,,,,8.0615526113,6.7786900307,16.0659664123,,,13.3975237776,,,532.7809185867,29.5910362924,-18.1405671517,-9.9622422306,,,,,,29.397101831,7.5780778635,37.7217725065,,,,,,,35.5918849355,,,-169.825282053,-86.838402076,50.0,90.3874219346,,,,,64.8275908136,7001.7670808414,-42.0014325045,,,-49.8546362524,,,,103.7658029058,,,-23.1456166294,-2125.3382459822,,,66.4683896893,-22.0801816256,,,-9.501870786,48.4831151525,90.5867016081,29.1266655425,29.1266655425,,38.1334901418,2.6329676273,,,,-26.2615318188,1.2392979091,200.3077411557,138.3628266832,17.9062395687,-1.6822299835,6.6385935886,-15.1433437705,,87.6863338136,-26.7673690348,215.1292489543,-229.761253988,-86.8252312098,,532.7809185867,,,,1136.8194516585,-9.501870786,-22.0801816256,,,,,66.4683896893,标准无保留意见,,,,53666931.66,63.6771621127
688271.SH,688271,联影医疗,10477590,通用,2025-09-30 00:00:00,三季报,2025三季报,058001001,2025-10-30 00:00:00,2025-10-30 00:00:00,CNY,9646399214.09,,,,,,,,,,,,368270977.09,185916163.17,,0,10200586354.35,6027998095.17,,,,,,2319928412.81,697170385.67,1048276196.24,,0.0,10093373089.89,,-0.01,107213264.45,25615741714.18,66545829.62,65800.0,,,,,0,25682353343.8,1617289129.65,25635999199.98,,,,,,0.01,27253288329.64,,0.01,-1570934985.83,11700000.0,11700000.0,638908755.2,,,,0,650608755.2,553234320.94,66921423.48,,,41470926.73,,,0,661626671.15,,0,-11017915.95,-12481323.94,,0.0,-1487220961.27,5867855094.11,,0,4380634132.84,,,,,,,,,,,,,,,,,,,,,,,,,,,,,,,,,,,,,,45.3698655459,,,,,,,,,,,,110.5891302321,-53.0391380329,,,41.5463346917,25.6543526167,,,,,,3.7016347402,-0.6216568795,7.4693790386,,,15.8645727095,,,107.1246624784,35.1640982542,-22.6343707447,6020.9302325581,,,,,,34.9032941765,7.3881965526,39.27040032,,,,,,,36.7880669313,,,-77.2805169593,50.0,50.0,,,,,,8241.1378871795,5751.1288587398,-67.2811629118,,,-66.4962685006,,,,95.8808024605,,,96.6609344769,-6.3909328364,,,45.5758706491,-22.0801816256,,,-8.6984122647,,,,,,,,,,,,,,,,,,,,,,,,,,,,,,,,,,,,,,,,,,,
688271.SH,688271,联影医疗,10477590,通用,2025-06-30 00:00:00,中报,2025中报,058001001,2025-08-30 00:00:00,2025-08-30 00:00:00,CNY,6178837680.41,,,,,,,,,,,,324863010.51,158711457.91,,0,6662412148.83,3873800637.0,,,,,,1637468936.03,425196601.6,677186174.43,,0.0,6613652349.06,,0.0,48759799.77,20191246227.11,44402082.08,65400.0,,,,,0,20235713709.19,1077380818.06,18675232199.99,,,,,,0.0,19752613018.05,,0.0,483100691.14,,,71749911.33,,,,0,71749911.33,552984320.94,127366.72,,,40391520.69,,,0,593503208.35,,0,-521753297.02,-717683.65,,0.0,9389510.24,5867855094.11,,0,5877244604.35,987895732.3,197713.08,131136288.8,131136288.8,,88616111.47,6074290.06,,,,640729.77,135014.14,45441421.76,-9357428.8,-39841032.04,-14382738.55,-2902432.67,-11480305.88,,-433898899.22,-925218574.97,64634707.13,95263323.45,-38427668.1,0.0,48759799.77,,,,,5877244604.35,5867855094.11,,,,,9389510.24,42.328911022,,,,,,,,,,,,98.4412761492,-25.3085538676,,,41.2295338522,40.702609352,,,,,,8.3112942985,-20.0275205948,24.1748991511,,,23.8041520148,,,107.8066589269,141.0119517016,-19.1158898329,,,,,,,139.9702995716,10.245174063,151.7665222086,,,,,,,135.0020956883,,,1669.6876195438,,,,,,,,819.8706580769,15904.5362986808,-8.339967948,,,-65.8531069244,,,,386.9503393111,,,-357.3506808402,85.7777291488,,,101.3106123104,-22.0801816256,,,-13.7501787473,4.5873382027,100.5002825785,12.7113998711,12.7113998711,,22.8879310952,4.3455564244,,,,202.8608384649,-27.7786140317,713.2055819572,-1042.1828884793,11.5319005516,-133.2825404068,89.591239512,-152.8580012861,,24.2551734411,48.058572064,-88.1680401023,5791.7825081133,-176.0150821896,,107.8066589269,,,,,-13.7501787473,-22.0801816256,,,,,101.3106123104,,,,,16939466.7,3.8045256105
688271.SH,688271,联影医疗,10477590,通用,2025-03-31 00:00:00,一季报,2025一季报,058001001,2025-04-29 00:00:00,2026-04-29 00:00:00,CNY,2652110705.19,,,,,,,,,,,,181077461.14,126254985.71,,0,2959443152.04,2057100320.04,,,,,,638395608.53,204569091.42,412852351.7,,0.0,3312917371.69,,0.0,-353474219.65,9942883400.0,20241483.44,,,,,,0,9963124883.44,672588192.68,9248487200.0,,,,,,0.0,9921075392.68,,0.0,42049490.76,,,,,1855000.0,,0,1855000.0,250000.0,40502.2,,,10666680.19,,,0,10957182.39,,0,-9102182.39,-571641.91,,0.0,-321098553.19,5867855094.11,,0,5546756540.92,,,,,,,,,,,,,,,,,,,,,,,,,,,,,,,,,,,,,,43.5099055321,,,,,,,,,,,,187.8851895541,-24.3270820537,,,42.4332543419,29.1395060236,,,,,,16.4974979518,-29.5717074083,36.056369982,,,21.1381373291,,,46.202896851,210.9390795557,-3.4893371334,,,,,,,209.5418326603,5.8410101896,150.186546608,,,,,,,128.4666418016,,,103.7417471959,,,,,,,,-76.2179487179,-87.4458873807,-45.8389887284,,,-81.828305614,,,,-81.9681119737,,,82.8149122633,58.4808521098,,,82.5032147234,-22.0801816256,,,-2.6106798181,,,,,,,,,,,,,,,,,,,,,,,,,,,,,,,,,,,,,,,,,,,
688271.SH,688271,联影医疗,10477590,通用,2024-12-31 00:00:00,年报,2024年报,058001001,2025-04-29 00:00:00,2026-04-29 00:00:00,CNY,10536648225.07,,,,,,,,,,,,482871590.22,270305930.58,,0,11289825745.87,6887356311.03,,,,,,2910054810.44,865609137.23,1245829740.42,,0.0,11908849999.12,,0.0,-619024253.25,26853066600.0,109478383.47,86075.0,,,,,0,26962631058.47,1945732817.3,26250851509.72,,10354444.15,,,,0.0,28206938771.17,,0.0,-1244307712.7,93529676.8,7800000.0,554982982.06,,,,0,648512658.86,9455172.4,303596850.17,,,136487812.98,,,0,449539835.55,,0,198972823.31,1581829.58,,0.0,-1662777313.06,7530632407.17,,0,5867855094.11,1241924000.46,-13842775.25,224569313.76,224569313.76,,154966097.57,12028879.0,,,,869838.94,546059.18,-37000082.01,-20993205.94,-98073989.14,-36530418.91,-72270818.6,35740399.69,,-1621488226.31,-1332363052.18,648664812.75,16434424.88,67758349.1,0.0,-619024253.25,,,,19283325.96,5867855094.11,7530632407.17,,,,,-1662777313.06,-4.5802310579,,,,,,,,,,,,6.4695028901,-57.3814780796,,,-6.9278894429,-4.0900133069,,,,,,9.3324938731,-13.4966633563,7.9297682026,,,-0.7404010908,,,-567.1490522688,6.1038941878,-24.2487183859,-33.2852785819,,,,,,5.9313503118,80.8596010616,1.3666130476,,-76.9901241111,,,,,4.4014491866,,,20.4832307055,812.4846517073,-12.8491620112,3105.5008921829,,,,,2252.7988005347,-28.182294274,82.9447210536,,,-73.2701071764,,,,-34.8241919291,,,130.0485677419,340.4004542569,,,20.6370078172,-21.766059555,,,-22.0801816256,-37.2053605221,-132.2780241489,18.4404872596,18.4404872596,,24.7825677506,-0.6933897678,,,,6560.7336741568,35.1509696712,-710.2856690248,-232.1548000174,11.1206902662,53.2987880116,4.0362363374,1327.7555507499,,-240.4024840669,1.2179299113,244.0924043152,-79.5005602846,19.9429056584,,-567.1490522688,,,,-69.878263969,-22.0801816256,-21.766059555,,,,,20.6370078172,标准无保留意见,,,,32788283.33,2.9331025098
688271.SH,688271,联影医疗,10477590,通用,2024-09-30 00:00:00,三季报,2024三季报,058001001,2024-10-31 00:00:00,2025-10-30 00:00:00,CNY,6635762630.63,,,,,,,,,,,,174876536.45,395895976.74,,0,7206535143.82,4797285545.34,,,,,,2237118458.76,701531504.53,975418491.87,,0.0,8711354000.5,,0.0,-1504818856.68,18951587030.16,86014720.31,1075.0,,,,,0,19037602825.47,1506021314.79,18407356581.93,,10354444.15,,,,0.0,19923732340.87,,0.0,-886129515.4,7800000.0,7800000.0,,,,,0,7800000.0,9455172.4,204534847.31,,,123780023.52,,,0,337770043.23,,0,-329970043.23,-11731567.35,,0.0,-2732649982.66,7530632407.17,,0,4797982424.51,,,,,,,,,,,,,,,,,,,,,,,,,,,,,,,,,,,,,,-11.1754723325,,,,,,,,,,,,-38.8142538092,-0.4180395211,,,-11.6197698663,-10.5675011211,,,,,,7.0579816054,-11.2073350494,29.6676144758,,,-3.165186859,,,-78.7016153574,3.2254563692,-17.9644400781,-96.3297427406,,,,,,3.1049704163,146.4305010091,2.3272510732,,,,,,,7.117713953,,,-553.6984167338,85.7142857143,85.7142857143,,,,,,-45.0704225352,-37.1086492429,23.3146998199,,,-73.5594430662,,,,-47.9587413699,,,48.0233465403,-335.8783988258,,,-69.9926997292,-21.766059555,,,-40.1619251896,,,,,,,,,,,,,,,,,,,,,,,,,,,,,,,,,,,,,,,,,,,
688271.SH,688271,联影医疗,10477590,通用,2024-06-30 00:00:00,中报,2024中报,058001001,2024-08-31 00:00:00,2025-08-30 00:00:00,CNY,4341238639.46,,,,,,,,,,,,163707378.23,212489469.85,,0,4717435487.54,2753183224.42,,,,,,1511817347.06,531678653.41,545348680.82,,0.0,5342027905.71,,0.0,-624592418.17,8377695000.0,54895927.01,,,,,,0,8432590927.01,977258938.74,7417678901.93,,10354444.15,,,,0.0,8405292284.82,,0.0,27298642.19,7800000.0,7800000.0,,,,,0,7800000.0,3455172.4,138955.57,,,118287542.59,,,0,121881670.56,,0,-114081670.56,-5046195.91,,0.0,-716421642.45,7530632407.17,,0,6814210764.72,944565326.24,-39520280.84,116346961.31,116346961.31,,72111321.82,5821321.26,-221538436.51,,,-622909.34,186944.82,-7410470.99,993164.8,-45034348.3,-6165372.91,-27884517.79,21719144.88,,-572842950.38,-1781272890.9,546272195.72,1616884.59,50552689.01,0.0,-624592418.17,,,,,6814210764.72,7530632407.17,,,,,-716421642.45,-16.2850287119,,,,,,,,,,,,-14.749175125,-25.7503281821,,,-16.7112103384,-25.1478777113,,,,,,6.3146979355,-11.6408339881,15.1736702041,,,-13.4951673419,,,-22.1195789885,-0.7805320006,-19.5469680317,,,,,,,-0.9312173858,124.9812524077,-15.030208745,,,,,,,-8.280792289,,,104.1849679465,85.7142857143,85.7142857143,,,,,,85.7142857143,-55.9444249629,-99.8829113128,,,653.3746845335,,,,-14.3001715309,,,17.3436648054,-162.2290692395,,,44.6210836129,-21.766059555,,,-18.2175115481,0.5180249616,-2892.5239634762,26.4765477776,26.4765477776,,14.3458495588,13.9695793313,18.2285184158,,,-4526.6592292632,186.3804733198,-205.1285043065,104.1521252057,7.8580503972,12.4702136513,-6827.0351104714,391.2093961258,,6.4839661431,-202.2090429916,598.6804384758,-96.8299440432,266.7877715634,,-22.1195789885,,,,,-18.2175115481,-21.766059555,,,,,44.6210836129,,,,,16318620.6,7.317183814
688271.SH,688271,联影医疗,10477590,通用,2024-03-31 00:00:00,一季报,2024一季报,058001001,2024-04-27 00:00:00,2025-04-29 00:00:00,CNY,1848033203.95,,,,,,,,,,,,62899193.05,166843025.4,,0,2077775422.4,1592928750.76,,,,,,547990832.21,290464362.96,303442133.4,,0.0,2734826079.33,,0.0,-657050656.93,3197695000.0,20973313.04,,,,,,0,3218668313.04,635470307.28,3696636500.0,,10354444.15,,,,0.0,4342461251.43,,0.0,-1123792938.39,7800000.0,7800000.0,,,,,0,7800000.0,1991379.3,74781.1,,,58699425.4,,,0,60765585.8,,0,-52965585.8,-1376815.13,,0.0,-1835185996.25,7530632407.17,,0,5695446410.92,,,,,,,,,,,,,,,,,,,,,,,,,,,,,,,,,,,,,,-23.009324873,,,,,,,,,,,,-7.3787563081,17.6504750837,,,-20.3934657809,-12.5408629032,,,,,,-2.1704446855,2.633400178,17.1043939742,,,-6.4575942627,,,-109.5418698734,59.88475,88.1407568313,,,,,,,60.0413713557,249.3252941544,12.0192878788,,,,,,,24.7147895819,,,23.5913140933,85.7142857143,85.7142857143,,,,,,85.7142857143,-78.4266963665,38.7531621637,,,910.582233819,,,,302.6043163053,,,-386.2293418789,64.97304161,,,-2.002654048,-21.766059555,,,-27.2299173846,,,,,,,,,,,,,,,,,,,,,,,,,,,,,,,,,,,,,,,,,,,
688271.SH,688271,联影医疗,10477590,通用,2023-12-31 00:00:00,年报,2023年报,058001001,2024-04-27 00:00:00,2025-04-29 00:00:00,CNY,11042416411.07,,,,,,,,,,,,453530426.19,634245202.32,,0,12130192039.58,7181062732.36,,,,,,2661655933.52,1000665605.3,1154296688.64,,0.0,11997680959.82,,0.0,132511079.76,25308276200.0,144523473.58,129019.5,,,,,0,25452928693.08,1075825007.84,25896940541.34,,45000000.0,,,,0.0,27017765549.18,,0.0,-1564836856.1,10250000.0,8950000.0,17313455.86,,,,0,27563455.86,13165517.2,165950046.78,,,510618631.66,,,0,689734195.64,,0,-662170739.78,-657997.75,,0.0,-2095154513.87,9625786921.04,,0,7530632407.17,1977754806.44,42886067.58,189605192.41,189605192.41,,124188899.43,12112868.39,-95959922.96,,,-13463.47,404036.45,6062747.97,15885314.75,-110345129.18,-78221565.04,-75310529.56,-2911035.48,,-476344416.45,-1348790373.58,-450172801.15,80170117.37,56492169.11,0.0,132511079.76,,,,64017976.72,7530632407.17,9625786921.04,,,,,-2095154513.87,10.7747668712,,,,,,,,,,,,42.3886558089,45.6860916967,,,13.1313868227,9.4049115136,,,,,,34.659959544,43.0329653014,44.3819388866,,,19.505920731,,,-80.5933675265,253.27148984,275.3765380525,-92.5204608393,,,,,,251.9358942716,45.119911091,132.1125240696,,,,,,,126.6386635207,,,66.6261579595,-99.9050525036,,0.429701466,,,,,-99.7450820939,-59.1268125987,17244.4884697385,,,901.064150708,,,,719.4048828161,,,-106.1720694467,-102.1530229059,,,-131.025229809,235.0757028747,,,-21.766059555,19.8577077403,-42.6247023923,18.0206184883,18.0206184883,,20.9828613236,28.4027455309,32.4348924238,,,-2412.3574471009,188.0652226347,121.2731393767,180.3705527763,-771.1221467524,-52.84230295,-38.0602685169,-186.3534725401,,63.3538968121,-4.8357234484,-130.7576053851,196.963784207,59.8644488629,,-80.5933675265,,,,1584.2945524472,-21.766059555,235.0757028747,,,,,-131.025229809,标准无保留意见,,,,31853973.63,113.7579631651
688271.SH,688271,联影医疗,10477590,通用,2023-09-30 00:00:00,三季报,2023三季报,058001001,2023-10-28 00:00:00,2024-10-31 00:00:00,CNY,7470642180.58,,,,,,,,,,,,285812541.87,397557925.99,,0,8154012648.44,5364141229.95,,,,,,2089632575.93,790078217.52,752245266.34,,0.0,8996097289.74,,0.0,-842084641.3,18359412200.0,104850531.15,29289.5,,,,,0,18464292020.65,611134298.97,17988714041.34,,,,,,0.0,18599848340.31,,0.0,-135556319.66,4200000.0,4200000.0,10000000.0,,,,0,14200000.0,15034137.9,165864124.56,,,468144539.58,,,0,649042802.04,,0,-634842802.04,4973565.79,,0.0,-1607510197.21,9625786921.04,,0,8018276723.83,,,,,,,,,,,,,,,,,,,,,,,,,,,,,,,,,,,,,,37.5705502645,,,,,,,,,,,,49.1386038972,101.6494433862,,,40.1224930198,25.5188215395,,,,,,44.0466816911,40.5116197922,89.4347807522,,,34.599067363,,,2.5840849815,297.4204675906,197.9554221771,-98.092598742,,,,,,296.5383396682,13.1221115509,216.1407273257,,,,,,,197.4539860418,,,91.5099384384,-99.9610651103,,0.0,,,,,-99.8684849091,-47.0628947183,10345.0562399646,,,3818.0124171484,,,,1447.6803617753,,,-105.9026023894,-87.7396170089,,,-119.2867266357,235.0757028747,,,-28.4562838903,,,,,,,,,,,,,,,,,,,,,,,,,,,,,,,,,,,,,,,,,,,
688271.SH,688271,联影医疗,10477590,通用,2023-06-30 00:00:00,中报,2023中报,058001001,2023-08-19 00:00:00,2024-08-31 00:00:00,CNY,5185737476.42,,,,,,,,,,,,192030257.15,286182369.09,,0,5663950102.66,3678163210.66,,,,,,1422021015.36,601724390.81,473501174.23,,0.0,6175409791.06,,0.0,-511459688.4,8443600000.0,68233509.25,21289.5,,,,,0,8511854798.75,434373499.25,8729783600.0,,,,,,0.0,9164157099.25,,0.0,-652302300.5,4200000.0,4200000.0,,,,,0,4200000.0,7842758.6,118675487.2,,,15701024.34,,,0,142219270.14,,0,-138019270.14,8109065.38,,0.0,-1293672193.66,9625786921.04,,0,8332114727.38,939697458.84,-1320633.73,91990936.94,91990936.94,,63064223.23,5107785.16,-270923838.26,,,-13463.48,65278.48,7048964.54,-23919432.84,-48874967.91,-7043742.67,414514.23,-7458256.9,,-612561211.97,-589417468.54,-109543538.02,51004922.69,13782544.82,0.0,-511459688.4,,,,,8332114727.38,9625786921.04,,,,,-1293672193.66,49.6804591001,,,,,,,,,,,,30.3623720616,139.1279683341,,,51.7866252924,24.798562084,,,,,,49.1713564722,52.5334177281,118.2799938236,,,36.8672309843,,,34.4660375284,99.4487036309,95.2937644292,-98.61117284,,,,,,99.3436020862,24.972223948,108.1056325083,,,,,,,100.742345531,,,-120.9750685565,-76.6666666667,,,,,,,-76.6666666667,37.7208864819,9833.6498695552,,,75.3310153093,,,,797.5977204228,,,-6502.9220739758,6.2375191982,,,-21.3742398736,235.0757028747,,,361.1362700992,23.9356202646,-108.692462578,22.1007572232,22.1007572232,,25.589251089,-2.5061631084,,,,-2412.3591646057,,10632.6391528661,-968.1583458686,-3584.515351009,82.8744455389,101.1256347117,-73.2431967965,,-29.7529391083,50.4936432708,-19.9333334183,112.2481321191,-18.7073484258,,34.4660375284,,,,,361.1362700992,235.0757028747,,,,,-21.3742398736,,,,,15205971.7,76.697005217
688271.SH,688271,联影医疗,10477590,通用,2023-03-31 00:00:00,一季报,2023一季报,058001001,2023-04-28 00:00:00,2024-04-27 00:00:00,CNY,2400333807.83,,,,,,,,,,,,67910114.94,141812453.61,,0,2610056376.38,1821340575.31,,,,,,560148546.57,283011536.65,259121048.41,,0.0,2923621706.94,,0.0,-313565330.56,2000000000.0,11147671.24,,,,,,0,2011147671.24,181913625.47,3300000000.0,,,,,,0.0,3481913625.47,,0.0,-1470765954.23,4200000.0,4200000.0,,,,,0,4200000.0,9230757.3,53895.06,,,5808475.89,,,0,15093128.25,,0,-10893128.25,-3930729.91,,0.0,-1799155142.95,9625786921.04,,0,7826631778.09,,,,,,,,,,,,,,,,,,,,,,,,,,,,,,,,,,,,,,76.6931388381,,,,,,,,,,,,-25.5540124099,251.0814606064,,,75.1610307761,31.2099491245,,,,,,81.138203945,37.489562422,140.4205900507,,,45.3836359652,,,39.8009237714,91.3875598086,318.4976679198,,,,,,,91.806158688,-29.642426428,50.341754142,,,,,,,40.6133928578,,,-3.0164191682,-76.6666666667,,,,,,,-76.6666666667,153.306753326,-82.4009441534,,,41.7794788055,,,,87.5580051102,,,-209.4476446672,-455.3925590341,,,7.228294976,235.0757028747,,,738.5221873545,,,,,,,,,,,,,,,,,,,,,,,,,,,,,,,,,,,,,,,,,,,
688271.SH,688271,联影医疗,10477590,通用,2022-12-31 00:00:00,年报,2022年报,058001001,2023-04-28 00:00:00,2024-04-27 00:00:00,CNY,9968349943.73,,,,,,,,,,,,318515842.16,435350550.58,,0,10722216336.47,6563748037.46,,,,,,1976575622.43,699604880.03,799474433.95,,0.0,10039402973.87,,0.0,682813362.6,7163973580.62,38500934.11,1724965.9,,,28063300.0,,0,7232262780.63,741335217.03,11157063000.0,,,,22677000.0,,0.0,11921075217.03,,0.0,-4688812436.4,10795440000.0,,17239378.0,,,,0,10812679378.0,32210644.77,956788.36,,,51007583.41,,,0,84175016.54,,0,10728504361.46,30561576.85,,0.0,6753066864.51,2872720056.53,,0,9625786921.04,1650085625.47,74746571.03,160654294.85,160654294.85,,102649993.62,9433496.41,-142025856.84,,,582.24,140258.67,-28499545.19,-19765093.31,-12667009.97,-51177955.01,-54549024.4,3371069.39,,-1299850120.51,-1286575157.03,1463614593.9,-82680475.01,35337543.47,0.0,682813362.6,,,,3800877.74,9625786921.04,2872720056.53,,,,,6753066864.51,26.7713475613,,,,,,,,,,,,25.202882471,99.1899691342,,,28.622168036,35.9272145214,,,,,,32.2323690085,41.5255519976,38.8494889234,,,35.7821021037,,,-27.5492404064,-30.2157958946,-13.7559650964,-64.3442284828,,,,,,-29.8886812392,113.8035770187,9.1358100772,,,,,,,12.783912254,,,-1742.819638074,24882.0808835778,,-42.5354066667,,,,,14668.8508293115,-94.5002703228,-88.1955192627,,,-87.7029016416,,,,-91.6540715511,,,1246.98821029,812.1400916723,,,2783.6239413642,-8.0541244913,,,235.0757028747,17.5685516574,196.6350612439,8.4862876273,8.4862876273,,16.0647281856,-1.4558348158,2.1095266702,,,-99.909948509,,-369.1772644879,-373.8632712717,78.242949228,-452.7494062937,-499.3139509084,2248.7190112144,,-178.256795555,-143.3600002008,267.6863011323,-739.1565349362,29.6359469701,,-27.5492404064,,,,,235.0757028747,-8.0541244913,,,,,2783.6239413642,标准无保留意见,,,,14901888.64,30.4953906331
688271.SH,688271,联影医疗,10477590,通用,2022-09-30 00:00:00,三季报,2022三季报,058001001,2022-10-29 00:00:00,2023-10-28 00:00:00,CNY,5430408009.72,,,,,,,,,,,,191642227.03,197152999.44,,0,5819203236.19,4273575201.04,,,,,,1450663459.51,562286748.02,397099869.07,,0.0,6683625277.64,,0.0,-864422041.45,4619644355.84,35190006.07,1535570.97,,,,,0,4656369932.88,540243008.72,5690097000.0,,,,22677000.0,,0.0,6253017008.72,,0.0,-1596647075.84,10787240000.0,,10000000.0,,,,0,10797240000.0,28400000.0,1587967.75,,,11948521.08,,,0,41936488.83,,0,10755303511.17,40566153.55,,0.0,8334800547.43,2872720056.53,,0,11207520603.96,,,,,,,,,,,,,,,,,,,,,,,,,,,,,,,,,,,,,,16.4380246227,,,,,,,,,,,,-5.0274419215,65.4773604785,,,16.7411905347,27.7335020951,,,,,,29.9811431495,83.347452165,-11.3828488595,,100.0,28.1237539223,,100.0,-272.8618917457,-35.889006428,-13.1081351705,-65.9969958854,,,,,,-35.7807327979,104.6359941203,-26.3528865998,,,,,,,-21.7410902614,,,-115.9295487585,24863.1049953097,,-55.8888398765,,,,,16288.5732260092,-95.1185974562,-75.5431115072,,,-97.0911004892,,,,-95.8023648894,,,1252.5585719028,1170.8567334878,,-100.0,536.7840842987,-8.0541244913,,,821.5649606003,,,,,,,,,,,,,,,,,,,,,,,,,,,,,,,,,,,,,,,,,,,
688271.SH,688271,联影医疗,10477590,通用,2022-06-30 00:00:00,中报,2022中报,058001001,2022-08-19 00:00:00,2023-08-19 00:00:00,CNY,3464538729.77,,,,,,,,,,,,147304973.14,119677497.82,,0,3731521200.73,2947280120.25,,,,,,953280206.73,394486926.06,216923761.97,,0.0,4511971015.01,,0.0,-780449814.28,4233469481.77,34938908.29,1532912.13,,,,,0,4269941302.19,347576033.72,4194880981.73,,,,22677000.0,,0.0,4565134015.45,,0.0,-295192713.26,18000000.0,,,,,,0,18000000.0,5694676.24,1194681.6,,,8955075.24,,,0,15844433.08,,0,2155566.92,7632958.15,,0.0,-1065854002.47,2872720056.53,,0,1806866054.06,758214189.62,15192860.69,75340185.46,75340185.46,,50214666.21,5239085.18,,,,582.24,,-66924.96,-2239315.26,-1326496.52,-41130012.38,-36824933.14,-4305079.24,,-472098139.88,-1190589466.65,-91337024.41,24030799.32,16954232.09,0.0,-780449814.28,,,,,1806866054.06,2872720056.53,,,,,-1065854002.47,15.7092274797,,,,,,,,,,,,-12.465690693,17.9138220954,,,14.3251427373,36.0070542605,,,,,,19.2934685187,47.7109472638,-28.5538668548,,,27.5722762871,,,-186.0457630762,-25.8465927953,51.0901296062,-62.8522700876,,,,,,-25.5633786509,131.8273980662,-34.4002675444,,,,,,,-30.2456891674,,,63.4773526327,-58.3456111187,,,,,,,-67.7896929557,-99.0073119706,-75.4517141156,,,-97.800231484,,,,-98.3924409477,,,100.23184674,61.7030283896,,,46.8694559077,-8.0541244913,,,61.5789521274,18.550408368,27.2715073062,9.2089075241,9.2089075241,,17.2666783832,9.2798497395,,,,-99.7369756318,,96.5541026798,26.1636317844,86.4507053032,-209.0297150726,-197.3500729352,-4053.1755966016,,2.9668560337,-398.4476129777,75.4942854685,,253.601265821,,-186.0457630762,,,,,61.5789521274,-8.0541244913,,,,,46.8694559077,,,,,8605675.96,25.4133723419
688271.SH,688271,联影医疗,10477590,通用,2022-03-31 00:00:00,一季报,2022一季报,058001001,2022-07-29 00:00:00,2023-04-28 00:00:00,CNY,1358475956.46,,,,,,,,,,,,91220651.56,40393033.96,,0,1490089641.98,1388111638.99,,,,,,309238213.9,205842197.52,107778226.63,,0.0,2010970277.04,,0.0,-520880635.06,1045000000.0,2663735.57,867596.79,,,,,0,1048531332.36,258555854.38,2194999000.0,,,,22677000.0,,0.0,2476231854.38,,0.0,-1427700522.02,18000000.0,,,,,,0,18000000.0,3644102.33,306238.36,,,4096838.23,,,0,8047178.92,,0,9952821.08,-707739.03,,0.0,-1939336075.03,2872720056.53,,0,933383981.5,301681648.1,10930598.15,35492346.02,35492346.02,,27222185.6,2519542.59,,,,-583741.26,,-36221.67,-2727037.16,2021263.38,-10141248.99,-10095730.44,-45518.55,,-431649591.08,-458675311.9,-52252918.79,,24296828.54,0.0,-520880635.06,,,,,933383981.5,2872720056.53,,,,,-1939336075.03,-10.2869665647,,,,,,,,,,,,-8.0181676692,26.5121291661,,,-9.4361239867,45.182134582,,,,,,-4.5472499813,26.2958083684,-23.8562984236,,,26.9057349474,,,-957.7096558079,-51.9476754739,-62.8672771338,18.1547147746,,,,,,-51.9605169786,93.2093251107,-41.1160803979,,,,,,,-35.8737184654,,,14.9595155635,-4.7675594022,,,,,,,-30.3839924646,-99.2103056072,-89.7544926559,,,-98.9852562991,,,,-99.0730953267,,,101.181594097,-115.611934391,,,21.0338141186,-8.0541244913,,,39.6334689202,2.1996305572,43.1280573215,-8.9827377944,-8.9827377944,,48.8213976188,5.1081347937,,,,-331.9597981723,,96.3309557497,-31.2070371972,118.1783329033,35.7874196253,35.8144437676,29.1734864513,,-22.1312770716,-286.2363612012,-130.3813169187,,65.9593679216,,-957.7096558079,,,,,39.6334689202,-8.0541244913,,,,,21.0338141186,,,,,3691527.2,345.6038710602
688271.SH,688271,联影医疗,10477590,通用,2021-12-31 00:00:00,年报,2021年报,058001001,2022-04-08 00:00:00,2023-04-28 00:00:00,CNY,7863251543.42,,,,,,,,,,,,254399767.7,218560478.96,,0,8336211790.08,4828869671.59,,,,,,1494774416.62,494331143.85,575784930.97,,0.0,7393760163.03,,0.0,942451627.05,10265895660.0,44641851.64,4837830.81,24379.68,,,,0,10315399722.13,346736582.88,10223100000.0,,,,,,0.0,10569836582.88,,0.0,-254436860.75,43212733.36,,30000000.0,,,,0,73212733.36,585676872.51,8105298.16,,,414793652.32,,,0,1008575822.99,,0,-935363089.63,-4291511.91,,0.0,-251639835.24,3124359891.77,,0,2872720056.53,1403509358.76,25198157.87,148087189.97,148087189.97,,88442023.02,9572861.46,-145086495.15,,,646563.42,,10587649.46,-4171054.08,-58220252.84,-9258798.73,-9101911.33,-156887.4,,-467140476.45,-528671579.54,398060680.91,12935872.59,27259062.24,0.0,942451627.05,,,,,2872720056.53,3124359891.77,,,,,-251639835.24,-3.5331846219,,,,,,,,,,,,-21.770232389,-30.7464398125,,,-5.1845605016,48.0734818935,,,,,,35.5651114327,-15.3701583098,7.7411158812,,,34.8665109218,,,-71.5250777667,-7.6472505113,-23.3102568327,-63.6629223068,,,,,,-8.5366911545,-50.6476690272,-5.8892486802,,,,,,,-9.3139289187,,,32.5512844116,-50.8946211818,,-97.2258632767,,,,,-94.4384867749,-75.9278009661,-85.7002758648,,,327.6223219794,,,,-61.0089071436,,,26.3647349255,69.4754589726,,,-115.2675018356,111.6553884106,,,-8.0541244913,49.8444028109,277.7355605277,21.2204017883,21.2204017883,,27.5522313845,212.8031618456,,,,-61.9257215247,,315.8131286363,-106.7299607585,-104.1096787886,-104.9350218652,-105.2475311138,-101.1077404399,,-236.8440259222,-737.1291897923,-78.4382733932,,-80.7342855419,,-71.5250777667,,,,,-8.0541244913,111.6553884106,,,,,-115.2675018356,标准无保留意见,,,,11419475.1,
688271.SH,688271,联影医疗,10477590,通用,2021-09-30 00:00:00,三季报,2021三季报,058001001,2022-10-29 00:00:00,2022-10-29 00:00:00,CNY,4663775452.49,,,,,,,,,,,,201786948.68,119141977.41,,0,4984704378.58,3345696415.54,,,,,,1116056855.91,306678244.71,448107238.79,,-0.01,5216538754.94,,-0.01,-231834376.37,7205697647.86,40498619.91,4515986.19,24379.68,,,,0,7250736633.64,264001946.99,7726164322.39,,,,,,0.0,7990166269.38,,0.0,-739429635.74,43212733.36,,22670000.0,,,,0,65882733.36,581800000.0,6492926.32,,,410757437.16,,,0,999050363.48,,0,-933167630.12,-3788196.15,,0.01,-1908219838.37,3124359891.77,,0,1216140053.4,,,,,,,,,,,,,,,,,,,,,,,,,,,,,,,,,,,,,,,,,,,,,,,,,,,,,,,,,,,,,,,,,,,,,,,,,,,,,,,,,,,,,,,,,,,,,,,,,,,,,,,,,,,,,,,,,,,,,,,,,,,,,,,,,,,,,,,,,,,,,,,,,,,,,,,,,,,,,,,,,
688271.SH,688271,联影医疗,10477590,通用,2021-06-30 00:00:00,中报,2021中报,058001001,2021-12-31 00:00:00,2022-08-19 00:00:00,CNY,2994176700.71,,,,,,,,,,,,168282556.07,101495732.81,,0,3263954989.59,2167005333.86,,,,,,799105113.27,267066817.57,303618617.86,,0.0,3536795882.56,,0.0,-272840892.97,5709069402.68,23124547.17,4126529.76,24379.68,,,,0,5736344859.29,149928799.02,6394661723.0,,,,,,0.0,6544590522.02,,0.0,-808245662.73,43212733.36,,12670000.0,,,,0,55882733.36,573662225.31,4866659.96,,,407091708.74,,,0,985620594.01,,0,-929737860.65,4720355.72,,0.0,-2006104060.63,3124359891.77,,0,1118255831.14,639571132.7,11937362.11,68987216.49,68987216.49,,42820916.31,4794191.42,,,,221363.52,,-1942163.5,-3032807.97,-9790151.81,37723672.26,37827329.79,-103657.53,,-486532869.68,-238859498.1,-372717246.39,,4794731.73,0.0,-272840892.97,,,,,1118255831.14,3124359891.77,,,,,-2006104060.63,,,,,,,,,,,,,,,,,,,,,,,,,,,,,,,,,,,,,,,,,,,,,,,,,,,,,,,,,,,,,,,,,,,,,,,,,,,,,,,,,,,,,,,,,,,,,,,,,,,,,,,,,,,,,,,,,,,,,,,标准无保留意见,,,,6861848.78,
688271.SH,688271,联影医疗,10477590,通用,2021-03-31 00:00:00,一季报,2021一季报,058001001,2022-07-29 00:00:00,2022-07-29 00:00:00,CNY,1514245928.87,,,,,,,,,,,,99172466.18,31928190.78,,0,1645346585.83,956117392.12,,,,,,323969936.79,162984187.82,141545819.81,,0.0,1584617336.54,,0.0,60729249.29,2174712691.44,7173553.04,734288.76,24379.68,,,,0,2182644912.92,133821622.86,3727671348.7,,,,,,0.0,3861492971.56,,0.0,-1678848058.64,18901122.23,,6955000.0,,,,0,25856122.23,461457288.18,2989001.42,,,403731329.06,,,0,868177618.66,,0,-842321496.43,4533320.55,,0.0,-2455906985.23,3124359891.77,,0,668452906.54,295188589.68,7636936.01,38995180.87,38995180.87,,18291849.18,2397095.71,,,,251656.22,,-987223.58,-2078422.94,-11119080.01,-15793243.21,-15728975.54,-64267.67,,-353430833.96,-118755083.15,171990302.23,,14640227.21,0.0,60729249.29,,,,,668452906.54,3124359891.77,,,,,-2455906985.23,,,,,,,,,,,,,,,,,,,,,,,,,,,,,,,,,,,,,,,,,,,,,,,,,,,,,,,,,,,,,,,,,,,,,,,,,,,,,,,,,,,,,,,,,,,,,,,,,,,,,,,,,,,,,,,,,,,,,,,,,,,828432.48,
688271.SH,688271,联影医疗,10477590,通用,2020-12-31 00:00:00,年报,2020年报,058001001,2021-12-31 00:00:00,2022-08-16 00:00:00,CNY,8151250264.25,,,,,,,,,,,,325195607.08,315594575.02,,0,8792040446.35,3261130629.09,,,,,,1102624709.87,584109734.79,534415228.82,,0.0,5482280302.57,,0.0,3309760143.78,11115961048.09,58210980.76,13313758.61,,,90697620.0,,0,11278183407.46,702573872.49,10862839640.14,,,,90000000.0,,0.0,11655413512.63,,0.0,-377230105.17,88000000.0,,1081417500.0,,147000000.0,,0,1316417500.0,2433001121.69,56681500.17,,,97000000.0,,,0,2586682621.86,,0,-1270265121.86,-14059218.47,,0.0,1648205698.28,1476154193.49,,0,3124359891.77,936644500.85,6670846.09,122163586.15,122163586.15,,69337887.75,3060346.77,,,,1698163.29,,-4905933.91,61977390.8,-28524003.95,187614137.95,173451307.53,14162830.42,,-138681538.19,82977139.96,1846144736.78,,141490014.81,0.0,3309760143.78,,,,,3124359891.77,1476154193.49,,,,,1648205698.28,120.7826612034,,,,,,,,,,,,91.1361551058,-12.3867168808,,,108.2271867176,49.8108784843,,,,,,10.1689341896,105.0716471632,6.3983686412,,,38.2741529841,,,1185.1424295671,32.2599691847,-11.3931277473,2193.6040810286,,,-41.1826374372,,,30.7599036689,8.311312058,24.1250345956,,,,-40.7114624506,,,22.0207682354,,,59.3012255441,6290.9829041207,,-38.9592002475,,-58.1196581197,,,-38.0219955952,54.3549861619,-26.9041609608,,,-52.0582418762,,,,39.3603873433,,,-574.1614443204,-14420.7351427356,,,510.6679685761,-21.3766792002,,,111.6553884106,2049.4091691257,-85.7116487662,43.3264755095,43.3264755095,,27.2697427436,15.8459490387,,,,106.2574583099,,-500.0923428078,-27.6016390002,-33.0653887195,6058.0208130933,3968.7565346505,1264.3786036626,,57.7458312351,145.4538786626,253.136515862,,318.3791372369,,1185.1424295671,,,,,111.6553884106,-21.3766792002,,,,,510.6679685761,标准无保留意见,,,,,
688271.SH,688271,联影医疗,10477590,通用,2019-12-31 00:00:00,年报,2019年报,058001001,2021-12-31 00:00:00,2022-08-16 00:00:00,CNY,3691979351.92,,,,,,,,,,,,170138196.46,360213159.22,,0,4222330707.6,2176831657.41,,,,,,1000849030.61,284832029.62,502277652.98,,0.0,3964790370.62,,0.0,257540336.98,8404630000.0,65695785.53,580473.27,,,154202120.0,,0,8625108378.8,648661584.04,8751530000.0,,,,151800000.0,,0.0,9551991584.04,,0.0,-926883205.24,1376940.0,1376940.0,1771630621.46,,351000000.0,,0,2124007561.46,1576237465.46,77544085.84,,,202328833.56,,,0,1856110384.86,,0,267897176.6,98173.86,,0.0,-401347517.8,1877501711.29,,0,1476154193.49,-48047609.28,46687304.79,85234487.01,85234487.01,,54481046.52,2641738.27,,,,-27138227.79,,-817529.83,85606068.9,-21436080.58,3046662.94,4263005.32,-1216342.38,,-328207943.13,-182552385.85,522785000.66,,33818611.45,0.0,257540336.98,,,,,1476154193.49,1877501711.29,,,,,-401347517.8,31.5331304058,,,,,,,,,,,,-49.2302544039,18.5613339232,,,22.5348926702,16.4823213879,,,,,,32.676634866,39.3898697561,23.5545854201,,,22.5961338304,,,21.599757665,-11.0536453207,42.8988297351,486.540029487,,,,,,-10.2427444661,15.6682383523,-7.656188238,,,,4815.1027703307,,,-4.8701088118,,,-114.7415145908,-98.8310649246,-95.8281109227,58.6072131452,,55030.666354626,,,71.9254578976,130.254721201,24.4018191096,,,,,,,148.5098648776,,,-45.1623108502,103.5050231734,,,-250.9434748296,16.4985782787,,,-21.3766792002,63.6218812241,-4.403821615,21.2058747547,21.2058747547,,58.8527046935,-70.9139934788,,,,-12571.8229563809,,-3948.2716120298,11.9897454649,78.9903156346,104.6822979495,107.4344862786,84.2579986107,,10.575655274,-224.5154377702,-4.9415266614,,158.5529565367,,21.599757665,,,,,-21.3766792002,16.4985782787,,,,,-250.9434748296,标准无保留意见,,,,,
688271.SH,688271,联影医疗,10477590,通用,2018-12-31 00:00:00,年报,2018年报,058001001,2021-12-31 00:00:00,2021-12-31 00:00:00,CNY,2806881688.69,,,,,,,,,,,,335117291.73,303820096.57,,0,3445819076.99,1868808615.31,,,,,,754352137.15,204341987.06,406522875.11,,0.0,3234025614.63,,0.0,211793462.36,9449100000.0,45973634.39,98965.67,114199174.4,,,,0,9609371774.46,560794902.11,9477115827.27,,,,3088440.0,,0.0,10040999169.38,,0.0,-431627394.92,117794395.0,33005192.0,1116992466.06,,636669.25,,0,1235423530.31,684562495.5,62333562.64,,,,,,0,746896058.14,,0,488527472.17,-2800947.53,,0.0,265892592.08,1611609119.21,,0,1877501711.29,-132078323.17,48838045.18,70322075.71,70322075.71,,34296580.99,9082505.94,,,,217596.32,,-20194.54,76440988.9,-102029522.23,-65067686.27,-57340953.5,-7726732.77,,-367023033.98,146610242.97,549961494.54,,-57757308.0,0.0,211793462.36,,,,,1877501711.29,1611609119.21,,,,,265892592.08,,,,,,,,,,,,,,,,,,,,,,,,,,,,,,,,,,,,,,,,,,,,,,,,,,,,,,,,,,,,,,,,,,,,,,,,,,,,,,,,,,,,,,,,,,,,,,,,,,,,,,,,,,,,,,,,,,,,,,,标准无保留意见,,,,,
