SECUCODE,SECURITY_CODE,SECURITY_NAME_ABBR,ORG_CODE,ORG_TYPE,REPORT_DATE,REPORT_TYPE,REPORT_DATE_NAME,SECURITY_TYPE_CODE,NOTICE_DATE,UPDATE_DATE,CURRENCY,TOTAL_OPERATE_INCOME,TOTAL_OPERATE_INCOME_YOY,OPERATE_INCOME,OPERATE_INCOME_YOY,INTEREST_INCOME,INTEREST_INCOME_YOY,EARNED_PREMIUM,EARNED_PREMIUM_YOY,FEE_COMMISSION_INCOME,FEE_COMMISSION_INCOME_YOY,OTHER_BUSINESS_INCOME,OTHER_BUSINESS_INCOME_YOY,TOI_OTHER,TOI_OTHER_YOY,TOTAL_OPERATE_COST,TOTAL_OPERATE_COST_YOY,OPERATE_COST,OPERATE_COST_YOY,INTEREST_EXPENSE,INTEREST_EXPENSE_YOY,FEE_COMMISSION_EXPENSE,FEE_COMMISSION_EXPENSE_YOY,RESEARCH_EXPENSE,RESEARCH_EXPENSE_YOY,SURRENDER_VALUE,SURRENDER_VALUE_YOY,NET_COMPENSATE_EXPENSE,NET_COMPENSATE_EXPENSE_YOY,NET_CONTRACT_RESERVE,NET_CONTRACT_RESERVE_YOY,POLICY_BONUS_EXPENSE,POLICY_BONUS_EXPENSE_YOY,REINSURE_EXPENSE,REINSURE_EXPENSE_YOY,OTHER_BUSINESS_COST,OTHER_BUSINESS_COST_YOY,OPERATE_TAX_ADD,OPERATE_TAX_ADD_YOY,SALE_EXPENSE,SALE_EXPENSE_YOY,MANAGE_EXPENSE,MANAGE_EXPENSE_YOY,ME_RESEARCH_EXPENSE,ME_RESEARCH_EXPENSE_YOY,FINANCE_EXPENSE,FINANCE_EXPENSE_YOY,FE_INTEREST_EXPENSE,FE_INTEREST_EXPENSE_YOY,FE_INTEREST_INCOME,FE_INTEREST_INCOME_YOY,ASSET_IMPAIRMENT_LOSS,ASSET_IMPAIRMENT_LOSS_YOY,CREDIT_IMPAIRMENT_LOSS,CREDIT_IMPAIRMENT_LOSS_YOY,TOC_OTHER,TOC_OTHER_YOY,FAIRVALUE_CHANGE_INCOME,FAIRVALUE_CHANGE_INCOME_YOY,INVEST_INCOME,INVEST_INCOME_YOY,INVEST_JOINT_INCOME,INVEST_JOINT_INCOME_YOY,NET_EXPOSURE_INCOME,NET_EXPOSURE_INCOME_YOY,EXCHANGE_INCOME,EXCHANGE_INCOME_YOY,ASSET_DISPOSAL_INCOME,ASSET_DISPOSAL_INCOME_YOY,ASSET_IMPAIRMENT_INCOME,ASSET_IMPAIRMENT_INCOME_YOY,CREDIT_IMPAIRMENT_INCOME,CREDIT_IMPAIRMENT_INCOME_YOY,OTHER_INCOME,OTHER_INCOME_YOY,OPERATE_PROFIT_OTHER,OPERATE_PROFIT_OTHER_YOY,OPERATE_PROFIT_BALANCE,OPERATE_PROFIT_BALANCE_YOY,OPERATE_PROFIT,OPERATE_PROFIT_YOY,NONBUSINESS_INCOME,NONBUSINESS_INCOME_YOY,NONCURRENT_DISPOSAL_INCOME,NONCURRENT_DISPOSAL_INCOME_YOY,NONBUSINESS_EXPENSE,NONBUSINESS_EXPENSE_YOY,NONCURRENT_DISPOSAL_LOSS,NONCURRENT_DISPOSAL_LOSS_YOY,EFFECT_TP_OTHER,EFFECT_TP_OTHER_YOY,TOTAL_PROFIT_BALANCE,TOTAL_PROFIT_BALANCE_YOY,TOTAL_PROFIT,TOTAL_PROFIT_YOY,INCOME_TAX,INCOME_TAX_YOY,EFFECT_NETPROFIT_OTHER,EFFECT_NETPROFIT_OTHER_YOY,EFFECT_NETPROFIT_BALANCE,EFFECT_NETPROFIT_BALANCE_YOY,UNCONFIRM_INVEST_LOSS,UNCONFIRM_INVEST_LOSS_YOY,NETPROFIT,NETPROFIT_YOY,PRECOMBINE_PROFIT,PRECOMBINE_PROFIT_YOY,CONTINUED_NETPROFIT,CONTINUED_NETPROFIT_YOY,DISCONTINUED_NETPROFIT,DISCONTINUED_NETPROFIT_YOY,PARENT_NETPROFIT,PARENT_NETPROFIT_YOY,MINORITY_INTEREST,MINORITY_INTEREST_YOY,DEDUCT_PARENT_NETPROFIT,DEDUCT_PARENT_NETPROFIT_YOY,NETPROFIT_OTHER,NETPROFIT_OTHER_YOY,NETPROFIT_BALANCE,NETPROFIT_BALANCE_YOY,BASIC_EPS,BASIC_EPS_YOY,DILUTED_EPS,DILUTED_EPS_YOY,OTHER_COMPRE_INCOME,OTHER_COMPRE_INCOME_YOY,PARENT_OCI,PARENT_OCI_YOY,MINORITY_OCI,MINORITY_OCI_YOY,PARENT_OCI_OTHER,PARENT_OCI_OTHER_YOY,PARENT_OCI_BALANCE,PARENT_OCI_BALANCE_YOY,UNABLE_OCI,UNABLE_OCI_YOY,CREDITRISK_FAIRVALUE_CHANGE,CREDITRISK_FAIRVALUE_CHANGE_YOY,OTHERRIGHT_FAIRVALUE_CHANGE,OTHERRIGHT_FAIRVALUE_CHANGE_YOY,SETUP_PROFIT_CHANGE,SETUP_PROFIT_CHANGE_YOY,RIGHTLAW_UNABLE_OCI,RIGHTLAW_UNABLE_OCI_YOY,UNABLE_OCI_OTHER,UNABLE_OCI_OTHER_YOY,UNABLE_OCI_BALANCE,UNABLE_OCI_BALANCE_YOY,ABLE_OCI,ABLE_OCI_YOY,RIGHTLAW_ABLE_OCI,RIGHTLAW_ABLE_OCI_YOY,AFA_FAIRVALUE_CHANGE,AFA_FAIRVALUE_CHANGE_YOY,HMI_AFA,HMI_AFA_YOY,CASHFLOW_HEDGE_VALID,CASHFLOW_HEDGE_VALID_YOY,CREDITOR_FAIRVALUE_CHANGE,CREDITOR_FAIRVALUE_CHANGE_YOY,CREDITOR_IMPAIRMENT_RESERVE,CREDITOR_IMPAIRMENT_RESERVE_YOY,FINANCE_OCI_AMT,FINANCE_OCI_AMT_YOY,CONVERT_DIFF,CONVERT_DIFF_YOY,ABLE_OCI_OTHER,ABLE_OCI_OTHER_YOY,ABLE_OCI_BALANCE,ABLE_OCI_BALANCE_YOY,OCI_OTHER,OCI_OTHER_YOY,OCI_BALANCE,OCI_BALANCE_YOY,TOTAL_COMPRE_INCOME,TOTAL_COMPRE_INCOME_YOY,PARENT_TCI,PARENT_TCI_YOY,MINORITY_TCI,MINORITY_TCI_YOY,PRECOMBINE_TCI,PRECOMBINE_TCI_YOY,EFFECT_TCI_BALANCE,EFFECT_TCI_BALANCE_YOY,TCI_OTHER,TCI_OTHER_YOY,TCI_BALANCE,TCI_BALANCE_YOY,ACF_END_INCOME,ACF_END_INCOME_YOY,OPINION_TYPE
688271.SH,688271,联影医疗,10477590,通用,2026-03-31 00:00:00,一季报,2026一季报,058001001,2026-04-29 00:00:00,2026-04-29 00:00:00,CNY,2907566494.56,17.3376279997,2907566494.56,17.3376279997,,,,,,,,,,,2559729801.02,20.0175241319,1536316521.02,23.8509776283,,,,,377950276.05,-0.2432947733,,,,,,,,,,,,,16885670.78,16.6187692892,448170487.57,16.6787983686,138422825.87,5.0084665926,,,41984019.73,347.8797244239,6453248.12,91.0240195846,-16628678.28,19.9162550837,,,,,,,3181436.71,108.2216621717,18431365.97,26.85596618,-2456540.83,48.747121734,,,,,270.61,,-60924.15,-15.6757055415,-39140889.79,-3.0507301891,155728179.82,34.4656770467,,,0,,485976132.71,21.8707465503,428433.66,-27.5634415104,,,5285373.54,243.9733848366,,,,,0,,481119192.83,20.9393834336,88675709.11,174.5951423892,,,,,,,392443483.72,7.3642742204,,,392443483.72,7.3642742204,,,398869282.78,7.7785596595,-6425799.06,-41.0090595558,371861638.8,-1.754461164,,,,,0.48,6.6666666667,0.48,6.6666666667,-45317063.95,-1879.3766146974,-45317063.95,-1879.3766146974,,,,,,,,,,,,,,,,,,,,,-45317063.95,-1879.3766146974,,,,,,,,,,,,,,,-45317063.95,-1879.3766146974,,,,,,,,,347126419.77,-4.4349501235,353552218.83,-3.8718915213,-6425799.06,-41.0090595558,,,,,,,,,,,
688271.SH,688271,联影医疗,10477590,通用,2025-12-31 00:00:00,年报,2025年报,058001001,2026-04-29 00:00:00,2026-04-29 00:00:00,CNY,13800251663.95,33.9816680053,13800251663.95,33.9816680053,,,,,,,,,,,12083533906.88,28.7499658039,7312582446.96,37.9690437226,,,,,1841943294.35,4.5687281715,,,,,,,,,,,,,71322317.07,25.609087477,2261407623.18,24.0359631027,626904263.9,12.7596435124,,,-30626038.58,72.7259864195,18769868.0,106.8711406716,85727321.21,-26.2706745927,,,,,,,-37113946.49,-200.3077411557,80512625.69,-17.9062395687,2099622.17,137.3371201338,,,,,-641405.91,26.2615318188,1303061.74,-90.5867016081,-194450990.75,-38.1854261824,433981526.27,-2.2989919289,,,0,,2000308627.62,46.3973342581,6189198.45,11.5911312117,,,25102821.54,24.303929516,,,,,0,,1981395004.53,46.5845964484,137347560.82,25.1076381291,,,,,,,1844047443.71,48.4831151525,,,1844047443.71,48.4831151525,,,1869300805.65,48.1374165742,-25253361.94,-26.6121391818,1769843181.21,75.1758986963,,,,,2.28,48.0519480519,2.28,48.0519480519,-37939903.16,-725.2160891733,-37939903.16,-725.2160891733,,,,,,,,,,,,,,,,,,,,,-37939903.16,-725.2160891733,,,,,,,,,,,,,,,-37939903.16,-725.2160891733,,,,,,,,,1806107540.55,44.7210499222,1831360902.49,44.4361854706,-25253361.94,-26.6121391818,,,,,,,,,,,标准无保留意见
688271.SH,688271,联影医疗,10477590,通用,2025-09-30 00:00:00,三季报,2025三季报,058001001,2025-10-30 00:00:00,2025-10-30 00:00:00,CNY,8858916392.73,27.3879157689,8858916392.73,27.3879157689,,,,,,,,,,,7918571581.46,19.8278487888,4693777044.5,28.6033159455,,,,,1250296831.18,-5.1079311605,,,,,,,,,,,,,48407236.0,32.4058882418,1522649084.89,21.4726766172,447264729.43,8.6280863791,,,-43823344.54,28.0517411598,12749994.04,147.5530787007,-64558314.78,29.67114014,,,,,,,-41816402.32,-6688.1738407239,60684708.13,-15.9918382939,1819238.99,119.961502973,,,,,-641241.48,-202.8699138153,480051.63,-99.0485761388,-96889157.34,10.2273591031,318963467.13,-10.1948269194,,,0,,1181126237.02,64.6881348955,4587989.54,26.2483703556,,,7161500.29,-20.1043326591,,,,,0,,1178552726.27,65.5595826474,76246522.85,42.5950659535,,,,,,,1102306203.42,67.4246303814,,,1102306203.42,67.4246303814,,,1120234330.0,66.9094080519,-17928126.58,-40.3532552193,1053226533.66,126.941343243,,,,,1.36,65.8536585366,1.36,65.8536585366,-15265169.31,-94.2826636772,-15265169.31,-94.2826636772,,,,,,,,,,,,,,,,,,,,,-15265169.31,-94.2826636772,,,,,,,,,,,,,,,-15265169.31,-94.2826636772,,,,,,,,,1087041034.11,67.1002363089,1104969160.69,66.5851579083,-17928126.58,-40.3532552193,,,,,,,,,,,
688271.SH,688271,联影医疗,10477590,通用,2025-06-30 00:00:00,中报,2025中报,058001001,2025-08-30 00:00:00,2025-08-30 00:00:00,CNY,6015901402.16,12.7949171817,6015901402.16,12.7949171817,,,,,,,,,,,5075101040.91,11.1784094627,3132664301.76,15.646537656,,,,,766458924.01,-7.2109379071,,,,,,,,,,,,,30107015.65,10.7951547849,938304878.27,13.1299516159,257182484.27,7.72299513,,,-49616563.05,24.0708604363,5292016.92,54.7050428429,44496516.79,-37.3009746381,,,,,,,-45441421.76,-713.2055819572,39841032.04,-11.5319005516,-1073833.88,84.2287199713,,,,,-640729.77,-202.8608384649,-197713.08,-100.5002825785,-72911342.79,0.7892525177,215480112.85,-14.6620922839,,,0,,1076930298.74,3.5252065602,2148497.13,38.4357204043,,,6106665.13,203.3336567679,,,,,0,,1072972130.74,3.1904580923,85076398.44,-10.6645246428,,,,,,,987895732.3,4.5873382027,,,987895732.3,4.5873382027,,,998018064.12,5.0311031823,-10122331.82,-79.2643296129,965612481.04,21.0140164144,,,,,1.21,4.3103448276,1.21,4.3103448276,-3315448.42,-248.4659467578,-3315448.42,-248.4659467578,,,,,,,,,,,,,,,,,,,,,-3315448.42,-248.4659467578,,,,,,,,,,,,,,,-3315448.42,-248.4659467578,,,,,,,,,984580283.88,3.9904817979,994702615.7,4.4367447889,-10122331.82,-79.2643296129,,,,,,,,,,,
688271.SH,688271,联影医疗,10477590,通用,2025-03-31 00:00:00,一季报,2025一季报,058001001,2025-04-29 00:00:00,2026-04-29 00:00:00,CNY,2477948927.49,5.4231754453,2477948927.49,5.4231754453,,,,,,,,,,,2132796705.76,3.7790331701,1240455707.69,4.6459803311,,,,,378872051.95,-9.7239860267,,,,,,,,,,,,,14479376.59,21.9719655196,384106190.53,7.3797494088,131820633.48,8.7815979201,,,-16937254.48,58.3757081811,3378239.1,380.1846183446,-20764111.74,47.0411433378,,,,,,,-38695784.91,-595.9652174748,14529364.7,-6.2681795388,-4792981.22,-10.1519351382,,,,,,,-52668.06,-102.5324570949,-37982156.67,-48.4601705404,115812587.45,10.0223975004,,,0,,398763564.24,-0.410515079,591460.54,-37.7652326283,,,1536564.68,-4.9817366693,,,,,0,,397818460.1,-0.4808320956,32293254.84,-14.5639708016,,,,,,,365525205.26,0.9898905957,,,365525205.26,0.9898905957,,,370082216.76,1.8674755761,-4557011.5,-236.224261976,378502314.92,26.085509191,,,,,0.45,2.2727272727,0.45,2.2727272727,-2289461.42,-319.0205134272,-2289461.42,-319.0205134272,,,,,,,,,,,,,,,,,,,,,-2289461.42,-319.0205134272,,,,,,,,,,,,,,,-2289461.42,-319.0205134272,,,,,,,,,363235743.84,0.0683367031,367792755.34,0.9468320106,-4557011.5,-236.224261976,,,,,,,,,,,
688271.SH,688271,联影医疗,10477590,通用,2024-12-31 00:00:00,年报,2024年报,058001001,2025-04-29 00:00:00,2026-04-29 00:00:00,CNY,10300104386.97,-9.733450446,10300104386.97,-9.733450446,,,,,,,,,,,9385271546.62,-4.7948621868,5300161724.44,-12.2367538217,,,,,1761466670.35,1.9047990977,,,,,,,,,,,,,56781176.03,-18.2910212561,1823187055.28,13.3164022303,555965099.19,-0.845642327,,,-112290178.67,24.5803186189,9073217.24,29.2071050859,116273030.76,-33.4333797927,,,,,,,37000082.01,710.2856690248,98073989.14,-11.1206902662,-5623417.56,64.5702296114,,,,,-869838.94,-6560.7336741568,13842775.25,132.2780241489,-140717437.52,-138.574348673,444193498.96,-24.2338397175,,,0,,1366355909.25,-36.1967691117,5546317.51,-47.3461207127,,,20194712.78,106.1926295053,,,,,0,,1351707513.98,-36.9025760363,109783513.52,-33.262248044,,,,,,,1241924000.46,-37.2053605221,,,1241924000.46,-37.2053605221,,,1261869451.27,-36.0849738364,-19945450.81,-676.0437389988,1010323448.82,-39.3154096142,,,,,1.54,-35.8333333333,1.54,-35.8333333333,6068286.44,-55.8689246025,6068286.44,-55.8689246025,,,,,,,,,,,,,,,,,,,,,6068286.44,-36.0365314934,,,,,,,,,,,,,,,6068286.44,-36.0365314934,,,,,,,,,1247992286.9,-37.3342254263,1267937737.71,-36.2218125017,-19945450.81,-676.0437389988,,,,,,,,,,,标准无保留意见
688271.SH,688271,联影医疗,10477590,通用,2024-09-30 00:00:00,三季报,2024三季报,058001001,2024-10-31 00:00:00,2025-10-30 00:00:00,CNY,6954283174.55,-6.4333659576,6954283174.55,-6.4333659576,,,,,,,,,,,6608289860.41,-1.8081350487,3649810278.99,-4.3367463802,,,,,1317598874.67,-3.79472451,,,,,,,,,,,,,36559730.57,-22.0212386337,1253491013.2,0.0285132799,411739490.53,8.3602644608,,,-60909527.55,54.832600719,5150408.19,-1.5124842796,-91794911.66,36.2499199271,,,,,,,634719.17,111.45172378,72236681.41,-11.0516261851,-9113737.54,23.3521680102,,,,,623351.82,4529.9457495388,50456126.82,1199.8617727734,-107927266.45,-7656.5870374903,355172710.2,-8.6545166438,,,0,,717189637.11,-38.3756758651,3634098.03,-65.8140450071,,,8963565.27,11.9900664691,,,,,0,,711860169.87,-38.9713386396,53470659.97,-46.9911168439,,,,,,,658389509.9,-38.2121504813,,,658389509.9,-38.2121504813,,,671163083.66,-36.9377860609,-12773573.76,-1099.9084646955,464096368.96,-43.9997084273,,,,,0.82,-36.4341085271,0.82,-36.4341085271,-7857195.81,-256.1634235318,-7857195.81,-256.1634235318,,,,,,,,,,,,,,,,,,,,,-7857195.81,-229.3677025363,,,,,,,,,,,,,,,-7857195.81,-229.3677025363,,,,,,,,,650532314.09,-39.2364383124,663305887.85,-37.9692937511,-12773573.76,-1099.9084646955,,,,,,,,,,,
688271.SH,688271,联影医疗,10477590,通用,2024-06-30 00:00:00,中报,2024中报,058001001,2024-08-31 00:00:00,2025-08-30 00:00:00,CNY,5333486253.17,1.1788346633,5333486253.17,1.1788346633,,,,,,,,,,,4564826089.38,-0.2440095025,2708826710.47,0.1974195847,,,,,826022924.17,-6.6884259654,,,,,,,,,,,,,27173585.08,-20.4344743187,829404472.35,0.6506988945,238744275.5,-3.1844482475,,,-65345878.19,44.3961484572,3420713.91,-0.3699217985,70968434.57,-29.9213676584,,,,,,,7410470.99,205.1285043065,45034348.3,-7.8580503972,-6808793.44,48.0051421779,,,,,622909.34,4526.6592292632,39520280.84,2892.5239634762,-73491375.32,-311.1246156262,252502221.6,-7.541111803,,,0,,1040259019.54,-0.5887853321,1551981.76,-81.2269218081,,,2013184.16,-72.8149890741,,,,,0,,1039797817.14,-0.7146060075,95232490.9,-11.4810489316,,,,,,,944565326.24,0.5180249616,,,944565326.24,0.5180249616,,,950211921.88,1.3260062674,-5646595.64,-394.0142049283,797934412.6,1.3918200734,,,,,1.16,1.7543859649,1.16,1.7543859649,2233137.29,-82.4699794128,2233137.29,-82.4699794128,,,,,,,,,,,,,,,,,,,,,2233137.29,-82.4699794128,,,,,,,,,,,,,,,2233137.29,-82.4699794128,,,,,,,,,946798463.53,-0.5919478432,952445059.17,0.2029620963,-5646595.64,-394.0142049283,,,,,,,,,,,
688271.SH,688271,联影医疗,10477590,通用,2024-03-31 00:00:00,一季报,2024一季报,058001001,2024-04-27 00:00:00,2025-04-29 00:00:00,CNY,2350478362.11,6.2185248073,2350478362.11,6.2185248073,,,,,,,,,,,2055132564.46,5.4401643352,1185383044.59,7.6849580814,,,,,419681857.09,1.7514402664,,,,,,,,,,,,,11871069.33,-40.1641831092,357708220.26,6.9838694483,121179166.33,4.4102722489,,,-40690793.14,-18.2714323738,703529.22,-46.3605501839,-39208006.08,18.3424456066,,,,,,,7802116.67,-40.365703346,15500994.89,111.9268756636,-4351245.59,-38.7393499047,,,,,,,2079721.71,113.5167848463,-25584071.83,-87.015360491,105262737.48,-2.6088407257,,,0,,400407296.57,10.242332422,950369.97,25.9318753016,,,1617125.62,-63.4171312903,,,,,0,,399740540.92,11.1808855094,37798169.16,11.1250197376,,,,,,,361942371.76,11.1867228928,,,361942371.76,11.1867228928,,,363297720.56,10.2040352023,-1355348.8,67.2032452949,300194937.03,8.5219419935,,,,,0.44,10.0,0.44,10.0,1045318.26,121.7427298297,1045318.26,121.7427298297,,,,,,,,,,,,,,,,,,,,,1045318.26,121.7427298297,,,,,,,,,,,,,,,1045318.26,121.7427298297,,,,,,,,,362987690.02,13.1793731115,364343038.82,12.1567927258,-1355348.8,67.2032452949,,,,,,,,,,,
688271.SH,688271,联影医疗,10477590,通用,2023-12-31 00:00:00,年报,2023年报,058001001,2024-04-27 00:00:00,2025-04-29 00:00:00,CNY,11410765602.39,23.518229536,11410765602.39,23.518229536,,,,,,,,,,,9857946495.53,26.803662053,6039158708.5,26.607146481,,,,,1728541428.81,32.3256168799,,,,,,,,,,,,,69491966.37,81.1998002264,1608934822.67,21.1836707589,560706672.14,30.2165390351,,,-148887102.96,-50.8095140319,7022227.79,9.3075909242,174671675.38,82.9682421511,,,,,,,-6062747.97,-121.2731393767,110345129.18,771.1221467524,-15872012.43,-107.4618111003,,,,,13463.47,2412.3574471009,-42886067.58,42.6247023923,-58982635.1,37.5777273715,586268985.13,-1.0302933548,,,0,,2141515233.99,11.0604265189,10533540.14,332.2950402673,,,9794100.22,-10.0186844189,,,,,0,,2142254673.91,11.5876574949,164499867.47,-39.0085544661,,,,,,,1977754806.44,19.8577077403,,,1977754806.44,19.8577077403,,,1974292317.49,19.2145009612,3462488.95,157.7234530972,1664876441.28,25.3822623262,,,,,2.4,9.5890410959,2.4,9.5890410959,13750597.25,-36.2327217821,13750597.25,-36.2327217821,,,,,,,4263484.4,309.1069350524,,,,,,,4263484.4,309.1069350524,,,,,9487112.85,-53.7700563492,,,,,,,,,,,,,,,9487112.85,-53.7700563492,,,,,,,,,1991505403.69,19.1341598781,1988042914.74,18.5018076225,3462488.95,157.7234530972,,,,,,,,,,,标准无保留意见
688271.SH,688271,联影医疗,10477590,通用,2023-09-30 00:00:00,三季报,2023三季报,058001001,2023-10-28 00:00:00,2024-10-31 00:00:00,CNY,7432439187.03,26.8643945005,7432439187.03,26.8643945005,,,,,,,,,,,6729976932.09,31.231595377,3815268811.05,20.1532615676,,,,,1369570294.31,57.7895803152,,,,,,,,,,,,,46884215.56,126.2495944981,1253133703.68,43.5159774469,379972762.69,39.6157099033,,,-134852855.2,-66.4184733003,5229503.61,12.0187660425,-143991837.43,-152.4039214081,,,,,,,-5542564.44,-539.9481237937,81211919.13,3191.8967800535,-11890404.86,6.6438892317,,,,,13463.48,2412.3591646057,-4587497.09,73.2939563341,1428254.13,102.3030890086,388823505.17,5.0403729548,,,0,,1163809335.32,14.1151531238,10630383.24,522.8362633862,,,8003893.16,-9.5905693057,,,,,0,,1166435825.4,15.1797583551,100871131.0,-24.3231382585,,,,,,,1065564694.4,21.1671517684,,,1065564694.4,21.1671517684,,,1064287220.09,18.4113849836,1277474.31,106.589106246,828739201.04,15.1108321308,,,,,1.29,5.737704918,1.29,5.737704918,5031393.16,-60.8279625603,5031393.16,-60.8279625603,,,,,,,-1042144.25,,,,-1042144.25,,,,,,,,,,6073537.41,-52.7143224052,,,,,,,,,,,,,,,6073537.41,-52.7143224052,,,,,,,,,1070596087.56,19.9868095976,1069318613.25,17.2949710429,1277474.31,106.589106246,,,,,,,,,,,
688271.SH,688271,联影医疗,10477590,通用,2023-06-30 00:00:00,中报,2023中报,058001001,2023-08-19 00:00:00,2024-08-31 00:00:00,CNY,5271345801.64,26.3499925872,5271345801.64,26.3499925872,,,,,,,,,,,4575991944.56,33.1838845419,2703489492.74,20.3486111655,,,,,885230940.23,75.0013265327,,,,,,,,,,,,,34152460.94,232.7822713756,824042437.32,55.9003200884,246597030.31,48.6347727078,,,-117520416.98,-456.4384108801,3433414.86,-7.6569079155,101269719.74,481.5656549719,,,,,,,-7048964.54,-10632.6391528661,48874967.91,3584.515351009,-13095128.49,-54.6884282488,,,,,13463.48,2412.3591646057,1320633.73,108.692462578,34809477.38,153.930314534,273096753.08,21.1683079106,,,0,,1046420188.12,18.4785369539,8267060.65,785.4055108211,,,7405493.29,6.2043612947,,,,,0,,1047281755.48,19.3924569399,107584296.64,-9.5638634663,,,,,,,939697458.84,23.9356202646,,,939697458.84,23.9356202646,,,937776940.87,21.1860771111,1920517.97,112.2967805551,786981052.34,14.4376161399,,,,,1.14,6.5420560748,1.14,6.5420560748,12738931.36,27.9155350865,12738931.36,27.9155350865,,,,,,,,,,,,,,,,,,,,,12738931.36,27.9155350865,,,,,,,,,,,,,,,12738931.36,27.9155350865,,,,,,,,,952436390.2,23.9872172604,950515872.23,21.2715817072,1920517.97,112.2967805551,,,,,,,,,,,
688271.SH,688271,联影医疗,10477590,通用,2023-03-31 00:00:00,一季报,2023一季报,058001001,2023-04-28 00:00:00,2024-04-27 00:00:00,CNY,2212870463.39,33.416652869,2212870463.39,33.416652869,,,,,,,,,,,1949098408.01,40.4648601191,1100787951.92,31.5093805625,,,,,412457903.29,83.0592069739,,,,,,,,,,,,,19839403.8,228.2296017458,334357153.19,34.1182599809,116060578.83,45.4902568324,,,-34404583.02,-248.7079007035,1311589.18,-16.5376760317,-48015160.84,-437.6004595857,,,,,,,13083271.05,36020.0106179533,7314312.94,461.8683746202,-3136273.59,33.0571122113,,,,,20820.01,-97.1624861331,-15386215.98,-40.7627997009,-13680198.12,49.9434676187,108082436.09,-16.2639403303,,,0,,363206481.37,0.7299614204,754669.91,137.1538113931,,,4420445.08,-23.6835402076,,,,,0,,359540706.2,1.2504396028,34014094.44,-36.3255422245,,,,,,,325526611.76,7.9040153122,,,325526611.76,,,,329659181.62,7.6810732815,-4132569.86,7.3910250237,276621420.07,3.1396111515,,,,,0.4,-4.7619047619,0.4,-4.7619047619,-4807667.98,8.716777761,-4807667.98,8.716777761,,,,,,,,,,,,,,,,,,,,,-4807667.98,8.716777761,,,,,,,,,,,,,,,-4807667.98,8.716777761,,,,,,,,,320718943.78,8.199336927,324851513.64,7.9681123793,-4132569.86,7.3910250237,,,,,,,,,,,
688271.SH,688271,联影医疗,10477590,通用,2022-12-31 00:00:00,年报,2022年报,058001001,2023-04-28 00:00:00,2024-04-27 00:00:00,CNY,9238122700.8,27.3564084144,9238122700.8,27.3564084144,,,,,,,,,,,7774181230.99,29.4790906063,4769998279.21,30.022336036,,,,,1306278761.11,34.8971954774,,,,,,,,,,,,,38351017.1,-11.0824545152,1327682857.43,28.9755677591,430595588.16,34.9237679277,,,-98725272.02,-304.1213221467,6424281.91,13.3913389774,95465570.05,239.207472782,,,,,,,28499545.19,369.1772644879,12667009.97,-79.6513932741,-7650570.65,-150.4401140333,,,,,-582.24,99.6665591926,-74746571.03,-196.6350612439,-94489727.17,-390.0566394567,592372156.09,34.7629446665,,,0,,1928243300.62,13.6847613405,2436655.33,-76.7455604367,,,10884593.27,20.040870321,,,,,0,,1919795362.68,13.0926207909,269709737.21,-8.2723508343,,,,,,,1650085625.47,17.5685516574,,,1650085625.47,17.5685516574,,,1656084034.72,16.8573082241,-5998409.25,56.1374305488,1327840485.88,13.9097775866,,,,,2.19,11.7346938776,2.19,11.7346938776,21563719.88,180.9603630402,21563719.88,180.9603630402,,,,,,,1042144.25,,,,,,,,1042144.25,,,,,,20521575.63,177.0476625743,,,,,,,,,,,,,,,20521575.63,177.0476625743,,,,,,,,,1671649345.35,21.40898881,1677647754.6,20.646353004,-5998409.25,56.1374305488,,,,,,,,,,,标准无保留意见
688271.SH,688271,联影医疗,10477590,通用,2022-09-30 00:00:00,三季报,2022三季报,058001001,2022-10-29 00:00:00,2023-10-28 00:00:00,CNY,5858569866.11,25.5474365237,5858569866.11,25.5474365237,,,,,,,,,,,5128320594.41,27.6263338627,3175335202.12,38.1674720017,,,,,867972581.95,18.2336939462,,,,,,,,,,,,,20722342.36,-20.2682836433,873166685.67,15.9638091744,272156165.63,20.5615040759,,,-81032383.32,-331.9579751699,4668417.44,23.8077985255,-57048177.63,-112.3282657762,,,,,,,1259822.27,138.3852029127,-2626605.12,-106.9577900313,-12736611.2,-9.5081150187,,,,,-582.24,-100.3463798681,-17177748.78,14.973602917,-62014716.96,-85.6786413048,370165769.82,23.4203685868,,,0,,1019855210.69,9.7626240275,1706770.12,-78.0088558759,,,8852940.56,11.9437043988,,,,,0,,1012709040.25,9.0107844047,133291905.45,-22.3690349373,,,,,,,879417134.8,16.1254015694,,,879417134.8,16.1254015694,,,898804806.85,16.6157202597,-19387672.05,-44.2411981138,719948927.22,,,,,,1.22,15.0943396226,1.22,15.0943396226,12844348.9,281.2574575455,12844348.9,281.2574575455,,,,,,,,,,,,,,,,,,,,,12844348.9,281.2574575455,,,,,,,,,,,,,,,12844348.9,281.2574575455,,,,,,,,,892261483.7,18.9343734094,911649155.75,19.3798010026,-19387672.05,-44.2411981138,,,,,,,,,,,
688271.SH,688271,联影医疗,10477590,通用,2022-06-30 00:00:00,中报,2022中报,058001001,2022-08-19 00:00:00,2023-08-19 00:00:00,CNY,4172019082.63,35.2258110596,4172019082.63,35.2258110596,,,,,,,,,,,3435845080.13,36.1890984122,2246381962.0,50.6300630585,,,,,505842417.18,11.1934045429,,,,,,,,,,,,,10262704.44,-46.7512721154,528570074.04,20.7404177767,165908034.72,24.259755675,,,-21120112.25,-51.2860469827,3718106.88,210.8719537759,17413290.98,13.7422720275,,,,,,,66924.96,-96.5541026798,1326496.52,-90.9309526318,-8465486.81,-0.9006318255,,,,,-582.24,-100.7317900854,-15192860.69,-27.2715073062,-64545289.01,-189.1631462303,225386289.36,8.1888117718,,,0,,883214981.4,17.2785769973,933703.32,-87.0905771824,,,6972871.17,181.0199401941,,,,,0,,877175813.55,15.7463854009,118961623.93,0.5832443236,,,,,,,758214189.62,18.550408368,,,758214189.62,,,,773832244.78,19.5241029543,-15618055.16,-98.7878178566,687694377.85,22.9823809523,,,,,1.07,20.2247191011,1.07,20.2247191011,9958861.8,1425.3247333527,9958861.8,1425.3247333527,,,,,,,,,,,,,,,,,,,,,9958861.8,1425.3247333527,,,,,,,,,,,,,,,9958861.8,1425.3247333527,,,,,,,,,768173051.42,20.2488035088,783791106.58,21.202995251,-15618055.16,-98.7878178566,,,,,,,,,,,
688271.SH,688271,联影医疗,10477590,通用,2022-03-31 00:00:00,一季报,2022一季报,058001001,2022-07-29 00:00:00,2023-04-28 00:00:00,CNY,1658616383.94,20.0439543263,1658616383.94,20.0439543263,,,,,,,,,,,1387605701.78,19.6284940932,837041393.71,24.008178632,,,,,225313935.37,8.7031903839,,,,,,,,,,,,,6044367.63,-36.6864810565,249300246.84,17.7857411002,79772062.65,22.8320781919,,,-9866304.42,-16.338981669,1571474.55,-15.8538123965,-8931383.89,-198.1007785072,,,,,,,36221.67,-96.3309557497,-2021263.38,-118.1783329033,-4684998.95,-66.7865619642,,,,,733741.26,,-10930598.15,-43.1280573215,-27329496.21,-115.6536258168,129075139.81,-4.8319310121,,,0,,360574427.16,3.2660747916,318219.6,-91.5041557191,,,5792256.47,348.9554392624,,,,,0,,355100390.29,0.9881805693,53418742.19,-5.3481866275,,,,,,,301681648.1,2.1996305572,,,,,,,306144034.02,1.8883935295,-4462385.92,15.5073378418,268200953.04,6.0538073884,,,,,0.42,2.4390243902,0.42,2.4390243902,-5266759.72,-143.1908929493,-5266759.72,-143.1908929493,,,,,,,,,,,,,,,,,,,,,-5266759.72,-143.1908929493,,,,,,,,,,,,,,,-5266759.72,-143.1908929493,,,,,,,,,296414888.38,-3.5681397115,300877274.3,-3.769811543,-4462385.92,15.5073378418,,,,,,,,,,,
688271.SH,688271,联影医疗,10477590,通用,2021-12-31 00:00:00,年报,2021年报,058001001,2022-04-08 00:00:00,2023-04-28 00:00:00,CNY,7253755673.4,25.9106609741,7253755673.4,25.9106609741,,,,,,,,,,,6004198202.65,21.0051378873,3668599122.76,23.9258117296,,,,,968351311.15,28.159669933,,,,,,,,,,,,,43130989.38,-8.198174868,1029406484.11,36.13081205,319139907.5,-18.1292052089,,,-24429612.25,-200.5706606948,5665584.31,-88.4486002308,28143710.77,21.8204958097,,,,,,,-10587649.46,-315.8131286363,62250011.22,116.051995824,-3054850.33,68.6284964564,,,,,-174615.7,-307.7007712547,-25198157.87,,-19281389.04,,439566052.49,26.3494329085,,,0,,1696131722.39,43.6429787586,10478237.17,14.6632948017,,,9067406.16,-74.0404158494,,,,,0,,1697542553.4,46.9725987112,294033194.64,34.6542290138,,,,,,,1403509358.76,49.8444028109,,,1403509358.76,,,,1417184821.29,56.9564650105,-13675462.53,-140.5455529312,1165694915.76,32.8098694555,,,,,1.96,50.7692307692,1.96,50.7692307692,-26634910.06,-1.9503782588,-26634910.06,-2.0738377733,,,,,,,,,,,,,,,,,,,,,-26634910.06,-2.0738377733,,,,,,,,,,,,,,,-26634910.06,-2.0738377733,,,,,,,,,1376874448.7,51.2186176976,1390549911.23,58.5897433346,-13675462.53,-140.5835739726,,,,,,,,,,,标准无保留意见
688271.SH,688271,联影医疗,10477590,通用,2021-09-30 00:00:00,三季报,2021三季报,058001001,2022-10-29 00:00:00,2022-10-29 00:00:00,CNY,4666419345.81,,4666419345.81,,,,,,,,,,,,4018230751.6,,2298178548.19,,,,,,734116099.21,,,,,,,,,,,,,,25990086.89,,752964818.84,,225740519.51,,,,-18759321.04,,3770697.4,,-26867914.84,,,,,,,,-3282051.87,,37750566.03,,-11630746.45,,,,,,168092.91,,-20202842.14,,-33398950.21,,299922755.1,,,,0,,929146164.03,,7761170.18,,,,7908386.28,,,,,,0,,928998947.93,,171699405.44,,,,,,,,757299542.49,,,,757299542.49,,,,770740689.89,,-13441147.4,,,,,,,,1.06,,1.06,,-7086245.76,,-7086245.76,,,,,,,,,,,,,,,,,,,,,,-7086245.76,,,,,,,,,,,,,,,,-7086245.76,,,,,,,,,,750213296.73,,763654444.13,,-13441147.4,,,,,,,,,,,,
688271.SH,688271,联影医疗,10477590,通用,2021-06-30 00:00:00,中报,2021中报,058001001,2021-12-31 00:00:00,2022-08-19 00:00:00,CNY,3085223930.21,,3085223930.21,,,,,,,,,,,,2522848833.12,,1491323787.82,,,,,,454921242.19,,,,,,,,,,,,,,19273144.82,,437773931.69,,133517110.04,,,,-13960383.44,,-3353514.35,,15309427.77,,,,,,,,1942163.5,,14626635.7,,-8389924.48,,,,,,79563.8,,-11937362.11,,-22321409.16,,208326799.85,,,,0,,753091488.67,,7232727.08,,,,2481272.74,,,,,,0,,757842943.01,,118271810.31,,,,,,,,639571132.7,,,,,,,,647427778.71,,-7856646.01,,559181219.72,,,,,,0.89,,0.89,,-751428.05,,-751428.05,,,,,,,,,,,,,,,,,,,,,,-751428.05,,,,,,,,,,,,,,,,-751428.05,,,,,,,,,,638819704.65,,646676350.66,,-7856646.01,,,,,,,,,,,,标准无保留意见
688271.SH,688271,联影医疗,10477590,通用,2021-03-31 00:00:00,一季报,2021一季报,058001001,2022-07-29 00:00:00,2022-07-29 00:00:00,CNY,1381674231.95,,1381674231.95,,,,,,,,,,,,1159929089.05,,674988861.98,,,,,,207274445.74,,,,,,,,,,,,,,9546725.14,,211655710.2,,64943998.2,,,,-8480652.21,,1867552.88,,9104294.61,,,,,,,,987223.58,,11119080.01,,-2808978.67,,,,,,,,-7636936.01,,-12672866.55,,135628621.22,,,,0,,349170265.15,,3745591.25,,,,1290162.89,,,,,,0,,351625693.51,,56437103.83,,,,,,,,295188589.68,,,,,,,,300469978.39,,-5281388.71,,252891395.08,,,,,,0.41,,0.41,,12194144.09,,12194144.09,,,,,,,,,,,,,,,,,,,,,,12194144.09,,,,,,,,,,,,,,,,12194144.09,,,,,,,,,,307382733.77,,312664122.48,,-5281388.71,,,,,,,,,,,,
688271.SH,688271,联影医疗,10477590,通用,2020-12-31 00:00:00,年报,2020年报,058001001,2021-12-31 00:00:00,2022-07-29 00:00:00,CNY,5761033749.87,93.3589746245,5761033749.87,93.3589746245,,,,,,,,,,,4961936581.77,47.7112723012,2960318816.2,70.696870582,,,,,755581932.8,30.5698994818,,,,,,,,,,,,,46982714.47,61.6943608921,756189189.36,8.9091926869,389809221.12,90.0765010684,,,24290993.1,-38.7907113489,49046733.93,-22.8406003674,23102607.31,-7.3539614706,6670846.09,-85.7116487662,22092868.63,-29.7282576551,,,4905933.91,500.0923428078,28812513.85,34.4112966103,-9737659.93,31.4271458428,,,,,84070.8,-99.6948022441,,,,,347897131.29,13.3364290581,,,0,,1180796817.95,5233.0709272264,9138266.25,-6.69263288,,,34928934.56,306.8872514898,,,,,0,,1155006149.64,5399.5515515365,218361648.79,731.752621834,,,,,,,936644500.85,2049.4091691257,18641590.2,-46.1362177697,,,,,902915863.45,1328.126258097,33728637.4,32.4136157687,877717085.74,444.1185172677,,,,,1.3,,1.3,,-26125366.59,-27026.1957189078,-26093767.65,-25342.6941941115,-31598.94,-605.7035997382,,,,,,,,,,,,,,,,,,,-26093767.65,-25342.6941941115,,,,,,,,,,,,,,,-26093767.65,-25342.6941941115,,,,,,,,,910519134.26,1991.2442920894,876822095.8,1290.972701791,33697038.46,32.257119403,,,,,,,,,,,标准无保留意见
688271.SH,688271,联影医疗,10477590,通用,2019-12-31 00:00:00,年报,2019年报,058001001,2021-12-31 00:00:00,2022-07-29 00:00:00,CNY,2979449886.44,46.4333126288,2979449886.44,46.4333126288,,,,,,,,,,,3359213216.75,31.4449727572,1734254884.76,39.8610342583,,,,,578680029.47,4.9559558918,,,,,,,,,,,,,29056495.36,-9.8107449921,694329992.45,46.9895697727,205080175.05,16.0993578675,,,39685141.97,16.0361839216,63565468.58,49.4058264574,24936422.19,44.3498680988,46687304.79,-4.403821615,31439192.9,,,,817529.83,3948.2716120298,21436080.58,-78.9903156346,-14200458.84,-2074.8941543089,,,,,27546336.23,29486.8050324666,,,,,306959672.35,31.9470994624,,,0,,-23003711.32,87.6418836163,9793724.26,-7.9285002502,,,8584425.89,119.0340128555,,,,,0,,-21794412.95,87.8531682598,26253196.33,155.4492526772,,,,,,,-48047609.28,63.6218812241,34608765.72,321.5409982577,,,,,-73519791.43,41.5329500546,25472182.15,502.2363891172,-255062439.74,15.1763145469,,,,,,,,,-96310.47,-122.6328431666,-102558.98,-120.8988336212,6248.51,109.5827092224,,,,,,,,,,,,,,,,,,,-102558.98,-120.8988336212,,,,,,,,,,,,,,,-102558.98,-108.8856096597,,,,,,,,,-48143919.75,63.4311433146,-73622350.41,41.222000008,25478430.66,498.2345092423,,,,,,,,,,,标准无保留意见
688271.SH,688271,联影医疗,10477590,通用,2018-12-31 00:00:00,年报,2018年报,058001001,2021-12-31 00:00:00,2021-12-31 00:00:00,CNY,2034680383.14,,2034680383.14,,,,,,,,,,,,2555604178.91,,1239984312.97,,,,,,551355113.25,,,,,,,,,,,,,,32217247.34,,472366844.48,,176641954.63,,,,34200661.06,,42545508.49,,17274987.86,,48838045.18,,,,,,20194.54,,102029522.23,,719049.11,,,,,,93103.45,,,,,,232638438.89,,,,0,,-186142536.66,,10637085.62,,,,3919220.48,,,,,,0,,-179424671.52,,-47346348.35,,,,,,,,-132078323.17,,8210059.25,,,,,,-125745683.25,,-6332639.92,,-300697191.33,,,,,,,,,,425534.12,,490740.21,,-65206.09,,,,,,,,,,,,,,,,,,,,490740.21,,,,-663474.12,,,,,,,,,,,,1154214.33,,,,,,,,,,-131652789.05,,-125254943.04,,-6397846.01,,,,,,,,,,,,标准无保留意见
